Time_s,Time_min,Time_hr,Ambient_Temp_C,Milk_Temp_C,PCM_Temp_C,PCM_Phase_Fraction,PCM_Heat_Removal_W,Ambient_Heat_Influx_W,Cumulative_Heat_Removed_kJ,PCM_Available_Capacity_kJ,PCM_Remaining_Capacity_kJ,Milk_Volume_L,Milk_Mass_kg,Insulation_Thickness_mm,PCM_Mass_kg,Target_Temp_C,Cooling_Status,Model_Status
0,0,0,35,30,2,0,714,41.25,0,768,768,20,20.6,20,3,5,WARM INITIAL,PCM CAPACITY INSUFFICIENT
10,0.166666666666667,0.00277777777777778,35,29.9130282824685,3.23213606963606,0,680.362751427226,39.7098299129549,6.98730778648395,768,761.012692213516,20,20.6,20,3,5,WARM INITIAL,PCM CAPACITY INSUFFICIENT
20,0.333333333333333,0.00555555555555556,35,29.830154836461,4.40688360596439,0,648.293416377664,38.2413954925445,13.6453604387223,768,754.354639561278,20,20.6,20,3,5,WARM INITIAL,PCM CAPACITY INSUFFICIENT
30,0.5,0.00833333333333333,35,29.7508693372361,5,0.00425122020982975,631.147168099521,37.5,20.015157446448,768,747.984842553552,20,20.6,20,3,5,WARM INITIAL,PCM CAPACITY INSUFFICIENT
40,0.666666666666667,0.0111111111111111,35,29.6724219311852,5,0.0131545063460063,629.146759245222,37.5,26.3176220485804,768,741.68237795142,20,20.6,20,3,5,WARM INITIAL,PCM CAPACITY INSUFFICIENT
50,0.833333333333333,0.0138888888888889,35,29.5942231626844,5,0.0220311584278107,627.152690648452,37.5,32.6001111099337,768,735.399888890066,20,20.6,20,3,5,WARM INITIAL,PCM CAPACITY INSUFFICIENT
60,1,0.0166666666666667,35,29.5162722436818,5,0.0308812608713678,625.164942213886,37.5,38.8626879426015,768,729.137312057399,20,20.6,20,3,5,WARM INITIAL,PCM CAPACITY INSUFFICIENT
70,1.16666666666667,0.0194444444444444,35,29.4385683886232,5,0.0397048978252473,623.183493909892,37.5,45.1054156580111,768,722.894584341989,20,20.6,20,3,5,WARM INITIAL,PCM CAPACITY INSUFFICIENT
80,1.33333333333333,0.0222222222222222,35,29.3611108144441,5,0.0485021531713115,621.208325768325,37.5,51.3283571675593,768,716.671642832441,20,20.6,20,3,5,WARM INITIAL,PCM CAPACITY INSUFFICIENT
90,1.5,0.025,35,29.283898740562,5,0.0572731105255609,619.239417884331,37.5,57.5315751832464,768,710.468424816754,20,20.6,20,3,5,WARM INITIAL,PCM CAPACITY INSUFFICIENT
100,1.66666666666667,0.0277777777777778,35,29.2069313888684,5,0.0660178532389765,617.276750416145,37.5,63.7151322183081,768,704.284867781692,20,20.6,20,3,5,WARM INITIAL,PCM CAPACITY INSUFFICIENT
110,1.83333333333333,0.0305555555555556,35,29.1302079837211,5,0.0747364643983602,615.320303584888,37.5,69.8790905878458,768,698.120909412154,20,20.6,20,3,5,WARM INITIAL,PCM CAPACITY INSUFFICIENT
120,2,0.0333333333333333,35,29.0537277519361,5,0.0834290268271716,613.37005767437,37.5,76.0235124094544,768,691.976487590546,20,20.6,20,3,5,WARM INITIAL,PCM CAPACITY INSUFFICIENT
130,2.16666666666667,0.0361111111111111,35,28.9774899227801,5,0.092095623086363,611.425993030892,37.5,82.148459603848,768,685.851540396152,20,20.6,20,3,5,WARM INITIAL,PCM CAPACITY INSUFFICIENT
140,2.33333333333333,0.0388888888888889,35,28.9014937279626,5,0.100736335475212,609.488090063046,37.5,88.2539938954844,768,679.746006104516,20,20.6,20,3,5,WARM INITIAL,PCM CAPACITY INSUFFICIENT
150,2.5,0.0416666666666667,35,28.8257384016282,5,0.109351246032148,607.55632924152,37.5,94.340176813187,768,673.659823186813,20,20.6,20,3,5,WARM INITIAL,PCM CAPACITY INSUFFICIENT
160,2.66666666666667,0.0444444444444444,35,28.7502231803489,5,0.117940436535585,605.630691098898,37.5,100.407069690764,768,667.592930309236,20,20.6,20,3,5,WARM INITIAL,PCM CAPACITY INSUFFICIENT
170,2.83333333333333,0.0472222222222222,35,28.6749473031164,5,0.126503988504738,603.711156229467,37.5,106.454733667629,768,661.545266332371,20,20.6,20,3,5,WARM INITIAL,PCM CAPACITY INSUFFICIENT
180,3,0.05,35,28.5999100113341,5,0.135041983200451,601.79770528902,37.5,112.483229689414,768,655.516770310586,20,20.6,20,3,5,WARM INITIAL,PCM CAPACITY INSUFFICIENT
190,3.16666666666667,0.0527777777777778,35,28.5251105488102,5,0.143554501626012,599.890318994661,37.5,118.492618508585,768,649.507381491415,20,20.6,20,3,5,WARM INITIAL,PCM CAPACITY INSUFFICIENT
200,3.33333333333333,0.0555555555555556,35,28.4505481617494,5,0.152041624527971,597.988978124609,37.5,124.482960685054,768,643.517039314946,20,20.6,20,3,5,WARM INITIAL,PCM CAPACITY INSUFFICIENT
210,3.5,0.0583333333333333,35,28.3762220987454,5,0.160503432396954,596.093663518008,37.5,130.454316586791,768,637.545683413209,20,20.6,20,3,5,WARM INITIAL,PCM CAPACITY INSUFFICIENT
220,3.66666666666667,0.0611111111111111,35,28.3021316107738,5,0.168940005468472,594.204356074732,37.5,136.40674639043,768,631.59325360957,20,20.6,20,3,5,WARM INITIAL,PCM CAPACITY INSUFFICIENT
230,3.83333333333333,0.0638888888888889,35,28.228275951184,5,0.177351423723733,592.321036755192,37.5,142.340310081875,768,625.659689918125,20,20.6,20,3,5,WARM INITIAL,PCM CAPACITY INSUFFICIENT
240,4,0.0666666666666667,35,28.1546543756919,5,0.185737766890444,590.443686580144,37.5,148.255067456908,768,619.744932543092,20,20.6,20,3,5,WARM INITIAL,PCM CAPACITY INSUFFICIENT
250,4.16666666666667,0.0694444444444444,35,28.0812661423725,5,0.194099114443618,588.5722866305,37.5,154.151078121789,768,613.848921878211,20,20.6,20,3,5,WARM INITIAL,PCM CAPACITY INSUFFICIENT
260,4.33333333333333,0.0722222222222222,35,28.0081105116523,5,0.202435545606373,586.706818047133,37.5,160.028401493855,768,607.971598506145,20,20.6,20,3,5,WARM INITIAL,PCM CAPACITY INSUFFICIENT
270,4.5,0.075,35,27.9351867463016,5,0.210747139350731,584.847262030692,37.5,165.887096802124,768,602.112903197876,20,20.6,20,3,5,WARM INITIAL,PCM CAPACITY INSUFFICIENT
280,4.66666666666667,0.0777777777777778,35,27.8624941114278,5,0.219033974398415,582.993599841409,37.5,171.727223087887,768,596.272776912113,20,20.6,20,3,5,WARM INITIAL,PCM CAPACITY INSUFFICIENT
290,4.83333333333333,0.0805555555555556,35,27.7900318744672,5,0.227296129221637,581.145812798914,37.5,177.548839205303,768,590.451160794697,20,20.6,20,3,5,WARM INITIAL,PCM CAPACITY INSUFFICIENT
300,5,0.0833333333333333,35,27.717799305178,5,0.235533682043898,579.303882282039,37.5,183.352003821999,768,584.647996178001,20,20.6,20,3,5,WARM INITIAL,PCM CAPACITY INSUFFICIENT
310,5.16666666666667,0.0861111111111111,35,27.6457956756329,5,0.243746710840767,577.467789728639,37.5,189.136775419651,768,578.863224580349,20,20.6,20,3,5,WARM INITIAL,PCM CAPACITY INSUFFICIENT
320,5.33333333333333,0.0888888888888889,35,27.5740202602118,5,0.251935293340673,575.637516635402,37.5,194.90321229458,768,573.09678770542,20,20.6,20,3,5,WARM INITIAL,PCM CAPACITY INSUFFICIENT
330,5.5,0.0916666666666667,35,27.5024723355945,5,0.260099507025685,573.813044557658,37.5,200.65137255834,768,567.34862744166,20,20.6,20,3,5,WARM INITIAL,PCM CAPACITY INSUFFICIENT
340,5.66666666666667,0.0944444444444444,35,27.431151180753,5,0.268239429132297,571.994355109203,37.5,206.381314138298,768,561.618685861702,20,20.6,20,3,5,WARM INITIAL,PCM CAPACITY INSUFFICIENT
350,5.83333333333333,0.0972222222222222,35,27.3600560769451,5,0.276355136652199,570.181429962101,37.5,212.093094778225,768,555.906905221775,20,20.6,20,3,5,WARM INITIAL,PCM CAPACITY INSUFFICIENT
360,6,0.1,35,27.2891863077063,5,0.28444670633306,568.374250846512,37.5,217.786772038871,768,550.213227961129,20,20.6,20,3,5,WARM INITIAL,PCM CAPACITY INSUFFICIENT
370,6.16666666666667,0.102777777777778,35,27.218541158843,5,0.292514214679299,566.572799550497,37.5,223.46240329855,768,544.53759670145,20,20.6,20,3,5,WARM INITIAL,PCM CAPACITY INSUFFICIENT
380,6.33333333333333,0.105555555555556,35,27.1481199184252,5,0.300557737952855,564.777057919843,37.5,229.120045753717,768,538.879954246283,20,20.6,20,3,5,WARM INITIAL,PCM CAPACITY INSUFFICIENT
390,6.5,0.108333333333333,35,27.0779218767794,5,0.308577352173955,562.987007857874,37.5,234.759756419542,768,533.240243580458,20,20.6,20,3,5,WARM INITIAL,PCM CAPACITY INSUFFICIENT
400,6.66666666666667,0.111111111111111,35,27.0079463264813,5,0.316573133121884,561.202631325274,37.5,240.381592130489,768,527.618407869511,20,20.6,20,3,5,WARM INITIAL,PCM CAPACITY INSUFFICIENT
410,6.83333333333333,0.113888888888889,35,26.9381925623489,5,0.324545156335744,559.423910339898,37.5,245.985609540883,768,522.014390459116,20,20.6,20,3,5,WARM INITIAL,PCM CAPACITY INSUFFICIENT
420,7,0.116666666666667,35,26.8686598814353,5,0.332493497115217,557.650826976599,37.5,251.571865125489,768,516.428134874511,20,20.6,20,3,5,WARM INITIAL,PCM CAPACITY INSUFFICIENT
430,7.16666666666667,0.119444444444444,35,26.7993475830212,5,0.340418230521327,555.883363367042,37.5,257.140415180071,768,510.859584819929,20,20.6,20,3,5,WARM INITIAL,PCM CAPACITY INSUFFICIENT
440,7.33333333333333,0.122222222222222,35,26.7302549686088,5,0.348319431377189,554.121501699524,37.5,262.691315821968,768,505.308684178032,20,20.6,20,3,5,WARM INITIAL,PCM CAPACITY INSUFFICIENT
450,7.5,0.125,35,26.6613813419137,5,0.356197174268772,552.365224218798,37.5,268.224622990655,768,499.775377009345,20,20.6,20,3,5,WARM INITIAL,PCM CAPACITY INSUFFICIENT
460,7.66666666666667,0.127777777777778,35,26.5927260088585,5,0.364051533545644,550.614513225891,37.5,273.740392448308,768,494.259607551692,20,20.6,20,3,5,WARM INITIAL,PCM CAPACITY INSUFFICIENT
470,7.83333333333333,0.130555555555556,35,26.5242882775657,5,0.371882583321723,548.869351077926,37.5,279.238679780368,768,488.761320219632,20,20.6,20,3,5,WARM INITIAL,PCM CAPACITY INSUFFICIENT
480,8,0.133333333333333,35,26.4560674583508,5,0.379690397476025,547.129720187945,37.5,284.719540396094,768,483.280459603906,20,20.6,20,3,5,WARM INITIAL,PCM CAPACITY INSUFFICIENT
490,8.16666666666667,0.136111111111111,35,26.388062863715,5,0.387475049653408,545.395603024733,37.5,290.183029529132,768,477.816970470868,20,20.6,20,3,5,WARM INITIAL,PCM CAPACITY INSUFFICIENT
500,8.33333333333333,0.138888888888889,35,26.3202738083388,5,0.395236613265315,543.666982112638,37.5,295.629202238062,768,472.370797761938,20,20.6,20,3,5,WARM INITIAL,PCM CAPACITY INSUFFICIENT
510,8.5,0.141666666666667,35,26.2526996090744,5,0.40297516149051,541.943840031398,37.5,301.058113406959,768,466.941886593041,20,20.6,20,3,5,WARM INITIAL,PCM CAPACITY INSUFFICIENT
520,8.66666666666667,0.144444444444444,35,26.1853395849397,5,0.410690767275822,540.226159415963,37.5,306.469817745942,768,461.530182254058,20,20.6,20,3,5,WARM INITIAL,PCM CAPACITY INSUFFICIENT
530,8.83333333333333,0.147222222222222,35,26.1181930571106,5,0.418383503336874,538.513922956321,37.5,311.864369791731,768,456.135630208269,20,20.6,20,3,5,WARM INITIAL,PCM CAPACITY INSUFFICIENT
540,9,0.15,35,26.0512593489147,5,0.426053442158818,536.807113397326,37.5,317.241823908189,768,450.758176091811,20,20.6,20,3,5,WARM INITIAL,PCM CAPACITY INSUFFICIENT
550,9.16666666666667,0.152777777777778,35,25.9845377858243,5,0.433700655997067,535.105713538519,37.5,322.602234286876,768,445.397765713124,20,20.6,20,3,5,WARM INITIAL,PCM CAPACITY INSUFFICIENT
560,9.33333333333333,0.155555555555556,35,25.9180276954494,5,0.441325216878022,533.40970623396,37.5,327.945654947592,768,440.054345052408,20,20.6,20,3,5,WARM INITIAL,PCM CAPACITY INSUFFICIENT
570,9.5,0.158333333333333,35,25.8517284075314,5,0.448927196599796,531.719074392052,37.5,333.272139738923,768,434.727860261077,20,20.6,20,3,5,WARM INITIAL,PCM CAPACITY INSUFFICIENT
580,9.66666666666667,0.161111111111111,35,25.785639253936,5,0.456506666732941,530.033800975368,37.5,338.581742338781,768,429.418257661219,20,20.6,20,3,5,WARM INITIAL,PCM CAPACITY INSUFFICIENT
590,9.83333333333333,0.163888888888889,35,25.7197595686464,5,0.464063698621166,528.353869000482,37.5,343.87451625495,768,424.12548374505,20,20.6,20,3,5,WARM INITIAL,PCM CAPACITY INSUFFICIENT
600,10,0.166666666666667,35,25.6540886877568,5,0.471598363382059,526.679261537797,37.5,349.15051482562,768,418.84948517438,20,20.6,20,3,5,WARM INITIAL,PCM CAPACITY INSUFFICIENT
610,10.1666666666667,0.169444444444444,35,25.5886259494657,5,0.4791107319078,525.009961711374,37.5,354.409791219926,768,413.590208780074,20,20.6,20,3,5,WARM INITIAL,PCM CAPACITY INSUFFICIENT
620,10.3333333333333,0.172222222222222,35,25.5233706940691,5,0.486600874865882,523.345952698762,37.5,359.652398438487,768,408.347601561513,20,20.6,20,3,5,WARM INITIAL,PCM CAPACITY INSUFFICIENT
630,10.5,0.175,35,25.458322263954,5,0.494068862699813,521.687217730826,37.5,364.878389313935,768,403.121610686065,20,20.6,20,3,5,WARM INITIAL,PCM CAPACITY INSUFFICIENT
640,10.6666666666667,0.177777777777778,35,25.3934800035915,5,0.501514765629836,520.033740091584,37.5,370.087816511452,768,397.912183488548,20,20.6,20,3,5,WARM INITIAL,PCM CAPACITY INSUFFICIENT
650,10.8333333333333,0.180555555555556,35,25.3288432595307,5,0.508938653653629,518.385503118034,37.5,375.280732529298,768,392.719267470702,20,20.6,20,3,5,WARM INITIAL,PCM CAPACITY INSUFFICIENT
660,11,0.183333333333333,35,25.2644113803916,5,0.516340596547018,516.742490199985,37.5,380.457189699339,768,387.542810300661,20,20.6,20,3,5,WARM INITIAL,PCM CAPACITY INSUFFICIENT
670,11.1666666666667,0.186111111111111,35,25.2001837168586,5,0.523720663864671,515.104684779894,37.5,385.617240187579,768,382.382759812421,20,20.6,20,3,5,WARM INITIAL,PCM CAPACITY INSUFFICIENT
680,11.3333333333333,0.188888888888889,35,25.1361596216743,5,0.531078924940807,513.472070352696,37.5,390.760935994681,768,377.239064005319,20,20.6,20,3,5,WARM INITIAL,PCM CAPACITY INSUFFICIENT
690,11.5,0.191666666666667,35,25.0723384496329,5,0.53841544888989,511.844630465638,37.5,395.888328956493,768,372.111671043507,20,20.6,20,3,5,WARM INITIAL,PCM CAPACITY INSUFFICIENT
700,11.6666666666667,0.194444444444444,35,25.0087195575731,5,0.545730304607329,510.222348718115,37.5,400.999470744572,768,367.000529255428,20,20.6,20,3,5,WARM INITIAL,PCM CAPACITY INSUFFICIENT
710,11.8333333333333,0.197222222222222,35,24.9453023043726,5,0.553023560770168,508.605208761502,37.5,406.094412866702,768,361.905587133298,20,20.6,20,3,5,COOLING IN PROGRESS,PCM CAPACITY INSUFFICIENT
720,12,0.2,35,24.8820860509408,5,0.560295285837782,506.993194298991,37.5,411.173206667412,768,356.826793332588,20,20.6,20,3,5,COOLING IN PROGRESS,PCM CAPACITY INSUFFICIENT
730,12.1666666666667,0.202777777777778,35,24.8190701602128,5,0.567545548052563,505.386289085428,37.5,416.235903328498,768,351.764096671502,20,20.6,20,3,5,COOLING IN PROGRESS,PCM CAPACITY INSUFFICIENT
740,12.3333333333333,0.205555555555556,35,24.7562539971429,5,0.574774415440614,503.784476927144,37.5,421.282553869535,768,346.717446130465,20,20.6,20,3,5,COOLING IN PROGRESS,PCM CAPACITY INSUFFICIENT
750,12.5,0.208333333333333,35,24.6936369286981,5,0.581981955812426,502.187741681801,37.5,426.313209148395,768,341.686790851605,20,20.6,20,3,5,COOLING IN PROGRESS,PCM CAPACITY INSUFFICIENT
760,12.6666666666667,0.211111111111111,35,24.6312183238517,5,0.589168236763571,500.596067258218,37.5,431.327919861753,768,336.672080138247,20,20.6,20,3,5,COOLING IN PROGRESS,PCM CAPACITY INSUFFICIENT
770,12.8333333333333,0.213888888888889,35,24.5689975535772,5,0.596333325675373,499.009437616219,37.5,436.326736545605,768,331.673263454395,20,20.6,20,3,5,COOLING IN PROGRESS,PCM CAPACITY INSUFFICIENT
780,13,0.216666666666667,35,24.5069739908417,5,0.603477289715596,497.427836766465,37.5,441.309709575772,768,326.690290424228,20,20.6,20,3,5,COOLING IN PROGRESS,PCM CAPACITY INSUFFICIENT
790,13.1666666666667,0.219444444444444,35,24.4451470105998,5,0.610600195839115,495.851248770294,37.5,446.276889168411,768,321.723110831589,20,20.6,20,3,5,COOLING IN PROGRESS,PCM CAPACITY INSUFFICIENT
800,13.3333333333333,0.222222222222222,35,24.3835159897869,5,0.617702110788593,494.279657739565,37.5,451.22832538052,768,316.77167461948,20,20.6,20,3,5,COOLING IN PROGRESS,PCM CAPACITY INSUFFICIENT
810,13.5,0.225,35,24.3220803073134,5,0.624783101095155,492.713047836491,37.5,456.164068110442,768,311.835931889558,20,20.6,20,3,5,COOLING IN PROGRESS,PCM CAPACITY INSUFFICIENT
820,13.6666666666667,0.227777777777778,35,24.2608393440581,5,0.631843233079055,491.151403273483,37.5,461.084167098367,768,306.915832901633,20,20.6,20,3,5,COOLING IN PROGRESS,PCM CAPACITY INSUFFICIENT
830,13.8333333333333,0.230555555555556,35,24.1997924828624,5,0.638882572850347,489.59470831299,37.5,465.988671926836,768,302.011328073164,20,20.6,20,3,5,COOLING IN PROGRESS,PCM CAPACITY INSUFFICIENT
840,14,0.233333333333333,35,24.1389391085233,5,0.645901186309551,488.042947267343,37.5,470.877632021239,768,297.122367978761,20,20.6,20,3,5,COOLING IN PROGRESS,PCM CAPACITY INSUFFICIENT
850,14.1666666666667,0.236111111111111,35,24.078278607788,5,0.652899139148316,486.496104498593,37.5,475.751096650312,768,292.248903349688,20,20.6,20,3,5,COOLING IN PROGRESS,PCM CAPACITY INSUFFICIENT
860,14.3333333333333,0.238888888888889,35,24.0178103693473,5,0.659876496850081,484.954164418356,37.5,480.609114926636,768,287.390885073364,20,20.6,20,3,5,COOLING IN PROGRESS,PCM CAPACITY INSUFFICIENT
870,14.5,0.241666666666667,35,23.9575337838296,5,0.66683332469074,483.417111487654,37.5,485.45173580713,768,282.54826419287,20,20.6,20,3,5,COOLING IN PROGRESS,PCM CAPACITY INSUFFICIENT
880,14.6666666666667,0.244444444444444,35,23.8974482437945,5,0.673769687739293,481.88493021676,37.5,490.279008093545,768,277.720991906455,20,20.6,20,3,5,COOLING IN PROGRESS,PCM CAPACITY INSUFFICIENT
890,14.8333333333333,0.247222222222222,35,23.8375531437272,5,0.680685650858508,480.357605165043,37.5,495.090980432956,768,272.909019567044,20,20.6,20,3,5,COOLING IN PROGRESS,PCM CAPACITY INSUFFICIENT
900,15,0.25,35,23.7778478800317,5,0.687581278705568,478.835120940808,37.5,499.887701318251,768,268.112298681749,20,20.6,20,3,5,COOLING IN PROGRESS,PCM CAPACITY INSUFFICIENT
910,15.1666666666667,0.252777777777778,35,23.7183318510253,5,0.694456635732729,477.317462201146,37.5,504.669219088622,768,263.330780911378,20,20.6,20,3,5,COOLING IN PROGRESS,PCM CAPACITY INSUFFICIENT
920,15.3333333333333,0.255555555555556,35,23.6590044569324,5,0.701311786187967,475.804613651775,37.5,509.43558193005,768,258.56441806995,20,20.6,20,3,5,COOLING IN PROGRESS,PCM CAPACITY INSUFFICIENT
930,15.5,0.258333333333333,35,23.5998650998781,5,0.708146794115624,474.296560046891,37.5,514.186837875793,768,253.813162124207,20,20.6,20,3,5,COOLING IN PROGRESS,PCM CAPACITY INSUFFICIENT
940,15.6666666666667,0.261111111111111,35,23.5409131838826,5,0.714961723357055,472.793286189007,37.5,518.923034806867,768,249.076965193133,20,20.6,20,3,5,COOLING IN PROGRESS,PCM CAPACITY INSUFFICIENT
950,15.8333333333333,0.263888888888889,35,23.4821481148552,5,0.721756637551272,471.294776928808,37.5,523.644220452529,768,244.355779547471,20,20.6,20,3,5,COOLING IN PROGRESS,PCM CAPACITY INSUFFICIENT
960,16,0.266666666666667,35,23.4235693005879,5,0.728531600135583,469.801017164992,37.5,528.350442390763,768,239.649557609237,20,20.6,20,3,5,COOLING IN PROGRESS,PCM CAPACITY INSUFFICIENT
970,16.1666666666667,0.269444444444444,35,23.3651761507499,5,0.735286674346233,468.311991844122,37.5,533.04174804875,768,234.95825195125,20,20.6,20,3,5,COOLING IN PROGRESS,PCM CAPACITY INSUFFICIENT
980,16.3333333333333,0.272222222222222,35,23.3069680768813,5,0.742021923219042,466.827685960472,37.5,537.718184703357,768,230.281815296643,20,20.6,20,3,5,COOLING IN PROGRESS,PCM CAPACITY INSUFFICIENT
990,16.5,0.275,35,23.2489444923873,5,0.748737409590037,465.348084555875,37.5,542.379799481603,768,225.620200518397,20,20.6,20,3,5,COOLING IN PROGRESS,PCM CAPACITY INSUFFICIENT
1000,16.6666666666667,0.277777777777778,35,23.1911048125324,5,0.75543319609609,463.873172719576,37.5,547.026639361143,768,220.973360638857,20,20.6,20,3,5,COOLING IN PROGRESS,PCM CAPACITY INSUFFICIENT
1010,16.8333333333333,0.280555555555556,35,23.1334484544344,5,0.762109345175546,462.402935588078,37.5,551.658751170734,768,216.341248829265,20,20.6,20,3,5,COOLING IN PROGRESS,PCM CAPACITY INSUFFICIENT
1020,17,0.283333333333333,35,23.0759748370585,5,0.76876591906885,460.937358344993,37.5,556.276181590713,768,211.723818409287,20,20.6,20,3,5,COOLING IN PROGRESS,PCM CAPACITY INSUFFICIENT
1030,17.1666666666667,0.286111111111111,35,23.0186833812115,5,0.775402979819182,459.476426220894,37.5,560.878977153462,768,207.121022846538,20,20.6,20,3,5,COOLING IN PROGRESS,PCM CAPACITY INSUFFICIENT
1040,17.3333333333333,0.288888888888889,35,22.9615735095359,5,0.782020589273072,458.020124493166,37.5,565.46718424388,768,202.53281575612,20,20.6,20,3,5,COOLING IN PROGRESS,PCM CAPACITY INSUFFICIENT
1050,17.5,0.291666666666667,35,22.9046446465042,5,0.788618809081034,456.568438485857,37.5,570.040849099851,768,197.959150900149,20,20.6,20,3,5,COOLING IN PROGRESS,PCM CAPACITY INSUFFICIENT
1060,17.6666666666667,0.294444444444444,35,22.8478962184129,5,0.795197700698177,455.121353569528,37.5,574.600017812709,768,193.399982187291,20,20.6,20,3,5,COOLING IN PROGRESS,PCM CAPACITY INSUFFICIENT
1070,17.8333333333333,0.297222222222222,35,22.7913276533769,5,0.801757325384833,453.67885516111,37.5,579.144736327701,768,188.855263672299,20,20.6,20,3,5,COOLING IN PROGRESS,PCM CAPACITY INSUFFICIENT
1080,18,0.3,35,22.7349383813237,5,0.808297744207168,452.240928723754,37.5,583.675050444452,768,184.324949555548,20,20.6,20,3,5,COOLING IN PROGRESS,PCM CAPACITY INSUFFICIENT
1090,18.1666666666667,0.302777777777778,35,22.6787278339877,5,0.814819018037801,450.807559766686,37.5,588.191005817427,768,179.808994182573,20,20.6,20,3,5,COOLING IN PROGRESS,PCM CAPACITY INSUFFICIENT
1100,18.3333333333333,0.305555555555556,35,22.6226954449043,5,0.821321207556417,449.378733845059,37.5,592.692647956388,768,175.307352043612,20,20.6,20,3,5,COOLING IN PROGRESS,PCM CAPACITY INSUFFICIENT
1110,18.5,0.308333333333333,35,22.5668406494043,5,0.827804373250377,447.954436559809,37.5,597.180022226858,768,170.819977773142,20,20.6,20,3,5,COOLING IN PROGRESS,PCM CAPACITY INSUFFICIENT
1120,18.6666666666667,0.311111111111111,35,22.5111628846082,5,0.834268575415328,446.53465355751,37.5,601.653173850572,768,166.346826149428,20,20.6,20,3,5,COOLING IN PROGRESS,PCM CAPACITY INSUFFICIENT
1130,18.8333333333333,0.313888888888889,35,22.4556615894207,5,0.840713874155812,445.119370530229,37.5,606.112147905935,768,161.887852094065,20,20.6,20,3,5,COOLING IN PROGRESS,PCM CAPACITY INSUFFICIENT
1140,19,0.316666666666667,35,22.4003362045247,5,0.847140329385871,443.708573215381,37.5,610.556989328479,768,157.443010671521,20,20.6,20,3,5,COOLING IN PROGRESS,PCM CAPACITY INSUFFICIENT
1150,19.1666666666667,0.319444444444444,35,22.345186172376,5,0.85354800082965,442.302247395587,37.5,614.987742911313,768,153.012257088687,20,20.6,20,3,5,COOLING IN PROGRESS,PCM CAPACITY INSUFFICIENT
1160,19.3333333333333,0.322222222222222,35,22.2902109371972,5,0.859936948021999,440.900378898528,37.5,619.404453305575,768,148.595546694425,20,20.6,20,3,5,COOLING IN PROGRESS,PCM CAPACITY INSUFFICIENT
1170,19.5,0.325,35,22.2354099449728,5,0.866307230309076,439.502953596806,37.5,623.807165020883,768,144.192834979117,20,20.6,20,3,5,COOLING IN PROGRESS,PCM CAPACITY INSUFFICIENT
1180,19.6666666666667,0.327777777777778,35,22.1807826434431,5,0.872658906848938,438.109957407799,37.5,628.19592242578,768,139.80407757422,20,20.6,20,3,5,COOLING IN PROGRESS,PCM CAPACITY INSUFFICIENT
1190,19.8333333333333,0.330555555555556,35,22.1263284820987,5,0.878992036612146,436.721376293518,37.5,632.570769748186,768,135.429230251814,20,20.6,20,3,5,COOLING IN PROGRESS,PCM CAPACITY INSUFFICIENT
1200,20,0.333333333333333,35,22.0720469121752,5,0.885306678382353,435.337196260468,37.5,636.931751075841,768,131.068248924159,20,20.6,20,3,5,COOLING IN PROGRESS,PCM CAPACITY INSUFFICIENT
1210,20.1666666666667,0.336111111111111,35,22.0179373866474,5,0.891602890756898,433.957403359508,37.5,641.27891035675,768,126.72108964325,20,20.6,20,3,5,COOLING IN PROGRESS,PCM CAPACITY INSUFFICIENT
1220,20.3333333333333,0.338888888888889,35,21.9639993602237,5,0.897880732147398,432.581983685705,37.5,645.612291399625,768,122.387708600375,20,20.6,20,3,5,COOLING IN PROGRESS,PCM CAPACITY INSUFFICIENT
1230,20.5,0.341666666666667,35,21.9102322893412,5,0.904140260780335,431.2109233782,37.5,649.931937874327,768,118.068062125673,20,20.6,20,3,5,COOLING IN PROGRESS,PCM CAPACITY INSUFFICIENT
1240,20.6666666666667,0.344444444444444,35,21.8566356321595,5,0.910381534697642,429.844208620066,37.5,654.237893312307,768,113.762106687693,20,20.6,20,3,5,COOLING IN PROGRESS,PCM CAPACITY INSUFFICIENT
1250,20.8333333333333,0.347222222222222,35,21.8032088485556,5,0.916604611757291,428.481825638167,37.5,658.530201107044,768,109.469798892956,20,20.6,20,3,5,COOLING IN PROGRESS,PCM CAPACITY INSUFFICIENT
1260,21,0.35,35,21.7499514001185,5,0.922809549633874,427.123760703021,37.5,662.808904514481,768,105.191095485519,20,20.6,20,3,5,COOLING IN PROGRESS,PCM CAPACITY INSUFFICIENT
1270,21.1666666666667,0.352777777777778,35,21.6968627501436,5,0.928996405819183,425.770000128661,37.5,667.074046653463,768,100.925953346536,20,20.6,20,3,5,COOLING IN PROGRESS,PCM CAPACITY INSUFFICIENT
1280,21.3333333333333,0.355555555555556,35,21.6439423636274,5,0.935165237622793,424.420530272499,37.5,671.325670506171,768,96.6743294938289,20,20.6,20,3,5,COOLING IN PROGRESS,PCM CAPACITY INSUFFICIENT
1290,21.5,0.358333333333333,35,21.5911897072622,5,0.941316102172636,423.075337535186,37.5,675.563818918554,768,92.4361810814463,20,20.6,20,3,5,COOLING IN PROGRESS,PCM CAPACITY INSUFFICIENT
1300,21.6666666666667,0.361111111111111,35,21.5386042494304,5,0.94744905641558,421.734408360475,37.5,679.788534600761,768,88.2114653992391,20,20.6,20,3,5,COOLING IN PROGRESS,PCM CAPACITY INSUFFICIENT
1310,21.8333333333333,0.363888888888889,35,21.4861854601995,5,0.953564157117997,420.397729235086,37.5,683.999860127574,768,84.0001398724263,20,20.6,20,3,5,COOLING IN PROGRESS,PCM CAPACITY INSUFFICIENT
1320,22,0.366666666666667,35,21.4339328113165,5,0.959661460866343,419.06528668857,37.5,688.197837938833,768,79.802162061167,20,20.6,20,3,5,COOLING IN PROGRESS,PCM CAPACITY INSUFFICIENT
1330,22.1666666666667,0.369444444444444,35,21.3818457762028,5,0.965741024067722,417.73706729317,37.5,692.382510339868,768,75.6174896601324,20,20.6,20,3,5,COOLING IN PROGRESS,PCM CAPACITY INSUFFICIENT
1340,22.3333333333333,0.372222222222222,35,21.3299238299487,5,0.971802902950459,416.413057663692,37.5,696.55391950192,768,71.4460804980799,20,20.6,20,3,5,COOLING IN PROGRESS,PCM CAPACITY INSUFFICIENT
1350,22.5,0.375,35,21.2781664493083,5,0.977847153564662,415.093244457361,37.5,700.712107462572,768,67.2878925374278,20,20.6,20,3,5,COOLING IN PROGRESS,PCM CAPACITY INSUFFICIENT
1360,22.6666666666667,0.377777777777778,35,21.2265731126939,5,0.98387383178279,413.777614373695,37.5,704.857116126168,768,63.1428838738316,20,20.6,20,3,5,COOLING IN PROGRESS,PCM CAPACITY INSUFFICIENT
1370,22.8333333333333,0.380555555555556,35,21.1751433001713,5,0.989882993300217,412.466154154367,37.5,708.988987264238,768,59.0110127357616,20,20.6,20,3,5,COOLING IN PROGRESS,PCM CAPACITY INSUFFICIENT
1380,23,0.383333333333333,35,21.1238764934538,5,0.995874693635789,411.158850583073,37.5,713.107762515918,768,54.8922374840825,20,20.6,20,3,5,COOLING IN PROGRESS,PCM CAPACITY INSUFFICIENT
1390,23.1666666666667,0.386111111111111,35,21.0728429782675,5.20920817662098,1,404.522687441987,37.2384897792238,717.207795125986,768,50.7922048740144,20,20.6,20,3,5,COOLING IN PROGRESS,PCM CAPACITY INSUFFICIENT
1400,23.3333333333333,0.388888888888889,35,21.0235077139964,5.86561094922229,1,386.526367501739,36.4179863134721,721.17139025753,768,46.82860974247,20,20.6,20,3,5,COOLING IN PROGRESS,PCM CAPACITY INSUFFICIENT
1410,23.5,0.391666666666667,35,20.9763690551408,6.49405587453805,1,369.298986105371,35.6324301568274,724.958510109981,768,43.0414898900187,20,20.6,20,3,5,COOLING IN PROGRESS,PCM CAPACITY INSUFFICIENT
1420,23.6666666666667,0.394444444444444,35,20.9313331459105,7.09573735787057,1,352.807692595017,34.8803283026618,728.57669505755,768,39.4233049424496,20,20.6,20,3,5,COOLING IN PROGRESS,PCM CAPACITY INSUFFICIENT
1430,23.8333333333333,0.397222222222222,35,20.8883101402298,7.67179877705998,1,337.02103976083,34.160251528675,732.033163333938,768,35.9668366660618,20,20.6,20,3,5,COOLING IN PROGRESS,PCM CAPACITY INSUFFICIENT
1440,24,0.4,35,20.8472140304351,8.22333466248283,1,321.908923882783,33.4708316718965,735.334824794842,768,32.6651752051581,20,20.6,20,3,5,COOLING IN PROGRESS,PCM CAPACITY INSUFFICIENT
1450,24.1666666666667,0.402777777777778,35,20.8079624832897,8.75139278391691,1,307.442527334006,32.8107590201039,738.488294092503,768,29.5117059074967,20,20.6,20,3,5,COOLING IN PROGRESS,PCM CAPACITY INSUFFICIENT
1460,24.3333333333333,0.405555555555556,35,20.7704766830046,9.25697614825058,1,293.594263636227,32.1787798146868,741.499903287409,768,26.500096712591,20,20.6,20,3,5,COOLING IN PROGRESS,PCM CAPACITY INSUFFICIENT
1470,24.5,0.408333333333333,35,20.7346811809659,9.74104491184601,1,280.337724862558,31.5736938601925,744.375713921195,768,23.6242860788045,20,20.6,20,3,5,COOLING IN PROGRESS,PCM CAPACITY INSUFFICIENT
1480,24.6666666666667,0.411111111111111,35,20.7005037518823,10.204518211202,1,267.647631287347,30.9943522359974,747.121528573773,768,20.878471426227,20,20.6,20,3,5,COOLING IN PROGRESS,PCM CAPACITY INSUFFICIENT
1490,24.8333333333333,0.413888888888889,35,20.6678752560778,10.6482759154079,1,255.499783187083,30.4396551057401,749.742901926706,768,18.2570980732936,20,20.6,20,3,5,COOLING IN PROGRESS,PCM CAPACITY INSUFFICIENT
1500,25,0.416666666666667,35,20.6367295076681,11.0731603037278,1,243.871014700478,29.9085496203403,752.245151353944,768,15.7548486460556,20,20.6,20,3,5,COOLING IN PROGRESS,PCM CAPACITY INSUFFICIENT
1510,25.1666666666667,0.419444444444444,35,20.6070031483683,11.4799776715162,1,232.739149659727,29.4000279106047,754.633367060092,768,13.3666329399078,20,20.6,20,3,5,COOLING IN PROGRESS,PCM CAPACITY INSUFFICIENT
1520,25.3333333333333,0.422222222222222,35,20.5786355266921,11.8694998675247,1,222.082959308768,28.9131251655941,756.912421785555,768,11.0875782144454,20,20.6,20,3,5,COOLING IN PROGRESS,PCM CAPACITY INSUFFICIENT
1530,25.5,0.425,35,20.5515685823119,12.2424657655322,1,211.882121827884,28.4469177930848,759.086980097058,768,8.91301990294235,20,20.6,20,3,5,COOLING IN PROGRESS,PCM CAPACITY INSUFFICIENT
1540,25.6666666666667,0.427777777777778,35,20.525746735359,12.5995826731037,1,202.117183587509,28.0005216586203,761.161507281257,768,6.83849271874293,20,20.6,20,3,5,COOLING IN PROGRESS,PCM CAPACITY INSUFFICIENT
1550,25.8333333333333,0.430555555555556,35,20.5011167804531,12.9415276801646,1,192.769522057356,27.5730903997942,763.140277858396,768,4.85972214160429,20,20.6,20,3,5,COOLING IN PROGRESS,PCM CAPACITY INSUFFICIENT
1560,26,0.433333333333333,35,20.4776277852596,13.2689489499604,1,183.821310300131,27.1638138125495,765.027383732239,768,2.97261626776087,20,20.6,20,3,5,COOLING IN PROGRESS,PCM CAPACITY INSUFFICIENT
1570,26.1666666666667,0.436111111111111,35,20.4552309933802,13.5824669548643,1,175.255482982157,26.7719163064196,766.826741991829,768,1.17325800817122,20,20.6,20,3,5,COOLING IN PROGRESS,PCM CAPACITY INSUFFICIENT
1580,26.3333333333333,0.438888888888889,35,20.4338797313924,13.8826756593887,1,167.055703836095,26.3966554257641,768.542102379928,768,0,20,20.6,20,3,5,COOLING IN PROGRESS,PCM CAPACITY INSUFFICIENT
1590,26.5,0.441666666666667,35,20.4135293198605,14.1701436526557,1,159.206334513722,26.0373204341803,770.177054442403,768,0,20,20.6,20,3,5,COOLING IN PROGRESS,PCM CAPACITY INSUFFICIENT
1600,26.6666666666667,0.444444444444444,35,20.3941369881483,14.4454152324862,1,151.692404769383,25.6932309593922,771.735034372163,768,0,20,20.6,20,3,5,COOLING IN PROGRESS,PCM CAPACITY INSUFFICIENT
1610,26.8333333333333,0.447222222222222,35,20.3756617928713,14.7090114431747,1,144.499583917265,25.3637356960317,773.219331560716,768,0,20,20.6,20,3,5,COOLING IN PROGRESS,PCM CAPACITY INSUFFICIENT
1620,27,0.45,35,20.3580645398328,14.9614310689275,1,137.614153508085,25.0482111638406,774.63309486983,768,0,20,20.6,20,3,5,COOLING IN PROGRESS,PCM CAPACITY INSUFFICIENT
1630,27.1666666666667,0.452777777777778,35,20.3413077092948,15.2031515848604,1,131.022981173077,24.7460605189245,775.979338635252,768,0,20,20.6,20,3,5,COOLING IN PROGRESS,PCM CAPACITY INSUFFICIENT
1640,27.3333333333333,0.455555555555556,35,20.3253553844418,15.4346300673668,1,124.713495585415,24.4567124157916,777.260948413939,768,0,20,20.6,20,3,5,COOLING IN PROGRESS,PCM CAPACITY INSUFFICIENT
1650,27.5,0.458333333333333,35,20.3101731829007,15.6563040655928,1,118.673662491351,24.179619918009,778.480686485755,768,0,20,20.6,20,3,5,COOLING IN PROGRESS,PCM CAPACITY INSUFFICIENT
1660,27.6666666666667,0.461111111111111,35,20.2957281911859,15.8685924356825,1,112.891961765337,23.9142594553968,779.641197120119,768,0,20,20.6,20,3,5,COOLING IN PROGRESS,PCM CAPACITY INSUFFICIENT
1670,27.8333333333333,0.463888888888889,35,20.2819889019459,16.071896139381,1,107.357365445406,23.6601298257737,780.745011617661,768,0,20,20.6,20,3,5,COOLING IN PROGRESS,PCM CAPACITY INSUFFICIENT
1680,28,0.466666666666667,35,20.26892515389,16.2665990085203,1,102.059316706926,23.4167512393496,781.794553136478,768,0,20,20.6,20,3,5,COOLING IN PROGRESS,PCM CAPACITY INSUFFICIENT
1690,28.1666666666667,0.469444444444444,35,20.2565080742817,16.4530684768446,1,96.987709734644,23.1836644039442,782.79214131221,768,0,20,20.6,20,3,5,COOLING IN PROGRESS,PCM CAPACITY INSUFFICIENT
1700,28.3333333333333,0.472222222222222,35,20.2447100238893,16.6316562805708,1,92.1328704546224,22.9604296492865,783.739996680728,768,0,20,20.6,20,3,5,COOLING IN PROGRESS,PCM CAPACITY INSUFFICIENT
1710,28.5,0.475,35,20.2335045442882,16.8026991290187,1,87.48553808937,22.7466260887266,784.640244911888,768,0,20,20.6,20,3,5,COOLING IN PROGRESS,PCM CAPACITY INSUFFICIENT
1720,28.6666666666667,0.477777777777778,35,20.2228663074135,16.9665193465918,1,83.0368475009529,22.5418508167602,785.494920862397,768,0,20,20.6,20,3,5,COOLING IN PROGRESS,PCM CAPACITY INSUFFICIENT
1730,28.8333333333333,0.480555555555556,35,20.2127710672698,17.1234254873301,1,78.7783122884622,22.3457181408374,786.305972455544,768,0,20,20.6,20,3,5,COOLING IN PROGRESS,PCM CAPACITY INSUFFICIENT
1740,29,0.483333333333333,35,20.2031956137021,17.2737129232087,1,74.7018086075816,22.1578588459891,787.075264395171,768,0,20,20.6,20,3,5,COOLING IN PROGRESS,PCM CAPACITY INSUFFICIENT
1750,29.1666666666667,0.486111111111111,35,20.1941177281431,17.4176644073033,1,70.7995596814158,21.9779194908709,787.804581720981,768,0,20,20.6,20,3,5,COOLING IN PROGRESS,PCM CAPACITY INSUFFICIENT
1760,29.3333333333333,0.488888888888889,35,20.1855161412502,17.5555506128947,1,67.0641209730658,21.8055617338816,788.495633211957,768,0,20,20.6,20,3,5,COOLING IN PROGRESS,PCM CAPACITY INSUFFICIENT
1770,29.5,0.491666666666667,35,20.1773704923528,17.6876306495435,1,63.4883659916369,21.6404616880706,789.150054644374,768,0,20,20.6,20,3,5,COOLING IN PROGRESS,PCM CAPACITY INSUFFICIENT
1780,29.6666666666667,0.494444444444444,35,20.169661290632,17.8141525571159,1,60.0654727046596,21.4823093036051,789.769411910628,768,0,20,20.6,20,3,5,COOLING IN PROGRESS,PCM CAPACITY INSUFFICIENT
1790,29.8333333333333,0.497222222222222,35,20.1623698779584,17.9353537787036,1,56.7889105309984,21.3308077766205,790.355204004821,768,0,20,20.6,20,3,5,COOLING IN PROGRESS,PCM CAPACITY INSUFFICIENT
1800,30,0.5,35,20.1554783933185,18.0514616133402,1,53.6524278894482,21.1856729833248,790.90886588079,768,0,20,20.6,20,3,5,COOLING IN PROGRESS,PCM CAPACITY INSUFFICIENT
1810,30.1666666666667,0.502777777777778,35,20.1489697387597,18.1626936493763,1,50.6500402792771,21.0466329382796,791.431771188043,768,0,20,20.6,20,3,5,COOLING IN PROGRESS,PCM CAPACITY INSUFFICIENT
1820,30.3333333333333,0.505555555555556,35,20.142827546791,18.2692581793402,1,47.7760188699968,20.9134272758248,791.925234890809,768,0,20,20.6,20,3,5,COOLING IN PROGRESS,PCM CAPACITY INSUFFICIENT
1830,30.5,0.508333333333333,35,20.1370361491761,18.3713545970739,1,45.024879578607,20.7858067536576,792.390515775187,768,0,20,20.6,20,3,5,COOLING IN PROGRESS,PCM CAPACITY INSUFFICIENT
1840,30.6666666666667,0.511111111111111,35,20.13158054706,18.4691737779043,1,42.39137261347,20.6635327776196,792.828818849198,768,0,20,20.6,20,3,5,COOLING IN PROGRESS,PCM CAPACITY INSUFFICIENT
1850,30.8333333333333,0.513888888888889,35,20.1264463823712,18.5628984425711,1,39.8704724649035,20.5463769467862,793.241297640296,768,0,20,20.6,20,3,5,COOLING IN PROGRESS,PCM CAPACITY INSUFFICIENT
1860,31,0.516666666666667,35,20.1216199104466,18.6527035056078,1,37.4573683233902,20.4341206179903,793.629056394719,768,0,20,20.6,20,3,5,COOLING IN PROGRESS,PCM CAPACITY INSUFFICIENT
1870,31.1666666666667,0.519444444444444,35,20.1170879738251,18.7387564088392,1,35.14745490714,20.326554488951,793.993152182889,768,0,20,20.6,20,3,5,COOLING IN PROGRESS,PCM CAPACITY INSUFFICIENT
1880,31.3333333333333,0.522222222222222,35,20.1128379771613,18.8212174406308,1,32.936323681527,20.2234781992115,794.33459691486,768,0,20,20.6,20,3,5,COOLING IN PROGRESS,PCM CAPACITY INSUFFICIENT
1890,31.5,0.525,35,20.1088578632106,18.9002400414993,1,30.8197544536389,20.1246999481259,794.65435926966,768,0,20,20.6,20,3,5,COOLING IN PROGRESS,PCM CAPACITY INSUFFICIENT
1900,31.6666666666667,0.527777777777778,35,20.1051360898405,18.9759710966668,1,28.7937073259295,20.0300361291665,794.953366542213,768,0,20,20.6,20,3,5,COOLING IN PROGRESS,PCM CAPACITY INSUFFICIENT
1910,31.8333333333333,0.530555555555556,35,20.101661608024,19.0485512161168,1,26.8543149936331,19.939310979854,795.232506411349,768,0,20,20.6,20,3,5,COOLING IN PROGRESS,PCM CAPACITY INSUFFICIENT
1920,32,0.533333333333333,35,20.0984238407731,19.1181150026853,1,24.997875371239,19.8523562466434,795.492628632291,768,0,20,20.6,20,3,5,COOLING IN PROGRESS,PCM CAPACITY INSUFFICIENT
1930,32.1666666666667,0.536111111111111,35,20.095412662972,19.1847913086981,1,23.2208445339846,19.7690108641273,795.734546656825,768,0,20,20.6,20,3,5,COOLING IN PROGRESS,PCM CAPACITY INSUFFICIENT
1940,32.3333333333333,0.538888888888889,35,20.0926183820729,19.2487034816454,1,21.5198299609023,19.6891206479433,795.959039184261,768,0,20,20.6,20,3,5,COOLING IN PROGRESS,PCM CAPACITY INSUFFICIENT
1950,32.5,0.541666666666667,35,20.090031719615,19.3099695993588,1,19.8915840665325,19.6125380008015,796.16685164613,768,0,20,20.6,20,3,5,COOLING IN PROGRESS,PCM CAPACITY INSUFFICIENT
1960,32.6666666666667,0.544444444444444,35,20.0876437935343,19.3687026951427,1,18.3329980089874,19.5391216310717,796.358697627451,768,0,20,20.6,20,3,5,COOLING IN PROGRESS,PCM CAPACITY INSUFFICIENT
1970,32.8333333333333,0.547222222222222,35,20.0854461012287,19.4250109732864,1,16.8410957625308,19.4687362833921,796.535260227281,768,0,20,20.6,20,3,5,COOLING IN PROGRESS,PCM CAPACITY INSUFFICIENT
1980,33,0.55,35,20.0834305033465,19.47899801537,1,15.4130284434018,19.4012524807875,796.697193361139,768,0,20,20.6,20,3,5,COOLING IN PROGRESS,PCM CAPACITY INSUFFICIENT
1990,33.1666666666667,0.552777777777778,35,20.0815892082675,19.5307629777561,1,14.0460688780416,19.3365462778049,796.845123007786,768,0,20,20.6,20,3,5,COOLING IN PROGRESS,PCM CAPACITY INSUFFICIENT
2000,33.3333333333333,0.555555555555556,35,20.0799147572474,19.580400780644,1,12.7376064033884,19.274499024195,796.979648402739,768,0,20,20.6,20,3,5,COOLING IN PROGRESS,PCM CAPACITY INSUFFICIENT
2010,33.5,0.558333333333333,35,20.0784000101966,19.6280022890473,1,11.4851418893062,19.2149971386908,797.101343180803,768,0,20,20.6,20,3,5,COOLING IN PROGRESS,PCM CAPACITY INSUFFICIENT
2020,33.6666666666667,0.561111111111111,35,20.0770381320664,19.6736544860403,1,10.2862829736665,19.1579318924496,797.210756469782,768,0,20,20.6,20,3,5,COOLING IN PROGRESS,PCM CAPACITY INSUFFICIENT
2030,33.8333333333333,0.563888888888889,35,20.0758225798174,19.7174406386018,1,9.13873950099819,19.1031992017478,797.308413937471,768,0,20,20.6,20,3,5,COOLING IN PROGRESS,PCM CAPACITY INSUFFICIENT
2040,34,0.566666666666667,35,20.0747470899438,19.7594404563749,1,8.04031915600718,19.0506994295314,797.394818793914,768,0,20,20.6,20,3,5,COOLING IN PROGRESS,PCM CAPACITY INSUFFICIENT
2050,34.1666666666667,0.569444444444444,35,20.0738056665316,19.7997302436436,1,6.98892328364463,19.0003371954455,797.470452750848,768,0,20,20.6,20,3,5,COOLING IN PROGRESS,PCM CAPACITY INSUFFICIENT
2060,34.3333333333333,0.572222222222222,35,20.0729925698263,19.8383830448167,1,5.98254288774587,18.9520211939792,797.535776940152,768,0,20,20.6,20,3,5,COOLING IN PROGRESS,PCM CAPACITY INSUFFICIENT
2070,34.5,0.575,35,20.0723023052892,19.8754687836964,1,5.01925480061479,18.9056640203794,797.591232793066,768,0,20,20.6,20,3,5,COOLING IN PROGRESS,PCM CAPACITY INSUFFICIENT
2080,34.6666666666667,0.577777777777778,35,20.0717296131213,19.9110543967972,1,4.09721801626313,18.8611820040035,797.637242881837,768,0,20,20.6,20,3,5,COOLING IN PROGRESS,PCM CAPACITY INSUFFICIENT
2090,34.8333333333333,0.580555555555556,35,20.0712694582348,19.9452039609689,1,3.21467018028023,18.8184950487889,797.674211725419,768,0,20,20.6,20,3,5,COOLING IN PROGRESS,PCM CAPACITY INSUFFICIENT
2100,35,0.583333333333333,35,20.0709170206529,19.9779788155673,1,2.36992422968276,18.7775264805409,797.702526560745,768,0,20,20.6,20,3,5,COOLING IN PROGRESS,PCM CAPACITY INSUFFICIENT
2110,35.1666666666667,0.586111111111111,35,20.07066768632,20.0094376794059,1,1.56136517630823,18.7382029007426,797.722558081051,768,0,20,20.6,20,3,5,COOLING IN PROGRESS,PCM CAPACITY INSUFFICIENT
2120,35.3333333333333,0.588888888888889,35,20.070517038304,20.0396367627107,1,0.787447027629716,18.7004540466117,797.734661142657,768,0,20,20.6,20,3,5,COOLING IN PROGRESS,PCM CAPACITY INSUFFICIENT
2130,35.5,0.591666666666667,35,20.070460848375,20.0686298742919,1,0.0466898391195585,18.6642126571352,797.739175441553,768,0,20,20.6,20,3,5,COOLING IN PROGRESS,PCM CAPACITY INSUFFICIENT
2140,35.6666666666667,0.594444444444444,35,20.0704602672219,20.0968919572014,1,0,18.6288850534983,797.739222131392,768,0,20,20.6,20,3,5,COOLING IN PROGRESS,PCM CAPACITY INSUFFICIENT
2150,35.8333333333333,0.597222222222222,35,20.0704602672219,20.1250934968663,1,0,18.5936331289171,797.739222131392,768,0,20,20.6,20,3,5,COOLING IN PROGRESS,PCM CAPACITY INSUFFICIENT
2160,36,0.6,35,20.0704602672219,20.1532416700228,1,0,18.5584479124715,797.739222131392,768,0,20,20.6,20,3,5,COOLING IN PROGRESS,PCM CAPACITY INSUFFICIENT
2170,36.1666666666667,0.602777777777778,35,20.0704602672219,20.1813365776578,1,0,18.5233292779277,797.739222131392,768,0,20,20.6,20,3,5,COOLING IN PROGRESS,PCM CAPACITY INSUFFICIENT
2180,36.3333333333333,0.605555555555556,35,20.0704602672219,20.2093783205671,1,0,18.4882770992911,797.739222131392,768,0,20,20.6,20,3,5,COOLING IN PROGRESS,PCM CAPACITY INSUFFICIENT
2190,36.5,0.608333333333333,35,20.0704602672219,20.2373669993556,1,0,18.4532912508055,797.739222131392,768,0,20,20.6,20,3,5,COOLING IN PROGRESS,PCM CAPACITY INSUFFICIENT
2200,36.6666666666667,0.611111111111111,35,20.0704602672219,20.2653027144379,1,0,18.4183716069526,797.739222131392,768,0,20,20.6,20,3,5,COOLING IN PROGRESS,PCM CAPACITY INSUFFICIENT
2210,36.8333333333333,0.613888888888889,35,20.0704602672219,20.2931855660388,1,0,18.3835180424516,797.739222131392,768,0,20,20.6,20,3,5,COOLING IN PROGRESS,PCM CAPACITY INSUFFICIENT
2220,37,0.616666666666667,35,20.0704602672219,20.321015654193,1,0,18.3487304322588,797.739222131392,768,0,20,20.6,20,3,5,COOLING IN PROGRESS,PCM CAPACITY INSUFFICIENT
2230,37.1666666666667,0.619444444444444,35,20.0704602672219,20.3487930787463,1,0,18.3140086515672,797.739222131392,768,0,20,20.6,20,3,5,COOLING IN PROGRESS,PCM CAPACITY INSUFFICIENT
2240,37.3333333333333,0.622222222222222,35,20.0704602672219,20.3765179393552,1,0,18.279352575806,797.739222131392,768,0,20,20.6,20,3,5,COOLING IN PROGRESS,PCM CAPACITY INSUFFICIENT
2250,37.5,0.625,35,20.0704602672219,20.4041903354882,1,0,18.2447620806398,797.739222131392,768,0,20,20.6,20,3,5,COOLING IN PROGRESS,PCM CAPACITY INSUFFICIENT
2260,37.6666666666667,0.627777777777778,35,20.0704602672219,20.4318103664248,1,0,18.210237041969,797.739222131392,768,0,20,20.6,20,3,5,COOLING IN PROGRESS,PCM CAPACITY INSUFFICIENT
2270,37.8333333333333,0.630555555555556,35,20.0704602672219,20.4593781312573,1,0,18.1757773359284,797.739222131392,768,0,20,20.6,20,3,5,COOLING IN PROGRESS,PCM CAPACITY INSUFFICIENT
2280,38,0.633333333333333,35,20.0704602672219,20.48689372889,1,0,18.1413828388875,797.739222131392,768,0,20,20.6,20,3,5,COOLING IN PROGRESS,PCM CAPACITY INSUFFICIENT
2290,38.1666666666667,0.636111111111111,35,20.0704602672219,20.5143572580404,1,0,18.1070534274495,797.739222131392,768,0,20,20.6,20,3,5,COOLING IN PROGRESS,PCM CAPACITY INSUFFICIENT
2300,38.3333333333333,0.638888888888889,35,20.0704602672219,20.541768817239,1,0,18.0727889784512,797.739222131392,768,0,20,20.6,20,3,5,COOLING IN PROGRESS,PCM CAPACITY INSUFFICIENT
2310,38.5,0.641666666666667,35,20.0704602672219,20.5691285048299,1,0,18.0385893689626,797.739222131392,768,0,20,20.6,20,3,5,COOLING IN PROGRESS,PCM CAPACITY INSUFFICIENT
2320,38.6666666666667,0.644444444444444,35,20.0704602672219,20.5964364189711,1,0,18.0044544762861,797.739222131392,768,0,20,20.6,20,3,5,COOLING IN PROGRESS,PCM CAPACITY INSUFFICIENT
2330,38.8333333333333,0.647222222222222,35,20.0704602672219,20.6236926576348,1,0,17.9703841779565,797.739222131392,768,0,20,20.6,20,3,5,COOLING IN PROGRESS,PCM CAPACITY INSUFFICIENT
2340,39,0.65,35,20.0704602672219,20.6508973186079,1,0,17.9363783517401,797.739222131392,768,0,20,20.6,20,3,5,COOLING IN PROGRESS,PCM CAPACITY INSUFFICIENT
2350,39.1666666666667,0.652777777777778,35,20.0704602672219,20.6780504994923,1,0,17.9024368756346,797.739222131392,768,0,20,20.6,20,3,5,COOLING IN PROGRESS,PCM CAPACITY INSUFFICIENT
2360,39.3333333333333,0.655555555555556,35,20.0704602672219,20.7051522977048,1,0,17.8685596278689,797.739222131392,768,0,20,20.6,20,3,5,COOLING IN PROGRESS,PCM CAPACITY INSUFFICIENT
2370,39.5,0.658333333333333,35,20.0704602672219,20.7322028104786,1,0,17.8347464869018,797.739222131392,768,0,20,20.6,20,3,5,COOLING IN PROGRESS,PCM CAPACITY INSUFFICIENT
2380,39.6666666666667,0.661111111111111,35,20.0704602672219,20.7592021348621,1,0,17.8009973314224,797.739222131392,768,0,20,20.6,20,3,5,COOLING IN PROGRESS,PCM CAPACITY INSUFFICIENT
2390,39.8333333333333,0.663888888888889,35,20.0704602672219,20.7861503677206,1,0,17.7673120403492,797.739222131392,768,0,20,20.6,20,3,5,COOLING IN PROGRESS,PCM CAPACITY INSUFFICIENT
2400,40,0.666666666666667,35,20.0704602672219,20.8130476057359,1,0,17.7336904928301,797.739222131392,768,0,20,20.6,20,3,5,COOLING IN PROGRESS,PCM CAPACITY INSUFFICIENT
2410,40.1666666666667,0.669444444444444,35,20.0704602672219,20.8398939454069,1,0,17.7001325682414,797.739222131392,768,0,20,20.6,20,3,5,COOLING IN PROGRESS,PCM CAPACITY INSUFFICIENT
2420,40.3333333333333,0.672222222222222,35,20.0704602672219,20.8666894830498,1,0,17.6666381461877,797.739222131392,768,0,20,20.6,20,3,5,COOLING IN PROGRESS,PCM CAPACITY INSUFFICIENT
2430,40.5,0.675,35,20.0704602672219,20.8934343147987,1,0,17.6332071065016,797.739222131392,768,0,20,20.6,20,3,5,COOLING IN PROGRESS,PCM CAPACITY INSUFFICIENT
2440,40.6666666666667,0.677777777777778,35,20.0704602672219,20.9201285366055,1,0,17.5998393292431,797.739222131392,768,0,20,20.6,20,3,5,COOLING IN PROGRESS,PCM CAPACITY INSUFFICIENT
2450,40.8333333333333,0.680555555555556,35,20.0704602672219,20.9467722442409,1,0,17.5665346946989,797.739222131392,768,0,20,20.6,20,3,5,COOLING IN PROGRESS,PCM CAPACITY INSUFFICIENT
2460,41,0.683333333333333,35,20.0704602672219,20.9733655332941,1,0,17.5332930833824,797.739222131392,768,0,20,20.6,20,3,5,COOLING IN PROGRESS,PCM CAPACITY INSUFFICIENT
2470,41.1666666666667,0.686111111111111,35,20.0704602672219,20.9999084991735,1,0,17.5001143760332,797.739222131392,768,0,20,20.6,20,3,5,COOLING IN PROGRESS,PCM CAPACITY INSUFFICIENT
2480,41.3333333333333,0.688888888888889,35,20.0704602672219,21.0264012371069,1,0,17.4669984536163,797.739222131392,768,0,20,20.6,20,3,5,COOLING IN PROGRESS,PCM CAPACITY INSUFFICIENT
2490,41.5,0.691666666666667,35,20.0704602672219,21.0528438421421,1,0,17.4339451973223,797.739222131392,768,0,20,20.6,20,3,5,COOLING IN PROGRESS,PCM CAPACITY INSUFFICIENT
2500,41.6666666666667,0.694444444444444,35,20.0704602672219,21.0792364091468,1,0,17.4009544885665,797.739222131392,768,0,20,20.6,20,3,5,COOLING IN PROGRESS,PCM CAPACITY INSUFFICIENT
2510,41.8333333333333,0.697222222222222,35,20.0704602672219,21.1055790328092,1,0,17.3680262089885,797.739222131392,768,0,20,20.6,20,3,5,COOLING IN PROGRESS,PCM CAPACITY INSUFFICIENT
2520,42,0.7,35,20.0704602672219,21.1318718076386,1,0,17.3351602404518,797.739222131392,768,0,20,20.6,20,3,5,COOLING IN PROGRESS,PCM CAPACITY INSUFFICIENT
2530,42.1666666666667,0.702777777777778,35,20.0704602672219,21.158114827965,1,0,17.3023564650437,797.739222131392,768,0,20,20.6,20,3,5,COOLING IN PROGRESS,PCM CAPACITY INSUFFICIENT
2540,42.3333333333333,0.705555555555556,35,20.0704602672219,21.1843081879403,1,0,17.2696147650746,797.739222131392,768,0,20,20.6,20,3,5,COOLING IN PROGRESS,PCM CAPACITY INSUFFICIENT
2550,42.5,0.708333333333333,35,20.0704602672219,21.210451981538,1,0,17.2369350230775,797.739222131392,768,0,20,20.6,20,3,5,COOLING IN PROGRESS,PCM CAPACITY INSUFFICIENT
2560,42.6666666666667,0.711111111111111,35,20.0704602672219,21.2365463025539,1,0,17.2043171218077,797.739222131392,768,0,20,20.6,20,3,5,COOLING IN PROGRESS,PCM CAPACITY INSUFFICIENT
2570,42.8333333333333,0.713888888888889,35,20.0704602672219,21.2625912446062,1,0,17.1717609442423,797.739222131392,768,0,20,20.6,20,3,5,COOLING IN PROGRESS,PCM CAPACITY INSUFFICIENT
2580,43,0.716666666666667,35,20.0704602672219,21.288586901136,1,0,17.13926637358,797.739222131392,768,0,20,20.6,20,3,5,COOLING IN PROGRESS,PCM CAPACITY INSUFFICIENT
2590,43.1666666666667,0.719444444444444,35,20.0704602672219,21.3145333654076,1,0,17.1068332932405,797.739222131392,768,0,20,20.6,20,3,5,COOLING IN PROGRESS,PCM CAPACITY INSUFFICIENT
2600,43.3333333333333,0.722222222222222,35,20.0704602672219,21.3404307305088,1,0,17.0744615868639,797.739222131392,768,0,20,20.6,20,3,5,COOLING IN PROGRESS,PCM CAPACITY INSUFFICIENT
2610,43.5,0.725,35,20.0704602672219,21.3662790893513,1,0,17.0421511383109,797.739222131392,768,0,20,20.6,20,3,5,COOLING IN PROGRESS,PCM CAPACITY INSUFFICIENT
2620,43.6666666666667,0.727777777777778,35,20.0704602672219,21.3920785346708,1,0,17.0099018316615,797.739222131392,768,0,20,20.6,20,3,5,COOLING IN PROGRESS,PCM CAPACITY INSUFFICIENT
2630,43.8333333333333,0.730555555555556,35,20.0704602672219,21.4178291590277,1,0,16.9777135512153,797.739222131392,768,0,20,20.6,20,3,5,COOLING IN PROGRESS,PCM CAPACITY INSUFFICIENT
2640,44,0.733333333333333,35,20.0704602672219,21.4435310548073,1,0,16.9455861814909,797.739222131392,768,0,20,20.6,20,3,5,COOLING IN PROGRESS,PCM CAPACITY INSUFFICIENT
2650,44.1666666666667,0.736111111111111,35,20.0704602672219,21.4691843142197,1,0,16.9135196072254,797.739222131392,768,0,20,20.6,20,3,5,COOLING IN PROGRESS,PCM CAPACITY INSUFFICIENT
2660,44.3333333333333,0.738888888888889,35,20.0704602672219,21.4947890293009,1,0,16.8815137133739,797.739222131392,768,0,20,20.6,20,3,5,COOLING IN PROGRESS,PCM CAPACITY INSUFFICIENT
2670,44.5,0.741666666666667,35,20.0704602672219,21.5203452919126,1,0,16.8495683851093,797.739222131392,768,0,20,20.6,20,3,5,COOLING IN PROGRESS,PCM CAPACITY INSUFFICIENT
2680,44.6666666666667,0.744444444444444,35,20.0704602672219,21.5458531937427,1,0,16.8176835078217,797.739222131392,768,0,20,20.6,20,3,5,COOLING IN PROGRESS,PCM CAPACITY INSUFFICIENT
2690,44.8333333333333,0.747222222222222,35,20.0704602672219,21.5713128263055,1,0,16.7858589671182,797.739222131392,768,0,20,20.6,20,3,5,COOLING IN PROGRESS,PCM CAPACITY INSUFFICIENT
2700,45,0.75,35,20.0704602672219,21.5967242809421,1,0,16.7540946488223,797.739222131392,768,0,20,20.6,20,3,5,COOLING IN PROGRESS,PCM CAPACITY INSUFFICIENT
2710,45.1666666666667,0.752777777777778,35,20.0704602672219,21.6220876488212,1,0,16.7223904389736,797.739222131392,768,0,20,20.6,20,3,5,COOLING IN PROGRESS,PCM CAPACITY INSUFFICIENT
2720,45.3333333333333,0.755555555555556,35,20.0704602672219,21.6474030209382,1,0,16.6907462238272,797.739222131392,768,0,20,20.6,20,3,5,COOLING IN PROGRESS,PCM CAPACITY INSUFFICIENT
2730,45.5,0.758333333333333,35,20.0704602672219,21.6726704881171,1,0,16.6591618898537,797.739222131392,768,0,20,20.6,20,3,5,COOLING IN PROGRESS,PCM CAPACITY INSUFFICIENT
2740,45.6666666666667,0.761111111111111,35,20.0704602672219,21.6978901410094,1,0,16.6276373237383,797.739222131392,768,0,20,20.6,20,3,5,COOLING IN PROGRESS,PCM CAPACITY INSUFFICIENT
2750,45.8333333333333,0.763888888888889,35,20.0704602672219,21.7230620700954,1,0,16.5961724123807,797.739222131392,768,0,20,20.6,20,3,5,COOLING IN PROGRESS,PCM CAPACITY INSUFFICIENT
2760,46,0.766666666666667,35,20.0704602672219,21.7481863656842,1,0,16.5647670428948,797.739222131392,768,0,20,20.6,20,3,5,COOLING IN PROGRESS,PCM CAPACITY INSUFFICIENT
2770,46.1666666666667,0.769444444444444,35,20.0704602672219,21.7732631179137,1,0,16.5334211026079,797.739222131392,768,0,20,20.6,20,3,5,COOLING IN PROGRESS,PCM CAPACITY INSUFFICIENT
2780,46.3333333333333,0.772222222222222,35,20.0704602672219,21.7982924167516,1,0,16.5021344790605,797.739222131392,768,0,20,20.6,20,3,5,COOLING IN PROGRESS,PCM CAPACITY INSUFFICIENT
2790,46.5,0.775,35,20.0704602672219,21.8232743519952,1,0,16.4709070600061,797.739222131392,768,0,20,20.6,20,3,5,COOLING IN PROGRESS,PCM CAPACITY INSUFFICIENT
2800,46.6666666666667,0.777777777777778,35,20.0704602672219,21.8482090132717,1,0,16.4397387334103,797.739222131392,768,0,20,20.6,20,3,5,COOLING IN PROGRESS,PCM CAPACITY INSUFFICIENT
2810,46.8333333333333,0.780555555555556,35,20.0704602672219,21.8730964900391,1,0,16.4086293874512,797.739222131392,768,0,20,20.6,20,3,5,COOLING IN PROGRESS,PCM CAPACITY INSUFFICIENT
2820,47,0.783333333333333,35,20.0704602672219,21.8979368715856,1,0,16.377578910518,797.739222131392,768,0,20,20.6,20,3,5,COOLING IN PROGRESS,PCM CAPACITY INSUFFICIENT
2830,47.1666666666667,0.786111111111111,35,20.0704602672219,21.9227302470309,1,0,16.3465871912113,797.739222131392,768,0,20,20.6,20,3,5,COOLING IN PROGRESS,PCM CAPACITY INSUFFICIENT
2840,47.3333333333333,0.788888888888889,35,20.0704602672219,21.9474767053259,1,0,16.3156541183427,797.739222131392,768,0,20,20.6,20,3,5,COOLING IN PROGRESS,PCM CAPACITY INSUFFICIENT
2850,47.5,0.791666666666667,35,20.0704602672219,21.972176335253,1,0,16.2847795809338,797.739222131392,768,0,20,20.6,20,3,5,COOLING IN PROGRESS,PCM CAPACITY INSUFFICIENT
2860,47.6666666666667,0.794444444444444,35,20.0704602672219,21.9968292254268,1,0,16.2539634682165,797.739222131392,768,0,20,20.6,20,3,5,COOLING IN PROGRESS,PCM CAPACITY INSUFFICIENT
2870,47.8333333333333,0.797222222222222,35,20.0704602672219,22.0214354642942,1,0,16.2232056696322,797.739222131392,768,0,20,20.6,20,3,5,COOLING IN PROGRESS,PCM CAPACITY INSUFFICIENT
2880,48,0.8,35,20.0704602672219,22.0459951401346,1,0,16.1925060748317,797.739222131392,768,0,20,20.6,20,3,5,COOLING IN PROGRESS,PCM CAPACITY INSUFFICIENT
2890,48.1666666666667,0.802777777777778,35,20.0704602672219,22.0705083410606,1,0,16.1618645736743,797.739222131392,768,0,20,20.6,20,3,5,COOLING IN PROGRESS,PCM CAPACITY INSUFFICIENT
2900,48.3333333333333,0.805555555555556,35,20.0704602672219,22.0949751550177,1,0,16.1312810562278,797.739222131392,768,0,20,20.6,20,3,5,COOLING IN PROGRESS,PCM CAPACITY INSUFFICIENT
2910,48.5,0.808333333333333,35,20.0704602672219,22.1193956697853,1,0,16.1007554127684,797.739222131392,768,0,20,20.6,20,3,5,COOLING IN PROGRESS,PCM CAPACITY INSUFFICIENT
2920,48.6666666666667,0.811111111111111,35,20.0704602672219,22.1437699729764,1,0,16.0702875337795,797.739222131392,768,0,20,20.6,20,3,5,COOLING IN PROGRESS,PCM CAPACITY INSUFFICIENT
2930,48.8333333333333,0.813888888888889,35,20.0704602672219,22.1680981520385,1,0,16.0398773099519,797.739222131392,768,0,20,20.6,20,3,5,COOLING IN PROGRESS,PCM CAPACITY INSUFFICIENT
2940,49,0.816666666666667,35,20.0704602672219,22.1923802942535,1,0,16.0095246321831,797.739222131392,768,0,20,20.6,20,3,5,COOLING IN PROGRESS,PCM CAPACITY INSUFFICIENT
2950,49.1666666666667,0.819444444444444,35,20.0704602672219,22.2166164867381,1,0,15.9792293915773,797.739222131392,768,0,20,20.6,20,3,5,COOLING IN PROGRESS,PCM CAPACITY INSUFFICIENT
2960,49.3333333333333,0.822222222222222,35,20.0704602672219,22.2408068164441,1,0,15.9489914794448,797.739222131392,768,0,20,20.6,20,3,5,COOLING IN PROGRESS,PCM CAPACITY INSUFFICIENT
2970,49.5,0.825,35,20.0704602672219,22.264951370159,1,0,15.9188107873013,797.739222131392,768,0,20,20.6,20,3,5,COOLING IN PROGRESS,PCM CAPACITY INSUFFICIENT
2980,49.6666666666667,0.827777777777778,35,20.0704602672219,22.2890502345057,1,0,15.8886872068678,797.739222131392,768,0,20,20.6,20,3,5,COOLING IN PROGRESS,PCM CAPACITY INSUFFICIENT
2990,49.8333333333333,0.830555555555556,35,20.0704602672219,22.3131034959435,1,0,15.8586206300706,797.739222131392,768,0,20,20.6,20,3,5,COOLING IN PROGRESS,PCM CAPACITY INSUFFICIENT
3000,50,0.833333333333333,35,20.0704602672219,22.337111240768,1,0,15.82861094904,797.739222131392,768,0,20,20.6,20,3,5,COOLING IN PROGRESS,PCM CAPACITY INSUFFICIENT
3010,50.1666666666667,0.836111111111111,35,20.0704602672219,22.3610735551114,1,0,15.7986580561107,797.739222131392,768,0,20,20.6,20,3,5,COOLING IN PROGRESS,PCM CAPACITY INSUFFICIENT
3020,50.3333333333333,0.838888888888889,35,20.0704602672219,22.384990524943,1,0,15.7687618438212,797.739222131392,768,0,20,20.6,20,3,5,COOLING IN PROGRESS,PCM CAPACITY INSUFFICIENT
3030,50.5,0.841666666666667,35,20.0704602672219,22.4088622360694,1,0,15.7389222049132,797.739222131392,768,0,20,20.6,20,3,5,COOLING IN PROGRESS,PCM CAPACITY INSUFFICIENT
3040,50.6666666666667,0.844444444444444,35,20.0704602672219,22.4326887741349,1,0,15.7091390323314,797.739222131392,768,0,20,20.6,20,3,5,COOLING IN PROGRESS,PCM CAPACITY INSUFFICIENT
3050,50.8333333333333,0.847222222222222,35,20.0704602672219,22.4564702246215,1,0,15.6794122192232,797.739222131392,768,0,20,20.6,20,3,5,COOLING IN PROGRESS,PCM CAPACITY INSUFFICIENT
3060,51,0.85,35,20.0704602672219,22.4802066728497,1,0,15.6497416589379,797.739222131392,768,0,20,20.6,20,3,5,COOLING IN PROGRESS,PCM CAPACITY INSUFFICIENT
3070,51.1666666666667,0.852777777777778,35,20.0704602672219,22.5038982039784,1,0,15.620127245027,797.739222131392,768,0,20,20.6,20,3,5,COOLING IN PROGRESS,PCM CAPACITY INSUFFICIENT
3080,51.3333333333333,0.855555555555556,35,20.0704602672219,22.5275449030055,1,0,15.5905688712431,797.739222131392,768,0,20,20.6,20,3,5,COOLING IN PROGRESS,PCM CAPACITY INSUFFICIENT
3090,51.5,0.858333333333333,35,20.0704602672219,22.5511468547679,1,0,15.5610664315401,797.739222131392,768,0,20,20.6,20,3,5,COOLING IN PROGRESS,PCM CAPACITY INSUFFICIENT
3100,51.6666666666667,0.861111111111111,35,20.0704602672219,22.574704143942,1,0,15.5316198200725,797.739222131392,768,0,20,20.6,20,3,5,COOLING IN PROGRESS,PCM CAPACITY INSUFFICIENT
3110,51.8333333333333,0.863888888888889,35,20.0704602672219,22.598216855044,1,0,15.502228931195,797.739222131392,768,0,20,20.6,20,3,5,COOLING IN PROGRESS,PCM CAPACITY INSUFFICIENT
3120,52,0.866666666666667,35,20.0704602672219,22.6216850724301,1,0,15.4728936594624,797.739222131392,768,0,20,20.6,20,3,5,COOLING IN PROGRESS,PCM CAPACITY INSUFFICIENT
3130,52.1666666666667,0.869444444444444,35,20.0704602672219,22.645108880297,1,0,15.4436138996287,797.739222131392,768,0,20,20.6,20,3,5,COOLING IN PROGRESS,PCM CAPACITY INSUFFICIENT
3140,52.3333333333333,0.872222222222222,35,20.0704602672219,22.668488362682,1,0,15.4143895466476,797.739222131392,768,0,20,20.6,20,3,5,COOLING IN PROGRESS,PCM CAPACITY INSUFFICIENT
3150,52.5,0.875,35,20.0704602672219,22.6918236034632,1,0,15.385220495671,797.739222131392,768,0,20,20.6,20,3,5,COOLING IN PROGRESS,PCM CAPACITY INSUFFICIENT
3160,52.6666666666667,0.877777777777778,35,20.0704602672219,22.7151146863603,1,0,15.3561066420497,797.739222131392,768,0,20,20.6,20,3,5,COOLING IN PROGRESS,PCM CAPACITY INSUFFICIENT
3170,52.8333333333333,0.880555555555556,35,20.0704602672219,22.7383616949343,1,0,15.3270478813321,797.739222131392,768,0,20,20.6,20,3,5,COOLING IN PROGRESS,PCM CAPACITY INSUFFICIENT
3180,53,0.883333333333333,35,20.0704602672219,22.7615647125883,1,0,15.2980441092646,797.739222131392,768,0,20,20.6,20,3,5,COOLING IN PROGRESS,PCM CAPACITY INSUFFICIENT
3190,53.1666666666667,0.886111111111111,35,20.0704602672219,22.7847238225674,1,0,15.2690952217908,797.739222131392,768,0,20,20.6,20,3,5,COOLING IN PROGRESS,PCM CAPACITY INSUFFICIENT
3200,53.3333333333333,0.888888888888889,35,20.0704602672219,22.8078391079592,1,0,15.2402011150509,797.739222131392,768,0,20,20.6,20,3,5,COOLING IN PROGRESS,PCM CAPACITY INSUFFICIENT
3210,53.5,0.891666666666667,35,20.0704602672219,22.8309106516943,1,0,15.2113616853821,797.739222131392,768,0,20,20.6,20,3,5,COOLING IN PROGRESS,PCM CAPACITY INSUFFICIENT
3220,53.6666666666667,0.894444444444444,35,20.0704602672219,22.853938536546,1,0,15.1825768293175,797.739222131392,768,0,20,20.6,20,3,5,COOLING IN PROGRESS,PCM CAPACITY INSUFFICIENT
3230,53.8333333333333,0.897222222222222,35,20.0704602672219,22.8769228451312,1,0,15.153846443586,797.739222131392,768,0,20,20.6,20,3,5,COOLING IN PROGRESS,PCM CAPACITY INSUFFICIENT
3240,54,0.9,35,20.0704602672219,22.8998636599103,1,0,15.1251704251121,797.739222131392,768,0,20,20.6,20,3,5,COOLING IN PROGRESS,PCM CAPACITY INSUFFICIENT
3250,54.1666666666667,0.902777777777778,35,20.0704602672219,22.9227610631878,1,0,15.0965486710152,797.739222131392,768,0,20,20.6,20,3,5,COOLING IN PROGRESS,PCM CAPACITY INSUFFICIENT
3260,54.3333333333333,0.905555555555556,35,20.0704602672219,22.9456151371125,1,0,15.0679810786093,797.739222131392,768,0,20,20.6,20,3,5,COOLING IN PROGRESS,PCM CAPACITY INSUFFICIENT
3270,54.5,0.908333333333333,35,20.0704602672219,22.9684259636777,1,0,15.0394675454029,797.739222131392,768,0,20,20.6,20,3,5,COOLING IN PROGRESS,PCM CAPACITY INSUFFICIENT
3280,54.6666666666667,0.911111111111111,35,20.0704602672219,22.9911936247214,1,0,15.0110079690983,797.739222131392,768,0,20,20.6,20,3,5,COOLING IN PROGRESS,PCM CAPACITY INSUFFICIENT
3290,54.8333333333333,0.913888888888889,35,20.0704602672219,23.0139182019269,1,0,14.9826022475914,797.739222131392,768,0,20,20.6,20,3,5,COOLING IN PROGRESS,PCM CAPACITY INSUFFICIENT
3300,55,0.916666666666667,35,20.0704602672219,23.0365997768228,1,0,14.9542502789715,797.739222131392,768,0,20,20.6,20,3,5,COOLING IN PROGRESS,PCM CAPACITY INSUFFICIENT
3310,55.1666666666667,0.919444444444444,35,20.0704602672219,23.0592384307835,1,0,14.9259519615206,797.739222131392,768,0,20,20.6,20,3,5,COOLING IN PROGRESS,PCM CAPACITY INSUFFICIENT
3320,55.3333333333333,0.922222222222222,35,20.0704602672219,23.0818342450295,1,0,14.8977071937131,797.739222131392,768,0,20,20.6,20,3,5,COOLING IN PROGRESS,PCM CAPACITY INSUFFICIENT
3330,55.5,0.925,35,20.0704602672219,23.1043873006275,1,0,14.8695158742157,797.739222131392,768,0,20,20.6,20,3,5,COOLING IN PROGRESS,PCM CAPACITY INSUFFICIENT
3340,55.6666666666667,0.927777777777778,35,20.0704602672219,23.1268976784906,1,0,14.8413779018867,797.739222131392,768,0,20,20.6,20,3,5,COOLING IN PROGRESS,PCM CAPACITY INSUFFICIENT
3350,55.8333333333333,0.930555555555556,35,20.0704602672219,23.1493654593793,1,0,14.8132931757759,797.739222131392,768,0,20,20.6,20,3,5,COOLING IN PROGRESS,PCM CAPACITY INSUFFICIENT
3360,56,0.933333333333333,35,20.0704602672219,23.1717907239007,1,0,14.7852615951241,797.739222131392,768,0,20,20.6,20,3,5,COOLING IN PROGRESS,PCM CAPACITY INSUFFICIENT
3370,56.1666666666667,0.936111111111111,35,20.0704602672219,23.1941735525097,1,0,14.7572830593628,797.739222131392,768,0,20,20.6,20,3,5,COOLING IN PROGRESS,PCM CAPACITY INSUFFICIENT
3380,56.3333333333333,0.938888888888889,35,20.0704602672219,23.216514025509,1,0,14.7293574681137,797.739222131392,768,0,20,20.6,20,3,5,COOLING IN PROGRESS,PCM CAPACITY INSUFFICIENT
3390,56.5,0.941666666666667,35,20.0704602672219,23.2388122230491,1,0,14.7014847211886,797.739222131392,768,0,20,20.6,20,3,5,COOLING IN PROGRESS,PCM CAPACITY INSUFFICIENT
3400,56.6666666666667,0.944444444444444,35,20.0704602672219,23.261068225129,1,0,14.6736647185887,797.739222131392,768,0,20,20.6,20,3,5,COOLING IN PROGRESS,PCM CAPACITY INSUFFICIENT
3410,56.8333333333333,0.947222222222222,35,20.0704602672219,23.2832821115963,1,0,14.6458973605047,797.739222131392,768,0,20,20.6,20,3,5,COOLING IN PROGRESS,PCM CAPACITY INSUFFICIENT
3420,57,0.95,35,20.0704602672219,23.3054539621474,1,0,14.6181825473158,797.739222131392,768,0,20,20.6,20,3,5,COOLING IN PROGRESS,PCM CAPACITY INSUFFICIENT
3430,57.1666666666667,0.952777777777778,35,20.0704602672219,23.327583856328,1,0,14.5905201795901,797.739222131392,768,0,20,20.6,20,3,5,COOLING IN PROGRESS,PCM CAPACITY INSUFFICIENT
3440,57.3333333333333,0.955555555555556,35,20.0704602672219,23.3496718735332,1,0,14.5629101580835,797.739222131392,768,0,20,20.6,20,3,5,COOLING IN PROGRESS,PCM CAPACITY INSUFFICIENT
3450,57.5,0.958333333333333,35,20.0704602672219,23.3717180930079,1,0,14.5353523837401,797.739222131392,768,0,20,20.6,20,3,5,COOLING IN PROGRESS,PCM CAPACITY INSUFFICIENT
3460,57.6666666666667,0.961111111111111,35,20.0704602672219,23.3937225938471,1,0,14.5078467576912,797.739222131392,768,0,20,20.6,20,3,5,COOLING IN PROGRESS,PCM CAPACITY INSUFFICIENT
3470,57.8333333333333,0.963888888888889,35,20.0704602672219,23.415685454996,1,0,14.480393181255,797.739222131392,768,0,20,20.6,20,3,5,COOLING IN PROGRESS,PCM CAPACITY INSUFFICIENT
3480,58,0.966666666666667,35,20.0704602672219,23.4376067552505,1,0,14.4529915559369,797.739222131392,768,0,20,20.6,20,3,5,COOLING IN PROGRESS,PCM CAPACITY INSUFFICIENT
3490,58.1666666666667,0.969444444444444,35,20.0704602672219,23.4594865732573,1,0,14.4256417834283,797.739222131392,768,0,20,20.6,20,3,5,COOLING IN PROGRESS,PCM CAPACITY INSUFFICIENT
3500,58.3333333333333,0.972222222222222,35,20.0704602672219,23.4813249875144,1,0,14.3983437656069,797.739222131392,768,0,20,20.6,20,3,5,COOLING IN PROGRESS,PCM CAPACITY INSUFFICIENT
3510,58.5,0.975,35,20.0704602672219,23.5031220763713,1,0,14.3710974045359,797.739222131392,768,0,20,20.6,20,3,5,COOLING IN PROGRESS,PCM CAPACITY INSUFFICIENT
3520,58.6666666666667,0.977777777777778,35,20.0704602672219,23.5248779180289,1,0,14.3439026024639,797.739222131392,768,0,20,20.6,20,3,5,COOLING IN PROGRESS,PCM CAPACITY INSUFFICIENT
3530,58.8333333333333,0.980555555555556,35,20.0704602672219,23.5465925905405,1,0,14.3167592618244,797.739222131392,768,0,20,20.6,20,3,5,COOLING IN PROGRESS,PCM CAPACITY INSUFFICIENT
3540,59,0.983333333333333,35,20.0704602672219,23.5682661718114,1,0,14.2896672852358,797.739222131392,768,0,20,20.6,20,3,5,COOLING IN PROGRESS,PCM CAPACITY INSUFFICIENT
3550,59.1666666666667,0.986111111111111,35,20.0704602672219,23.5898987395998,1,0,14.2626265755003,797.739222131392,768,0,20,20.6,20,3,5,COOLING IN PROGRESS,PCM CAPACITY INSUFFICIENT
3560,59.3333333333333,0.988888888888889,35,20.0704602672219,23.6114903715164,1,0,14.2356370356045,797.739222131392,768,0,20,20.6,20,3,5,COOLING IN PROGRESS,PCM CAPACITY INSUFFICIENT
3570,59.5,0.991666666666667,35,20.0704602672219,23.6330411450255,1,0,14.2086985687182,797.739222131392,768,0,20,20.6,20,3,5,COOLING IN PROGRESS,PCM CAPACITY INSUFFICIENT
3580,59.6666666666667,0.994444444444444,35,20.0704602672219,23.6545511374442,1,0,14.1818110781947,797.739222131392,768,0,20,20.6,20,3,5,COOLING IN PROGRESS,PCM CAPACITY INSUFFICIENT
3590,59.8333333333333,0.997222222222222,35,20.0704602672219,23.6760204259439,1,0,14.1549744675701,797.739222131392,768,0,20,20.6,20,3,5,COOLING IN PROGRESS,PCM CAPACITY INSUFFICIENT
3600,60,1,35,20.0704602672219,23.6974490875495,1,0,14.1281886405631,797.739222131392,768,0,20,20.6,20,3,5,COOLING IN PROGRESS,PCM CAPACITY INSUFFICIENT
3610,60.1666666666667,1.00277777777778,35,20.0704602672219,23.7188371991405,1,0,14.1014535010743,797.739222131392,768,0,20,20.6,20,3,5,COOLING IN PROGRESS,PCM CAPACITY INSUFFICIENT
3620,60.3333333333333,1.00555555555556,35,20.0704602672219,23.7401848374507,1,0,14.0747689531867,797.739222131392,768,0,20,20.6,20,3,5,COOLING IN PROGRESS,PCM CAPACITY INSUFFICIENT
3630,60.5,1.00833333333333,35,20.0704602672219,23.7614920790686,1,0,14.0481349011643,797.739222131392,768,0,20,20.6,20,3,5,COOLING IN PROGRESS,PCM CAPACITY INSUFFICIENT
3640,60.6666666666667,1.01111111111111,35,20.0704602672219,23.782759000438,1,0,14.0215512494525,797.739222131392,768,0,20,20.6,20,3,5,COOLING IN PROGRESS,PCM CAPACITY INSUFFICIENT
3650,60.8333333333333,1.01388888888889,35,20.0704602672219,23.8039856778579,1,0,13.9950179026776,797.739222131392,768,0,20,20.6,20,3,5,COOLING IN PROGRESS,PCM CAPACITY INSUFFICIENT
3660,61,1.01666666666667,35,20.0704602672219,23.8251721874831,1,0,13.9685347656461,797.739222131392,768,0,20,20.6,20,3,5,COOLING IN PROGRESS,PCM CAPACITY INSUFFICIENT
3670,61.1666666666667,1.01944444444444,35,20.0704602672219,23.8463186053241,1,0,13.9421017433449,797.739222131392,768,0,20,20.6,20,3,5,COOLING IN PROGRESS,PCM CAPACITY INSUFFICIENT
3680,61.3333333333333,1.02222222222222,35,20.0704602672219,23.8674250072476,1,0,13.9157187409405,797.739222131392,768,0,20,20.6,20,3,5,COOLING IN PROGRESS,PCM CAPACITY INSUFFICIENT
3690,61.5,1.025,35,20.0704602672219,23.8884914689768,1,0,13.889385663779,797.739222131392,768,0,20,20.6,20,3,5,COOLING IN PROGRESS,PCM CAPACITY INSUFFICIENT
3700,61.6666666666667,1.02777777777778,35,20.0704602672219,23.9095180660916,1,0,13.8631024173855,797.739222131392,768,0,20,20.6,20,3,5,COOLING IN PROGRESS,PCM CAPACITY INSUFFICIENT
3710,61.8333333333333,1.03055555555556,35,20.0704602672219,23.9305048740288,1,0,13.836868907464,797.739222131392,768,0,20,20.6,20,3,5,COOLING IN PROGRESS,PCM CAPACITY INSUFFICIENT
3720,62,1.03333333333333,35,20.0704602672219,23.9514519680825,1,0,13.8106850398969,797.739222131392,768,0,20,20.6,20,3,5,COOLING IN PROGRESS,PCM CAPACITY INSUFFICIENT
3730,62.1666666666667,1.03611111111111,35,20.0704602672219,23.9723594234043,1,0,13.7845507207446,797.739222131392,768,0,20,20.6,20,3,5,COOLING IN PROGRESS,PCM CAPACITY INSUFFICIENT
3740,62.3333333333333,1.03888888888889,35,20.0704602672219,23.9932273150037,1,0,13.7584658562454,797.739222131392,768,0,20,20.6,20,3,5,COOLING IN PROGRESS,PCM CAPACITY INSUFFICIENT
3750,62.5,1.04166666666667,35,20.0704602672219,24.014055717748,1,0,13.732430352815,797.739222131392,768,0,20,20.6,20,3,5,COOLING IN PROGRESS,PCM CAPACITY INSUFFICIENT
3760,62.6666666666667,1.04444444444444,35,20.0704602672219,24.0348447063631,1,0,13.7064441170461,797.739222131392,768,0,20,20.6,20,3,5,COOLING IN PROGRESS,PCM CAPACITY INSUFFICIENT
3770,62.8333333333333,1.04722222222222,35,20.0704602672219,24.0555943554334,1,0,13.6805070557082,797.739222131392,768,0,20,20.6,20,3,5,COOLING IN PROGRESS,PCM CAPACITY INSUFFICIENT
3780,63,1.05,35,20.0704602672219,24.0763047394021,1,0,13.6546190757473,797.739222131392,768,0,20,20.6,20,3,5,COOLING IN PROGRESS,PCM CAPACITY INSUFFICIENT
3790,63.1666666666667,1.05277777777778,35,20.0704602672219,24.0969759325716,1,0,13.6287800842854,797.739222131392,768,0,20,20.6,20,3,5,COOLING IN PROGRESS,PCM CAPACITY INSUFFICIENT
3800,63.3333333333333,1.05555555555556,35,20.0704602672219,24.1176080091037,1,0,13.6029899886203,797.739222131392,768,0,20,20.6,20,3,5,COOLING IN PROGRESS,PCM CAPACITY INSUFFICIENT
3810,63.5,1.05833333333333,35,20.0704602672219,24.1382010430198,1,0,13.5772486962253,797.739222131392,768,0,20,20.6,20,3,5,COOLING IN PROGRESS,PCM CAPACITY INSUFFICIENT
3820,63.6666666666667,1.06111111111111,35,20.0704602672219,24.1587551082011,1,0,13.5515561147486,797.739222131392,768,0,20,20.6,20,3,5,COOLING IN PROGRESS,PCM CAPACITY INSUFFICIENT
3830,63.8333333333333,1.06388888888889,35,20.0704602672219,24.1792702783894,1,0,13.5259121520132,797.739222131392,768,0,20,20.6,20,3,5,COOLING IN PROGRESS,PCM CAPACITY INSUFFICIENT
3840,64,1.06666666666667,35,20.0704602672219,24.1997466271866,1,0,13.5003167160168,797.739222131392,768,0,20,20.6,20,3,5,COOLING IN PROGRESS,PCM CAPACITY INSUFFICIENT
3850,64.1666666666667,1.06944444444444,35,20.0704602672219,24.2201842280554,1,0,13.4747697149307,797.739222131392,768,0,20,20.6,20,3,5,COOLING IN PROGRESS,PCM CAPACITY INSUFFICIENT
3860,64.3333333333333,1.07222222222222,35,20.0704602672219,24.2405831543196,1,0,13.4492710571005,797.739222131392,768,0,20,20.6,20,3,5,COOLING IN PROGRESS,PCM CAPACITY INSUFFICIENT
3870,64.5,1.075,35,20.0704602672219,24.2609434791641,1,0,13.4238206510449,797.739222131392,768,0,20,20.6,20,3,5,COOLING IN PROGRESS,PCM CAPACITY INSUFFICIENT
3880,64.6666666666667,1.07777777777778,35,20.0704602672219,24.2812652756354,1,0,13.3984184054558,797.739222131392,768,0,20,20.6,20,3,5,COOLING IN PROGRESS,PCM CAPACITY INSUFFICIENT
3890,64.8333333333333,1.08055555555556,35,20.0704602672219,24.3015486166417,1,0,13.3730642291978,797.739222131392,768,0,20,20.6,20,3,5,COOLING IN PROGRESS,PCM CAPACITY INSUFFICIENT
3900,65,1.08333333333333,35,20.0704602672219,24.3217935749534,1,0,13.3477580313082,797.739222131392,768,0,20,20.6,20,3,5,COOLING IN PROGRESS,PCM CAPACITY INSUFFICIENT
3910,65.1666666666667,1.08611111111111,35,20.0704602672219,24.3420002232029,1,0,13.3224997209963,797.739222131392,768,0,20,20.6,20,3,5,COOLING IN PROGRESS,PCM CAPACITY INSUFFICIENT
3920,65.3333333333333,1.08888888888889,35,20.0704602672219,24.3621686338855,1,0,13.2972892076431,797.739222131392,768,0,20,20.6,20,3,5,COOLING IN PROGRESS,PCM CAPACITY INSUFFICIENT
3930,65.5,1.09166666666667,35,20.0704602672219,24.382298879359,1,0,13.2721264008013,797.739222131392,768,0,20,20.6,20,3,5,COOLING IN PROGRESS,PCM CAPACITY INSUFFICIENT
3940,65.6666666666667,1.09444444444444,35,20.0704602672219,24.4023910318444,1,0,13.2470112101944,797.739222131392,768,0,20,20.6,20,3,5,COOLING IN PROGRESS,PCM CAPACITY INSUFFICIENT
3950,65.8333333333333,1.09722222222222,35,20.0704602672219,24.4224451634262,1,0,13.2219435457172,797.739222131392,768,0,20,20.6,20,3,5,COOLING IN PROGRESS,PCM CAPACITY INSUFFICIENT
3960,66,1.1,35,20.0704602672219,24.4424613460523,1,0,13.1969233174346,797.739222131392,768,0,20,20.6,20,3,5,COOLING IN PROGRESS,PCM CAPACITY INSUFFICIENT
3970,66.1666666666667,1.10277777777778,35,20.0704602672219,24.4624396515345,1,0,13.1719504355819,797.739222131392,768,0,20,20.6,20,3,5,COOLING IN PROGRESS,PCM CAPACITY INSUFFICIENT
3980,66.3333333333333,1.10555555555556,35,20.0704602672219,24.4823801515486,1,0,13.1470248105642,797.739222131392,768,0,20,20.6,20,3,5,COOLING IN PROGRESS,PCM CAPACITY INSUFFICIENT
3990,66.5,1.10833333333333,35,20.0704602672219,24.5022829176351,1,0,13.1221463529562,797.739222131392,768,0,20,20.6,20,3,5,COOLING IN PROGRESS,PCM CAPACITY INSUFFICIENT
4000,66.6666666666667,1.11111111111111,35,20.0704602672219,24.5221480211985,1,0,13.0973149735018,797.739222131392,768,0,20,20.6,20,3,5,COOLING IN PROGRESS,PCM CAPACITY INSUFFICIENT
4010,66.8333333333333,1.11388888888889,35,20.0704602672219,24.541975533509,1,0,13.0725305831137,797.739222131392,768,0,20,20.6,20,3,5,COOLING IN PROGRESS,PCM CAPACITY INSUFFICIENT
4020,67,1.11666666666667,35,20.0704602672219,24.5617655257013,1,0,13.0477930928734,797.739222131392,768,0,20,20.6,20,3,5,COOLING IN PROGRESS,PCM CAPACITY INSUFFICIENT
4030,67.1666666666667,1.11944444444444,35,20.0704602672219,24.5815180687758,1,0,13.0231024140303,797.739222131392,768,0,20,20.6,20,3,5,COOLING IN PROGRESS,PCM CAPACITY INSUFFICIENT
4040,67.3333333333333,1.12222222222222,35,20.0704602672219,24.6012332335982,1,0,12.9984584580022,797.739222131392,768,0,20,20.6,20,3,5,COOLING IN PROGRESS,PCM CAPACITY INSUFFICIENT
4050,67.5,1.125,35,20.0704602672219,24.6209110909006,1,0,12.9738611363742,797.739222131392,768,0,20,20.6,20,3,5,COOLING IN PROGRESS,PCM CAPACITY INSUFFICIENT
4060,67.6666666666667,1.12777777777778,35,20.0704602672219,24.6405517112809,1,0,12.9493103608989,797.739222131392,768,0,20,20.6,20,3,5,COOLING IN PROGRESS,PCM CAPACITY INSUFFICIENT
4070,67.8333333333333,1.13055555555556,35,20.0704602672219,24.6601551652035,1,0,12.9248060434956,797.739222131392,768,0,20,20.6,20,3,5,COOLING IN PROGRESS,PCM CAPACITY INSUFFICIENT
4080,68,1.13333333333333,35,20.0704602672219,24.6797215229994,1,0,12.9003480962507,797.739222131392,768,0,20,20.6,20,3,5,COOLING IN PROGRESS,PCM CAPACITY INSUFFICIENT
4090,68.1666666666667,1.13611111111111,35,20.0704602672219,24.6992508548667,1,0,12.8759364314166,797.739222131392,768,0,20,20.6,20,3,5,COOLING IN PROGRESS,PCM CAPACITY INSUFFICIENT
4100,68.3333333333333,1.13888888888889,35,20.0704602672219,24.7187432308704,1,0,12.851570961412,797.739222131392,768,0,20,20.6,20,3,5,COOLING IN PROGRESS,PCM CAPACITY INSUFFICIENT
4110,68.5,1.14166666666667,35,20.0704602672219,24.7381987209431,1,0,12.8272515988211,797.739222131392,768,0,20,20.6,20,3,5,COOLING IN PROGRESS,PCM CAPACITY INSUFFICIENT
4120,68.6666666666667,1.14444444444444,35,20.0704602672219,24.7576173948851,1,0,12.8029782563937,797.739222131392,768,0,20,20.6,20,3,5,COOLING IN PROGRESS,PCM CAPACITY INSUFFICIENT
4130,68.8333333333333,1.14722222222222,35,20.0704602672219,24.7769993223643,1,0,12.7787508470446,797.739222131392,768,0,20,20.6,20,3,5,COOLING IN PROGRESS,PCM CAPACITY INSUFFICIENT
4140,69,1.15,35,20.0704602672219,24.7963445729171,1,0,12.7545692838536,797.739222131392,768,0,20,20.6,20,3,5,COOLING IN PROGRESS,PCM CAPACITY INSUFFICIENT
4150,69.1666666666667,1.15277777777778,35,20.0704602672219,24.8156532159483,1,0,12.7304334800646,797.739222131392,768,0,20,20.6,20,3,5,COOLING IN PROGRESS,PCM CAPACITY INSUFFICIENT
4160,69.3333333333333,1.15555555555556,35,20.0704602672219,24.8349253207312,1,0,12.706343349086,797.739222131392,768,0,20,20.6,20,3,5,COOLING IN PROGRESS,PCM CAPACITY INSUFFICIENT
4170,69.5,1.15833333333333,35,20.0704602672219,24.854160956408,1,0,12.68229880449,797.739222131392,768,0,20,20.6,20,3,5,COOLING IN PROGRESS,PCM CAPACITY INSUFFICIENT
4180,69.6666666666667,1.16111111111111,35,20.0704602672219,24.8733601919902,1,0,12.6582997600122,797.739222131392,768,0,20,20.6,20,3,5,COOLING IN PROGRESS,PCM CAPACITY INSUFFICIENT
4190,69.8333333333333,1.16388888888889,35,20.0704602672219,24.8925230963587,1,0,12.6343461295516,797.739222131392,768,0,20,20.6,20,3,5,COOLING IN PROGRESS,PCM CAPACITY INSUFFICIENT
4200,70,1.16666666666667,35,20.0704602672219,24.9116497382639,1,0,12.6104378271701,797.739222131392,768,0,20,20.6,20,3,5,COOLING IN PROGRESS,PCM CAPACITY INSUFFICIENT
4210,70.1666666666667,1.16944444444444,35,20.0704602672219,24.9307401863263,1,0,12.5865747670921,797.739222131392,768,0,20,20.6,20,3,5,COOLING IN PROGRESS,PCM CAPACITY INSUFFICIENT
4220,70.3333333333333,1.17222222222222,35,20.0704602672219,24.9497945090364,1,0,12.5627568637045,797.739222131392,768,0,20,20.6,20,3,5,COOLING IN PROGRESS,PCM CAPACITY INSUFFICIENT
4230,70.5,1.175,35,20.0704602672219,24.9688127747552,1,0,12.538984031556,797.739222131392,768,0,20,20.6,20,3,5,COOLING IN PROGRESS,PCM CAPACITY INSUFFICIENT
4240,70.6666666666667,1.17777777777778,35,20.0704602672219,24.9877950517142,1,0,12.5152561853572,797.739222131392,768,0,20,20.6,20,3,5,COOLING IN PROGRESS,PCM CAPACITY INSUFFICIENT
4250,70.8333333333333,1.18055555555556,35,20.0704602672219,25.006741408016,1,0,12.49157323998,797.739222131392,768,0,20,20.6,20,3,5,COOLING IN PROGRESS,PCM CAPACITY INSUFFICIENT
4260,71,1.18333333333333,35,20.0704602672219,25.025651911634,1,0,12.4679351104575,797.739222131392,768,0,20,20.6,20,3,5,COOLING IN PROGRESS,PCM CAPACITY INSUFFICIENT
4270,71.1666666666667,1.18611111111111,35,20.0704602672219,25.0445266304133,1,0,12.4443417119834,797.739222131392,768,0,20,20.6,20,3,5,COOLING IN PROGRESS,PCM CAPACITY INSUFFICIENT
4280,71.3333333333333,1.18888888888889,35,20.0704602672219,25.0633656320704,1,0,12.420792959912,797.739222131392,768,0,20,20.6,20,3,5,COOLING IN PROGRESS,PCM CAPACITY INSUFFICIENT
4290,71.5,1.19166666666667,35,20.0704602672219,25.0821689841938,1,0,12.3972887697577,797.739222131392,768,0,20,20.6,20,3,5,COOLING IN PROGRESS,PCM CAPACITY INSUFFICIENT
4300,71.6666666666667,1.19444444444444,35,20.0704602672219,25.1009367542441,1,0,12.3738290571949,797.739222131392,768,0,20,20.6,20,3,5,COOLING IN PROGRESS,PCM CAPACITY INSUFFICIENT
4310,71.8333333333333,1.19722222222222,35,20.0704602672219,25.1196690095541,1,0,12.3504137380574,797.739222131392,768,0,20,20.6,20,3,5,COOLING IN PROGRESS,PCM CAPACITY INSUFFICIENT
4320,72,1.2,35,20.0704602672219,25.1383658173293,1,0,12.3270427283384,797.739222131392,768,0,20,20.6,20,3,5,COOLING IN PROGRESS,PCM CAPACITY INSUFFICIENT
4330,72.1666666666667,1.20277777777778,35,20.0704602672219,25.1570272446479,1,0,12.3037159441901,797.739222131392,768,0,20,20.6,20,3,5,COOLING IN PROGRESS,PCM CAPACITY INSUFFICIENT
4340,72.3333333333333,1.20555555555556,35,20.0704602672219,25.1756533584614,1,0,12.2804333019233,797.739222131392,768,0,20,20.6,20,3,5,COOLING IN PROGRESS,PCM CAPACITY INSUFFICIENT
4350,72.5,1.20833333333333,35,20.0704602672219,25.1942442255944,1,0,12.257194718007,797.739222131392,768,0,20,20.6,20,3,5,COOLING IN PROGRESS,PCM CAPACITY INSUFFICIENT
4360,72.6666666666667,1.21111111111111,35,20.0704602672219,25.2127999127451,1,0,12.2340001090686,797.739222131392,768,0,20,20.6,20,3,5,COOLING IN PROGRESS,PCM CAPACITY INSUFFICIENT
4370,72.8333333333333,1.21388888888889,35,20.0704602672219,25.2313204864855,1,0,12.2108493918931,797.739222131392,768,0,20,20.6,20,3,5,COOLING IN PROGRESS,PCM CAPACITY INSUFFICIENT
4380,73,1.21666666666667,35,20.0704602672219,25.2498060132617,1,0,12.1877424834228,797.739222131392,768,0,20,20.6,20,3,5,COOLING IN PROGRESS,PCM CAPACITY INSUFFICIENT
4390,73.1666666666667,1.21944444444444,35,20.0704602672219,25.2682565593939,1,0,12.1646793007576,797.739222131392,768,0,20,20.6,20,3,5,COOLING IN PROGRESS,PCM CAPACITY INSUFFICIENT
4400,73.3333333333333,1.22222222222222,35,20.0704602672219,25.286672191077,1,0,12.1416597611538,797.739222131392,768,0,20,20.6,20,3,5,COOLING IN PROGRESS,PCM CAPACITY INSUFFICIENT
4410,73.5,1.225,35,20.0704602672219,25.3050529743803,1,0,12.1186837820247,797.739222131392,768,0,20,20.6,20,3,5,COOLING IN PROGRESS,PCM CAPACITY INSUFFICIENT
4420,73.6666666666667,1.22777777777778,35,20.0704602672219,25.3233989752485,1,0,12.0957512809394,797.739222131392,768,0,20,20.6,20,3,5,COOLING IN PROGRESS,PCM CAPACITY INSUFFICIENT
4430,73.8333333333333,1.23055555555556,35,20.0704602672219,25.3417102595012,1,0,12.0728621756235,797.739222131392,768,0,20,20.6,20,3,5,COOLING IN PROGRESS,PCM CAPACITY INSUFFICIENT
4440,74,1.23333333333333,35,20.0704602672219,25.3599868928336,1,0,12.050016383958,797.739222131392,768,0,20,20.6,20,3,5,COOLING IN PROGRESS,PCM CAPACITY INSUFFICIENT
4450,74.1666666666667,1.23611111111111,35,20.0704602672219,25.3782289408166,1,0,12.0272138239793,797.739222131392,768,0,20,20.6,20,3,5,COOLING IN PROGRESS,PCM CAPACITY INSUFFICIENT
4460,74.3333333333333,1.23888888888889,35,20.0704602672219,25.3964364688968,1,0,12.004454413879,797.739222131392,768,0,20,20.6,20,3,5,COOLING IN PROGRESS,PCM CAPACITY INSUFFICIENT
4470,74.5,1.24166666666667,35,20.0704602672219,25.4146095423972,1,0,11.9817380720035,797.739222131392,768,0,20,20.6,20,3,5,COOLING IN PROGRESS,PCM CAPACITY INSUFFICIENT
4480,74.6666666666667,1.24444444444444,35,20.0704602672219,25.4327482265171,1,0,11.9590647168537,797.739222131392,768,0,20,20.6,20,3,5,COOLING IN PROGRESS,PCM CAPACITY INSUFFICIENT
4490,74.8333333333333,1.24722222222222,35,20.0704602672219,25.4508525863324,1,0,11.9364342670845,797.739222131392,768,0,20,20.6,20,3,5,COOLING IN PROGRESS,PCM CAPACITY INSUFFICIENT
4500,75,1.25,35,20.0704602672219,25.4689226867959,1,0,11.9138466415051,797.739222131392,768,0,20,20.6,20,3,5,COOLING IN PROGRESS,PCM CAPACITY INSUFFICIENT
4510,75.1666666666667,1.25277777777778,35,20.0704602672219,25.4869585927375,1,0,11.8913017590781,797.739222131392,768,0,20,20.6,20,3,5,COOLING IN PROGRESS,PCM CAPACITY INSUFFICIENT
4520,75.3333333333333,1.25555555555556,35,20.0704602672219,25.5049603688643,1,0,11.8687995389196,797.739222131392,768,0,20,20.6,20,3,5,COOLING IN PROGRESS,PCM CAPACITY INSUFFICIENT
4530,75.5,1.25833333333333,35,20.0704602672219,25.5229280797611,1,0,11.8463399002986,797.739222131392,768,0,20,20.6,20,3,5,COOLING IN PROGRESS,PCM CAPACITY INSUFFICIENT
4540,75.6666666666667,1.26111111111111,35,20.0704602672219,25.5408617898904,1,0,11.823922762637,797.739222131392,768,0,20,20.6,20,3,5,COOLING IN PROGRESS,PCM CAPACITY INSUFFICIENT
4550,75.8333333333333,1.26388888888889,35,20.0704602672219,25.5587615635927,1,0,11.8015480455091,797.739222131392,768,0,20,20.6,20,3,5,COOLING IN PROGRESS,PCM CAPACITY INSUFFICIENT
4560,76,1.26666666666667,35,20.0704602672219,25.5766274650869,1,0,11.7792156686414,797.739222131392,768,0,20,20.6,20,3,5,COOLING IN PROGRESS,PCM CAPACITY INSUFFICIENT
4570,76.1666666666667,1.26944444444444,35,20.0704602672219,25.5944595584702,1,0,11.7569255519123,797.739222131392,768,0,20,20.6,20,3,5,COOLING IN PROGRESS,PCM CAPACITY INSUFFICIENT
4580,76.3333333333333,1.27222222222222,35,20.0704602672219,25.6122579077185,1,0,11.7346776153519,797.739222131392,768,0,20,20.6,20,3,5,COOLING IN PROGRESS,PCM CAPACITY INSUFFICIENT
4590,76.5,1.275,35,20.0704602672219,25.6300225766867,1,0,11.7124717791416,797.739222131392,768,0,20,20.6,20,3,5,COOLING IN PROGRESS,PCM CAPACITY INSUFFICIENT
4600,76.6666666666667,1.27777777777778,35,20.0704602672219,25.6477536291091,1,0,11.6903079636137,797.739222131392,768,0,20,20.6,20,3,5,COOLING IN PROGRESS,PCM CAPACITY INSUFFICIENT
4610,76.8333333333333,1.28055555555556,35,20.0704602672219,25.6654511285988,1,0,11.6681860892515,797.739222131392,768,0,20,20.6,20,3,5,COOLING IN PROGRESS,PCM CAPACITY INSUFFICIENT
4620,77,1.28333333333333,35,20.0704602672219,25.6831151386493,1,0,11.6461060766884,797.739222131392,768,0,20,20.6,20,3,5,COOLING IN PROGRESS,PCM CAPACITY INSUFFICIENT
4630,77.1666666666667,1.28611111111111,35,20.0704602672219,25.7007457226333,1,0,11.6240678467084,797.739222131392,768,0,20,20.6,20,3,5,COOLING IN PROGRESS,PCM CAPACITY INSUFFICIENT
4640,77.3333333333333,1.28888888888889,35,20.0704602672219,25.7183429438037,1,0,11.6020713202454,797.739222131392,768,0,20,20.6,20,3,5,COOLING IN PROGRESS,PCM CAPACITY INSUFFICIENT
4650,77.5,1.29166666666667,35,20.0704602672219,25.735906865294,1,0,11.5801164183825,797.739222131392,768,0,20,20.6,20,3,5,COOLING IN PROGRESS,PCM CAPACITY INSUFFICIENT
4660,77.6666666666667,1.29444444444444,35,20.0704602672219,25.7534375501181,1,0,11.5582030623524,797.739222131392,768,0,20,20.6,20,3,5,COOLING IN PROGRESS,PCM CAPACITY INSUFFICIENT
4670,77.8333333333333,1.29722222222222,35,20.0704602672219,25.7709350611705,1,0,11.5363311735369,797.739222131392,768,0,20,20.6,20,3,5,COOLING IN PROGRESS,PCM CAPACITY INSUFFICIENT
4680,78,1.3,35,20.0704602672219,25.7883994612268,1,0,11.5145006734665,797.739222131392,768,0,20,20.6,20,3,5,COOLING IN PROGRESS,PCM CAPACITY INSUFFICIENT
4690,78.1666666666667,1.30277777777778,35,20.0704602672219,25.8058308129439,1,0,11.4927114838202,797.739222131392,768,0,20,20.6,20,3,5,COOLING IN PROGRESS,PCM CAPACITY INSUFFICIENT
4700,78.3333333333333,1.30555555555556,35,20.0704602672219,25.8232291788598,1,0,11.4709635264252,797.739222131392,768,0,20,20.6,20,3,5,COOLING IN PROGRESS,PCM CAPACITY INSUFFICIENT
4710,78.5,1.30833333333333,35,20.0704602672219,25.8405946213947,1,0,11.4492567232567,797.739222131392,768,0,20,20.6,20,3,5,COOLING IN PROGRESS,PCM CAPACITY INSUFFICIENT
4720,78.6666666666667,1.31111111111111,35,20.0704602672219,25.8579272028501,1,0,11.4275909964374,797.739222131392,768,0,20,20.6,20,3,5,COOLING IN PROGRESS,PCM CAPACITY INSUFFICIENT
4730,78.8333333333333,1.31388888888889,35,20.0704602672219,25.8752269854101,1,0,11.4059662682374,797.739222131392,768,0,20,20.6,20,3,5,COOLING IN PROGRESS,PCM CAPACITY INSUFFICIENT
4740,79,1.31666666666667,35,20.0704602672219,25.8924940311407,1,0,11.3843824610741,797.739222131392,768,0,20,20.6,20,3,5,COOLING IN PROGRESS,PCM CAPACITY INSUFFICIENT
4750,79.1666666666667,1.31944444444444,35,20.0704602672219,25.9097284019908,1,0,11.3628394975115,797.739222131392,768,0,20,20.6,20,3,5,COOLING IN PROGRESS,PCM CAPACITY INSUFFICIENT
4760,79.3333333333333,1.32222222222222,35,20.0704602672219,25.9269301597919,1,0,11.3413373002601,797.739222131392,768,0,20,20.6,20,3,5,COOLING IN PROGRESS,PCM CAPACITY INSUFFICIENT
4770,79.5,1.325,35,20.0704602672219,25.9440993662586,1,0,11.3198757921768,797.739222131392,768,0,20,20.6,20,3,5,COOLING IN PROGRESS,PCM CAPACITY INSUFFICIENT
4780,79.6666666666667,1.32777777777778,35,20.0704602672219,25.9612360829884,1,0,11.2984548962645,797.739222131392,768,0,20,20.6,20,3,5,COOLING IN PROGRESS,PCM CAPACITY INSUFFICIENT
4790,79.8333333333333,1.33055555555556,35,20.0704602672219,25.9783403714627,1,0,11.2770745356717,797.739222131392,768,0,20,20.6,20,3,5,COOLING IN PROGRESS,PCM CAPACITY INSUFFICIENT
4800,80,1.33333333333333,35,20.0704602672219,25.9954122930461,1,0,11.2557346336923,797.739222131392,768,0,20,20.6,20,3,5,COOLING IN PROGRESS,PCM CAPACITY INSUFFICIENT
4810,80.1666666666667,1.33611111111111,35,20.0704602672219,26.0124519089876,1,0,11.2344351137655,797.739222131392,768,0,20,20.6,20,3,5,COOLING IN PROGRESS,PCM CAPACITY INSUFFICIENT
4820,80.3333333333333,1.33888888888889,35,20.0704602672219,26.0294592804198,1,0,11.2131758994752,797.739222131392,768,0,20,20.6,20,3,5,COOLING IN PROGRESS,PCM CAPACITY INSUFFICIENT
4830,80.5,1.34166666666667,35,20.0704602672219,26.04643446836,1,0,11.19195691455,797.739222131392,768,0,20,20.6,20,3,5,COOLING IN PROGRESS,PCM CAPACITY INSUFFICIENT
4840,80.6666666666667,1.34444444444444,35,20.0704602672219,26.0633775337096,1,0,11.170778082863,797.739222131392,768,0,20,20.6,20,3,5,COOLING IN PROGRESS,PCM CAPACITY INSUFFICIENT
4850,80.8333333333333,1.34722222222222,35,20.0704602672219,26.0802885372553,1,0,11.1496393284309,797.739222131392,768,0,20,20.6,20,3,5,COOLING IN PROGRESS,PCM CAPACITY INSUFFICIENT
4860,81,1.35,35,20.0704602672219,26.0971675396683,1,0,11.1285405754147,797.739222131392,768,0,20,20.6,20,3,5,COOLING IN PROGRESS,PCM CAPACITY INSUFFICIENT
4870,81.1666666666667,1.35277777777778,35,20.0704602672219,26.1140146015052,1,0,11.1074817481185,797.739222131392,768,0,20,20.6,20,3,5,COOLING IN PROGRESS,PCM CAPACITY INSUFFICIENT
4880,81.3333333333333,1.35555555555556,35,20.0704602672219,26.1308297832081,1,0,11.0864627709899,797.739222131392,768,0,20,20.6,20,3,5,COOLING IN PROGRESS,PCM CAPACITY INSUFFICIENT
4890,81.5,1.35833333333333,35,20.0704602672219,26.1476131451044,1,0,11.0654835686195,797.739222131392,768,0,20,20.6,20,3,5,COOLING IN PROGRESS,PCM CAPACITY INSUFFICIENT
4900,81.6666666666667,1.36111111111111,35,20.0704602672219,26.1643647474078,1,0,11.0445440657403,797.739222131392,768,0,20,20.6,20,3,5,COOLING IN PROGRESS,PCM CAPACITY INSUFFICIENT
4910,81.8333333333333,1.36388888888889,35,20.0704602672219,26.1810846502176,1,0,11.023644187228,797.739222131392,768,0,20,20.6,20,3,5,COOLING IN PROGRESS,PCM CAPACITY INSUFFICIENT
4920,82,1.36666666666667,35,20.0704602672219,26.1977729135198,1,0,11.0027838581003,797.739222131392,768,0,20,20.6,20,3,5,COOLING IN PROGRESS,PCM CAPACITY INSUFFICIENT
4930,82.1666666666667,1.36944444444444,35,20.0704602672219,26.2144295971864,1,0,10.981963003517,797.739222131392,768,0,20,20.6,20,3,5,COOLING IN PROGRESS,PCM CAPACITY INSUFFICIENT
4940,82.3333333333333,1.37222222222222,35,20.0704602672219,26.2310547609766,1,0,10.9611815487793,797.739222131392,768,0,20,20.6,20,3,5,COOLING IN PROGRESS,PCM CAPACITY INSUFFICIENT
4950,82.5,1.375,35,20.0704602672219,26.2476484645361,1,0,10.9404394193299,797.739222131392,768,0,20,20.6,20,3,5,COOLING IN PROGRESS,PCM CAPACITY INSUFFICIENT
4960,82.6666666666667,1.37777777777778,35,20.0704602672219,26.264210767398,1,0,10.9197365407525,797.739222131392,768,0,20,20.6,20,3,5,COOLING IN PROGRESS,PCM CAPACITY INSUFFICIENT
4970,82.8333333333333,1.38055555555556,35,20.0704602672219,26.2807417289826,1,0,10.8990728387717,797.739222131392,768,0,20,20.6,20,3,5,COOLING IN PROGRESS,PCM CAPACITY INSUFFICIENT
4980,83,1.38333333333333,35,20.0704602672219,26.2972414085979,1,0,10.8784482392526,797.739222131392,768,0,20,20.6,20,3,5,COOLING IN PROGRESS,PCM CAPACITY INSUFFICIENT
4990,83.1666666666667,1.38611111111111,35,20.0704602672219,26.3137098654396,1,0,10.8578626682005,797.739222131392,768,0,20,20.6,20,3,5,COOLING IN PROGRESS,PCM CAPACITY INSUFFICIENT
5000,83.3333333333333,1.38888888888889,35,20.0704602672219,26.3301471585912,1,0,10.837316051761,797.739222131392,768,0,20,20.6,20,3,5,COOLING IN PROGRESS,PCM CAPACITY INSUFFICIENT
5010,83.5,1.39166666666667,35,20.0704602672219,26.3465533470247,1,0,10.8168083162191,797.739222131392,768,0,20,20.6,20,3,5,COOLING IN PROGRESS,PCM CAPACITY INSUFFICIENT
5020,83.6666666666667,1.39444444444444,35,20.0704602672219,26.3629284896004,1,0,10.7963393879995,797.739222131392,768,0,20,20.6,20,3,5,COOLING IN PROGRESS,PCM CAPACITY INSUFFICIENT
5030,83.8333333333333,1.39722222222222,35,20.0704602672219,26.3792726450671,1,0,10.7759091936661,797.739222131392,768,0,20,20.6,20,3,5,COOLING IN PROGRESS,PCM CAPACITY INSUFFICIENT
5040,84,1.4,35,20.0704602672219,26.3955858720626,1,0,10.7555176599218,797.739222131392,768,0,20,20.6,20,3,5,COOLING IN PROGRESS,PCM CAPACITY INSUFFICIENT
5050,84.1666666666667,1.40277777777778,35,20.0704602672219,26.4118682291135,1,0,10.7351647136081,797.739222131392,768,0,20,20.6,20,3,5,COOLING IN PROGRESS,PCM CAPACITY INSUFFICIENT
5060,84.3333333333333,1.40555555555556,35,20.0704602672219,26.428119774636,1,0,10.714850281705,797.739222131392,768,0,20,20.6,20,3,5,COOLING IN PROGRESS,PCM CAPACITY INSUFFICIENT
5070,84.5,1.40833333333333,35,20.0704602672219,26.4443405669353,1,0,10.6945742913308,797.739222131392,768,0,20,20.6,20,3,5,COOLING IN PROGRESS,PCM CAPACITY INSUFFICIENT
5080,84.6666666666667,1.41111111111111,35,20.0704602672219,26.4605306642068,1,0,10.6743366697415,797.739222131392,768,0,20,20.6,20,3,5,COOLING IN PROGRESS,PCM CAPACITY INSUFFICIENT
5090,84.8333333333333,1.41388888888889,35,20.0704602672219,26.4766901245354,1,0,10.6541373443307,797.739222131392,768,0,20,20.6,20,3,5,COOLING IN PROGRESS,PCM CAPACITY INSUFFICIENT
5100,85,1.41666666666667,35,20.0704602672219,26.4928190058962,1,0,10.6339762426297,797.739222131392,768,0,20,20.6,20,3,5,COOLING IN PROGRESS,PCM CAPACITY INSUFFICIENT
5110,85.1666666666667,1.41944444444444,35,20.0704602672219,26.5089173661545,1,0,10.6138532923069,797.739222131392,768,0,20,20.6,20,3,5,COOLING IN PROGRESS,PCM CAPACITY INSUFFICIENT
5120,85.3333333333333,1.42222222222222,35,20.0704602672219,26.5249852630662,1,0,10.5937684211672,797.739222131392,768,0,20,20.6,20,3,5,COOLING IN PROGRESS,PCM CAPACITY INSUFFICIENT
5130,85.5,1.425,35,20.0704602672219,26.5410227542779,1,0,10.5737215571526,797.739222131392,768,0,20,20.6,20,3,5,COOLING IN PROGRESS,PCM CAPACITY INSUFFICIENT
5140,85.6666666666667,1.42777777777778,35,20.0704602672219,26.5570298973271,1,0,10.5537126283411,797.739222131392,768,0,20,20.6,20,3,5,COOLING IN PROGRESS,PCM CAPACITY INSUFFICIENT
5150,85.8333333333333,1.43055555555556,35,20.0704602672219,26.5730067496425,1,0,10.5337415629469,797.739222131392,768,0,20,20.6,20,3,5,COOLING IN PROGRESS,PCM CAPACITY INSUFFICIENT
5160,86,1.43333333333333,35,20.0704602672219,26.5889533685439,1,0,10.5138082893201,797.739222131392,768,0,20,20.6,20,3,5,COOLING IN PROGRESS,PCM CAPACITY INSUFFICIENT
5170,86.1666666666667,1.43611111111111,35,20.0704602672219,26.6048698112429,1,0,10.4939127359464,797.739222131392,768,0,20,20.6,20,3,5,COOLING IN PROGRESS,PCM CAPACITY INSUFFICIENT
5180,86.3333333333333,1.43888888888889,35,20.0704602672219,26.6207561348427,1,0,10.4740548314467,797.739222131392,768,0,20,20.6,20,3,5,COOLING IN PROGRESS,PCM CAPACITY INSUFFICIENT
5190,86.5,1.44166666666667,35,20.0704602672219,26.6366123963383,1,0,10.4542345045771,797.739222131392,768,0,20,20.6,20,3,5,COOLING IN PROGRESS,PCM CAPACITY INSUFFICIENT
5200,86.6666666666667,1.44444444444444,35,20.0704602672219,26.6524386526172,1,0,10.4344516842285,797.739222131392,768,0,20,20.6,20,3,5,COOLING IN PROGRESS,PCM CAPACITY INSUFFICIENT
5210,86.8333333333333,1.44722222222222,35,20.0704602672219,26.6682349604589,1,0,10.4147062994264,797.739222131392,768,0,20,20.6,20,3,5,COOLING IN PROGRESS,PCM CAPACITY INSUFFICIENT
5220,87,1.45,35,20.0704602672219,26.6840013765358,1,0,10.3949982793303,797.739222131392,768,0,20,20.6,20,3,5,COOLING IN PROGRESS,PCM CAPACITY INSUFFICIENT
5230,87.1666666666667,1.45277777777778,35,20.0704602672219,26.6997379574127,1,0,10.3753275532341,797.739222131392,768,0,20,20.6,20,3,5,COOLING IN PROGRESS,PCM CAPACITY INSUFFICIENT
5240,87.3333333333333,1.45555555555556,35,20.0704602672219,26.7154447595476,1,0,10.3556940505655,797.739222131392,768,0,20,20.6,20,3,5,COOLING IN PROGRESS,PCM CAPACITY INSUFFICIENT
5250,87.5,1.45833333333333,35,20.0704602672219,26.7311218392915,1,0,10.3360977008856,797.739222131392,768,0,20,20.6,20,3,5,COOLING IN PROGRESS,PCM CAPACITY INSUFFICIENT
5260,87.6666666666667,1.46111111111111,35,20.0704602672219,26.7467692528889,1,0,10.3165384338888,797.739222131392,768,0,20,20.6,20,3,5,COOLING IN PROGRESS,PCM CAPACITY INSUFFICIENT
5270,87.8333333333333,1.46388888888889,35,20.0704602672219,26.7623870564779,1,0,10.2970161794026,797.739222131392,768,0,20,20.6,20,3,5,COOLING IN PROGRESS,PCM CAPACITY INSUFFICIENT
5280,88,1.46666666666667,35,20.0704602672219,26.7779753060903,1,0,10.2775308673871,797.739222131392,768,0,20,20.6,20,3,5,COOLING IN PROGRESS,PCM CAPACITY INSUFFICIENT
5290,88.1666666666667,1.46944444444444,35,20.0704602672219,26.7935340576517,1,0,10.2580824279354,797.739222131392,768,0,20,20.6,20,3,5,COOLING IN PROGRESS,PCM CAPACITY INSUFFICIENT
5300,88.3333333333333,1.47222222222222,35,20.0704602672219,26.8090633669822,1,0,10.2386707912723,797.739222131392,768,0,20,20.6,20,3,5,COOLING IN PROGRESS,PCM CAPACITY INSUFFICIENT
5310,88.5,1.475,35,20.0704602672219,26.8245632897959,1,0,10.2192958877551,797.739222131392,768,0,20,20.6,20,3,5,COOLING IN PROGRESS,PCM CAPACITY INSUFFICIENT
5320,88.6666666666667,1.47777777777778,35,20.0704602672219,26.8400338817018,1,0,10.1999576478727,797.739222131392,768,0,20,20.6,20,3,5,COOLING IN PROGRESS,PCM CAPACITY INSUFFICIENT
5330,88.8333333333333,1.48055555555556,35,20.0704602672219,26.8554751982036,1,0,10.1806560022455,797.739222131392,768,0,20,20.6,20,3,5,COOLING IN PROGRESS,PCM CAPACITY INSUFFICIENT
5340,89,1.48333333333333,35,20.0704602672219,26.8708872946998,1,0,10.1613908816252,797.739222131392,768,0,20,20.6,20,3,5,COOLING IN PROGRESS,PCM CAPACITY INSUFFICIENT
5350,89.1666666666667,1.48611111111111,35,20.0704602672219,26.8862702264842,1,0,10.1421622168947,797.739222131392,768,0,20,20.6,20,3,5,COOLING IN PROGRESS,PCM CAPACITY INSUFFICIENT
5360,89.3333333333333,1.48888888888889,35,20.0704602672219,26.9016240487461,1,0,10.1229699390674,797.739222131392,768,0,20,20.6,20,3,5,COOLING IN PROGRESS,PCM CAPACITY INSUFFICIENT
5370,89.5,1.49166666666667,35,20.0704602672219,26.9169488165699,1,0,10.1038139792876,797.739222131392,768,0,20,20.6,20,3,5,COOLING IN PROGRESS,PCM CAPACITY INSUFFICIENT
5380,89.6666666666667,1.49444444444444,35,20.0704602672219,26.9322445849364,1,0,10.0846942688295,797.739222131392,768,0,20,20.6,20,3,5,COOLING IN PROGRESS,PCM CAPACITY INSUFFICIENT
5390,89.8333333333333,1.49722222222222,35,20.0704602672219,26.9475114087218,1,0,10.0656107390978,797.739222131392,768,0,20,20.6,20,3,5,COOLING IN PROGRESS,PCM CAPACITY INSUFFICIENT
5400,90,1.5,35,20.0704602672219,26.9627493426987,1,0,10.0465633216266,797.739222131392,768,0,20,20.6,20,3,5,COOLING IN PROGRESS,PCM CAPACITY INSUFFICIENT
5410,90.1666666666667,1.50277777777778,35,20.0704602672219,26.9779584415361,1,0,10.0275519480798,797.739222131392,768,0,20,20.6,20,3,5,COOLING IN PROGRESS,PCM CAPACITY INSUFFICIENT
5420,90.3333333333333,1.50555555555556,35,20.0704602672219,26.9931387597996,1,0,10.0085765502505,797.739222131392,768,0,20,20.6,20,3,5,COOLING IN PROGRESS,PCM CAPACITY INSUFFICIENT
5430,90.5,1.50833333333333,35,20.0704602672219,27.0082903519513,1,0,9.98963706006093,797.739222131392,768,0,20,20.6,20,3,5,COOLING IN PROGRESS,PCM CAPACITY INSUFFICIENT
5440,90.6666666666667,1.51111111111111,35,20.0704602672219,27.0234132723503,1,0,9.97073340956214,797.739222131392,768,0,20,20.6,20,3,5,COOLING IN PROGRESS,PCM CAPACITY INSUFFICIENT
5450,90.8333333333333,1.51388888888889,35,20.0704602672219,27.038507575253,1,0,9.95186553093372,797.739222131392,768,0,20,20.6,20,3,5,COOLING IN PROGRESS,PCM CAPACITY INSUFFICIENT
5460,91,1.51666666666667,35,20.0704602672219,27.0535733148131,1,0,9.93303335648363,797.739222131392,768,0,20,20.6,20,3,5,COOLING IN PROGRESS,PCM CAPACITY INSUFFICIENT
5470,91.1666666666667,1.51944444444444,35,20.0704602672219,27.0686105450816,1,0,9.91423681864802,797.739222131392,768,0,20,20.6,20,3,5,COOLING IN PROGRESS,PCM CAPACITY INSUFFICIENT
5480,91.3333333333333,1.52222222222222,35,20.0704602672219,27.0836193200075,1,0,9.89547584999068,797.739222131392,768,0,20,20.6,20,3,5,COOLING IN PROGRESS,PCM CAPACITY INSUFFICIENT
5490,91.5,1.525,35,20.0704602672219,27.0985996934374,1,0,9.87675038320323,797.739222131392,768,0,20,20.6,20,3,5,COOLING IN PROGRESS,PCM CAPACITY INSUFFICIENT
5500,91.6666666666667,1.52777777777778,35,20.0704602672219,27.1135517191164,1,0,9.85806035110449,797.739222131392,768,0,20,20.6,20,3,5,COOLING IN PROGRESS,PCM CAPACITY INSUFFICIENT
5510,91.8333333333333,1.53055555555556,35,20.0704602672219,27.1284754506877,1,0,9.83940568664035,797.739222131392,768,0,20,20.6,20,3,5,COOLING IN PROGRESS,PCM CAPACITY INSUFFICIENT
5520,92,1.53333333333333,35,20.0704602672219,27.1433709416929,1,0,9.82078632288387,797.739222131392,768,0,20,20.6,20,3,5,COOLING IN PROGRESS,PCM CAPACITY INSUFFICIENT
5530,92.1666666666667,1.53611111111111,35,20.0704602672219,27.1582382455722,1,0,9.8022021930347,797.739222131392,768,0,20,20.6,20,3,5,COOLING IN PROGRESS,PCM CAPACITY INSUFFICIENT
5540,92.3333333333333,1.53888888888889,35,20.0704602672219,27.1730774156651,1,0,9.78365323041862,797.739222131392,768,0,20,20.6,20,3,5,COOLING IN PROGRESS,PCM CAPACITY INSUFFICIENT
5550,92.5,1.54166666666667,35,20.0704602672219,27.1878885052098,1,0,9.76513936848781,797.739222131392,768,0,20,20.6,20,3,5,COOLING IN PROGRESS,PCM CAPACITY INSUFFICIENT
5560,92.6666666666667,1.54444444444444,35,20.0704602672219,27.2026715673438,1,0,9.74666054082025,797.739222131392,768,0,20,20.6,20,3,5,COOLING IN PROGRESS,PCM CAPACITY INSUFFICIENT
5570,92.8333333333333,1.54722222222222,35,20.0704602672219,27.2174266551042,1,0,9.72821668111974,797.739222131392,768,0,20,20.6,20,3,5,COOLING IN PROGRESS,PCM CAPACITY INSUFFICIENT
5580,93,1.55,35,20.0704602672219,27.2321538214275,1,0,9.70980772321557,797.739222131392,768,0,20,20.6,20,3,5,COOLING IN PROGRESS,PCM CAPACITY INSUFFICIENT
5590,93.1666666666667,1.55277777777778,35,20.0704602672219,27.2468531191503,1,0,9.69143360106216,797.739222131392,768,0,20,20.6,20,3,5,COOLING IN PROGRESS,PCM CAPACITY INSUFFICIENT
5600,93.3333333333333,1.55555555555556,35,20.0704602672219,27.261524601009,1,0,9.67309424873876,797.739222131392,768,0,20,20.6,20,3,5,COOLING IN PROGRESS,PCM CAPACITY INSUFFICIENT
5610,93.5,1.55833333333333,35,20.0704602672219,27.2761683196403,1,0,9.65478960044966,797.739222131392,768,0,20,20.6,20,3,5,COOLING IN PROGRESS,PCM CAPACITY INSUFFICIENT
5620,93.6666666666667,1.56111111111111,35,20.0704602672219,27.2907843275812,1,0,9.63651959052348,797.739222131392,768,0,20,20.6,20,3,5,COOLING IN PROGRESS,PCM CAPACITY INSUFFICIENT
5630,93.8333333333333,1.56388888888889,35,20.0704602672219,27.3053726772695,1,0,9.61828415341317,797.739222131392,768,0,20,20.6,20,3,5,COOLING IN PROGRESS,PCM CAPACITY INSUFFICIENT
5640,94,1.56666666666667,35,20.0704602672219,27.3199334210435,1,0,9.6000832236956,797.739222131392,768,0,20,20.6,20,3,5,COOLING IN PROGRESS,PCM CAPACITY INSUFFICIENT
5650,94.1666666666667,1.56944444444444,35,20.0704602672219,27.3344666111427,1,0,9.58191673607157,797.739222131392,768,0,20,20.6,20,3,5,COOLING IN PROGRESS,PCM CAPACITY INSUFFICIENT
5660,94.3333333333333,1.57222222222222,35,20.0704602672219,27.3489722997077,1,0,9.56378462536539,797.739222131392,768,0,20,20.6,20,3,5,COOLING IN PROGRESS,PCM CAPACITY INSUFFICIENT
5670,94.5,1.575,35,20.0704602672219,27.3634505387801,1,0,9.54568682652481,797.739222131392,768,0,20,20.6,20,3,5,COOLING IN PROGRESS,PCM CAPACITY INSUFFICIENT
5680,94.6666666666667,1.57777777777778,35,20.0704602672219,27.3779013803036,1,0,9.52762327462045,797.739222131392,768,0,20,20.6,20,3,5,COOLING IN PROGRESS,PCM CAPACITY INSUFFICIENT
5690,94.8333333333333,1.58055555555556,35,20.0704602672219,27.3923248761231,1,0,9.50959390484614,797.739222131392,768,0,20,20.6,20,3,5,COOLING IN PROGRESS,PCM CAPACITY INSUFFICIENT
5700,95,1.58333333333333,35,20.0704602672219,27.4067210779856,1,0,9.49159865251796,797.739222131392,768,0,20,20.6,20,3,5,COOLING IN PROGRESS,PCM CAPACITY INSUFFICIENT
5710,95.1666666666667,1.58611111111111,35,20.0704602672219,27.4210900375403,1,0,9.47363745307464,797.739222131392,768,0,20,20.6,20,3,5,COOLING IN PROGRESS,PCM CAPACITY INSUFFICIENT
5720,95.3333333333333,1.58888888888889,35,20.0704602672219,27.4354318063383,1,0,9.45571024207711,797.739222131392,768,0,20,20.6,20,3,5,COOLING IN PROGRESS,PCM CAPACITY INSUFFICIENT
5730,95.5,1.59166666666667,35,20.0704602672219,27.4497464358336,1,0,9.43781695520794,797.739222131392,768,0,20,20.6,20,3,5,COOLING IN PROGRESS,PCM CAPACITY INSUFFICIENT
5740,95.6666666666667,1.59444444444444,35,20.0704602672219,27.4640339773826,1,0,9.4199575282718,797.739222131392,768,0,20,20.6,20,3,5,COOLING IN PROGRESS,PCM CAPACITY INSUFFICIENT
5750,95.8333333333333,1.59722222222222,35,20.0704602672219,27.4782944822443,1,0,9.40213189719461,797.739222131392,768,0,20,20.6,20,3,5,COOLING IN PROGRESS,PCM CAPACITY INSUFFICIENT
5760,96,1.6,35,20.0704602672219,27.4925280015812,1,0,9.38433999802355,797.739222131392,768,0,20,20.6,20,3,5,COOLING IN PROGRESS,PCM CAPACITY INSUFFICIENT
5770,96.1666666666667,1.60277777777778,35,20.0704602672219,27.5067345864585,1,0,9.3665817669269,797.739222131392,768,0,20,20.6,20,3,5,COOLING IN PROGRESS,PCM CAPACITY INSUFFICIENT
5780,96.3333333333333,1.60555555555556,35,20.0704602672219,27.5209142878451,1,0,9.34885714019362,797.739222131392,768,0,20,20.6,20,3,5,COOLING IN PROGRESS,PCM CAPACITY INSUFFICIENT
5790,96.5,1.60833333333333,35,20.0704602672219,27.5350671566133,1,0,9.33116605423334,797.739222131392,768,0,20,20.6,20,3,5,COOLING IN PROGRESS,PCM CAPACITY INSUFFICIENT
5800,96.6666666666667,1.61111111111111,35,20.0704602672219,27.5491932435392,1,0,9.31350844557597,797.739222131392,768,0,20,20.6,20,3,5,COOLING IN PROGRESS,PCM CAPACITY INSUFFICIENT
5810,96.8333333333333,1.61388888888889,35,20.0704602672219,27.5632925993027,1,0,9.29588425087161,797.739222131392,768,0,20,20.6,20,3,5,COOLING IN PROGRESS,PCM CAPACITY INSUFFICIENT
5820,97,1.61666666666667,35,20.0704602672219,27.577365274488,1,0,9.27829340689003,797.739222131392,768,0,20,20.6,20,3,5,COOLING IN PROGRESS,PCM CAPACITY INSUFFICIENT
5830,97.1666666666667,1.61944444444444,35,20.0704602672219,27.5914113195832,1,0,9.26073585052095,797.739222131392,768,0,20,20.6,20,3,5,COOLING IN PROGRESS,PCM CAPACITY INSUFFICIENT
5840,97.3333333333333,1.62222222222222,35,20.0704602672219,27.6054307849814,1,0,9.24321151877322,797.739222131392,768,0,20,20.6,20,3,5,COOLING IN PROGRESS,PCM CAPACITY INSUFFICIENT
5850,97.5,1.625,35,20.0704602672219,27.6194237209799,1,0,9.22572034877508,797.739222131392,768,0,20,20.6,20,3,5,COOLING IN PROGRESS,PCM CAPACITY INSUFFICIENT
5860,97.6666666666667,1.62777777777778,35,20.0704602672219,27.6333901777811,1,0,9.20826227777365,797.739222131392,768,0,20,20.6,20,3,5,COOLING IN PROGRESS,PCM CAPACITY INSUFFICIENT
5870,97.8333333333333,1.63055555555556,35,20.0704602672219,27.6473302054921,1,0,9.19083724313486,797.739222131392,768,0,20,20.6,20,3,5,COOLING IN PROGRESS,PCM CAPACITY INSUFFICIENT
5880,98,1.63333333333333,35,20.0704602672219,27.6612438541254,1,0,9.17344518234319,797.739222131392,768,0,20,20.6,20,3,5,COOLING IN PROGRESS,PCM CAPACITY INSUFFICIENT
5890,98.1666666666667,1.63611111111111,35,20.0704602672219,27.675131173599,1,0,9.1560860330013,797.739222131392,768,0,20,20.6,20,3,5,COOLING IN PROGRESS,PCM CAPACITY INSUFFICIENT
5900,98.3333333333333,1.63888888888889,35,20.0704602672219,27.688992213736,1,0,9.13875973283006,797.739222131392,768,0,20,20.6,20,3,5,COOLING IN PROGRESS,PCM CAPACITY INSUFFICIENT
5910,98.5,1.64166666666667,35,20.0704602672219,27.7028270242656,1,0,9.12146621966805,797.739222131392,768,0,20,20.6,20,3,5,COOLING IN PROGRESS,PCM CAPACITY INSUFFICIENT
5920,98.6666666666667,1.64444444444444,35,20.0704602672219,27.7166356548227,1,0,9.1042054314716,797.739222131392,768,0,20,20.6,20,3,5,COOLING IN PROGRESS,PCM CAPACITY INSUFFICIENT
5930,98.8333333333333,1.64722222222222,35,20.0704602672219,27.7304181549485,1,0,9.0869773063144,797.739222131392,768,0,20,20.6,20,3,5,COOLING IN PROGRESS,PCM CAPACITY INSUFFICIENT
5940,99,1.65,35,20.0704602672219,27.7441745740901,1,0,9.06978178238738,797.739222131392,768,0,20,20.6,20,3,5,COOLING IN PROGRESS,PCM CAPACITY INSUFFICIENT
5950,99.1666666666667,1.65277777777778,35,20.0704602672219,27.7579049616014,1,0,9.05261879799824,797.739222131392,768,0,20,20.6,20,3,5,COOLING IN PROGRESS,PCM CAPACITY INSUFFICIENT
5960,99.3333333333333,1.65555555555556,35,20.0704602672219,27.7716093667426,1,0,9.03548829157169,797.739222131392,768,0,20,20.6,20,3,5,COOLING IN PROGRESS,PCM CAPACITY INSUFFICIENT
5970,99.5,1.65833333333333,35,20.0704602672219,27.7852878386809,1,0,9.01839020164883,797.739222131392,768,0,20,20.6,20,3,5,COOLING IN PROGRESS,PCM CAPACITY INSUFFICIENT
5980,99.6666666666667,1.66111111111111,35,20.0704602672219,27.7989404264904,1,0,9.00132446688698,797.739222131392,768,0,20,20.6,20,3,5,COOLING IN PROGRESS,PCM CAPACITY INSUFFICIENT
5990,99.8333333333333,1.66388888888889,35,20.0704602672219,27.8125671791523,1,0,8.98429102605967,797.739222131392,768,0,20,20.6,20,3,5,COOLING IN PROGRESS,PCM CAPACITY INSUFFICIENT
6000,100,1.66666666666667,35,20.0704602672219,27.8261681455549,1,0,8.96728981805632,797.739222131392,768,0,20,20.6,20,3,5,COOLING IN PROGRESS,PCM CAPACITY INSUFFICIENT
6010,100.166666666667,1.66944444444444,35,20.0704602672219,27.8397433744945,1,0,8.95032078188187,797.739222131392,768,0,20,20.6,20,3,5,COOLING IN PROGRESS,PCM CAPACITY INSUFFICIENT
6020,100.333333333333,1.67222222222222,35,20.0704602672219,27.8532929146747,1,0,8.93338385665669,797.739222131392,768,0,20,20.6,20,3,5,COOLING IN PROGRESS,PCM CAPACITY INSUFFICIENT
6030,100.5,1.675,35,20.0704602672219,27.8668168147068,1,0,8.91647898161649,797.739222131392,768,0,20,20.6,20,3,5,COOLING IN PROGRESS,PCM CAPACITY INSUFFICIENT
6040,100.666666666667,1.67777777777778,35,20.0704602672219,27.8803151231106,1,0,8.89960609611173,797.739222131392,768,0,20,20.6,20,3,5,COOLING IN PROGRESS,PCM CAPACITY INSUFFICIENT
6050,100.833333333333,1.68055555555556,35,20.0704602672219,27.8937878883137,1,0,8.88276513960783,797.739222131392,768,0,20,20.6,20,3,5,COOLING IN PROGRESS,PCM CAPACITY INSUFFICIENT
6060,101,1.68333333333333,35,20.0704602672219,27.9072351586522,1,0,8.86595605168474,797.739222131392,768,0,20,20.6,20,3,5,COOLING IN PROGRESS,PCM CAPACITY INSUFFICIENT
6070,101.166666666667,1.68611111111111,35,20.0704602672219,27.9206569823706,1,0,8.84917877203678,797.739222131392,768,0,20,20.6,20,3,5,COOLING IN PROGRESS,PCM CAPACITY INSUFFICIENT
6080,101.333333333333,1.68888888888889,35,20.0704602672219,27.9340534076222,1,0,8.8324332404722,797.739222131392,768,0,20,20.6,20,3,5,COOLING IN PROGRESS,PCM CAPACITY INSUFFICIENT
6090,101.5,1.69166666666667,35,20.0704602672219,27.9474244824694,1,0,8.81571939691328,797.739222131392,768,0,20,20.6,20,3,5,COOLING IN PROGRESS,PCM CAPACITY INSUFFICIENT
6100,101.666666666667,1.69444444444444,35,20.0704602672219,27.9607702548832,1,0,8.79903718139606,797.739222131392,768,0,20,20.6,20,3,5,COOLING IN PROGRESS,PCM CAPACITY INSUFFICIENT
6110,101.833333333333,1.69722222222222,35,20.0704602672219,27.974090772744,1,0,8.78238653406995,797.739222131392,768,0,20,20.6,20,3,5,COOLING IN PROGRESS,PCM CAPACITY INSUFFICIENT
6120,102,1.7,35,20.0704602672219,27.9873860838419,1,0,8.76576739519759,797.739222131392,768,0,20,20.6,20,3,5,COOLING IN PROGRESS,PCM CAPACITY INSUFFICIENT
6130,102.166666666667,1.70277777777778,35,20.0704602672219,28.0006562358762,1,0,8.74917970515473,797.739222131392,768,0,20,20.6,20,3,5,COOLING IN PROGRESS,PCM CAPACITY INSUFFICIENT
6140,102.333333333333,1.70555555555556,35,20.0704602672219,28.013901276456,1,0,8.73262340443004,797.739222131392,768,0,20,20.6,20,3,5,COOLING IN PROGRESS,PCM CAPACITY INSUFFICIENT
6150,102.5,1.70833333333333,35,20.0704602672219,28.0271212531004,1,0,8.71609843362454,797.739222131392,768,0,20,20.6,20,3,5,COOLING IN PROGRESS,PCM CAPACITY INSUFFICIENT
6160,102.666666666667,1.71111111111111,35,20.0704602672219,28.0403162132385,1,0,8.6996047334519,797.739222131392,768,0,20,20.6,20,3,5,COOLING IN PROGRESS,PCM CAPACITY INSUFFICIENT
6170,102.833333333333,1.71388888888889,35,20.0704602672219,28.0534862042097,1,0,8.68314224473784,797.739222131392,768,0,20,20.6,20,3,5,COOLING IN PROGRESS,PCM CAPACITY INSUFFICIENT
6180,103,1.71666666666667,35,20.0704602672219,28.0666312732639,1,0,8.66671090842012,797.739222131392,768,0,20,20.6,20,3,5,COOLING IN PROGRESS,PCM CAPACITY INSUFFICIENT
6190,103.166666666667,1.71944444444444,35,20.0704602672219,28.0797514675614,1,0,8.65031066554829,797.739222131392,768,0,20,20.6,20,3,5,COOLING IN PROGRESS,PCM CAPACITY INSUFFICIENT
6200,103.333333333333,1.72222222222222,35,20.0704602672219,28.0928468341733,1,0,8.63394145728334,797.739222131392,768,0,20,20.6,20,3,5,COOLING IN PROGRESS,PCM CAPACITY INSUFFICIENT
6210,103.5,1.725,35,20.0704602672219,28.1059174200818,1,0,8.6176032248977,797.739222131392,768,0,20,20.6,20,3,5,COOLING IN PROGRESS,PCM CAPACITY INSUFFICIENT
6220,103.666666666667,1.72777777777778,35,20.0704602672219,28.1189632721801,1,0,8.60129590977492,797.739222131392,768,0,20,20.6,20,3,5,COOLING IN PROGRESS,PCM CAPACITY INSUFFICIENT
6230,103.833333333333,1.73055555555556,35,20.0704602672219,28.1319844372725,1,0,8.58501945340944,797.739222131392,768,0,20,20.6,20,3,5,COOLING IN PROGRESS,PCM CAPACITY INSUFFICIENT
6240,104,1.73333333333333,35,20.0704602672219,28.1449809620748,1,0,8.56877379740647,797.739222131392,768,0,20,20.6,20,3,5,COOLING IN PROGRESS,PCM CAPACITY INSUFFICIENT
6250,104.166666666667,1.73611111111111,35,20.0704602672219,28.1579528932147,1,0,8.55255888348164,797.739222131392,768,0,20,20.6,20,3,5,COOLING IN PROGRESS,PCM CAPACITY INSUFFICIENT
6260,104.333333333333,1.73888888888889,35,20.0704602672219,28.1709002772313,1,0,8.53637465346093,797.739222131392,768,0,20,20.6,20,3,5,COOLING IN PROGRESS,PCM CAPACITY INSUFFICIENT
6270,104.5,1.74166666666667,35,20.0704602672219,28.1838231605757,1,0,8.52022104928034,797.739222131392,768,0,20,20.6,20,3,5,COOLING IN PROGRESS,PCM CAPACITY INSUFFICIENT
6280,104.666666666667,1.74444444444444,35,20.0704602672219,28.1967215896113,1,0,8.50409801298586,797.739222131392,768,0,20,20.6,20,3,5,COOLING IN PROGRESS,PCM CAPACITY INSUFFICIENT
6290,104.833333333333,1.74722222222222,35,20.0704602672219,28.2095956106136,1,0,8.48800548673303,797.739222131392,768,0,20,20.6,20,3,5,COOLING IN PROGRESS,PCM CAPACITY INSUFFICIENT
6300,105,1.75,35,20.0704602672219,28.2224452697704,1,0,8.47194341278694,797.739222131392,768,0,20,20.6,20,3,5,COOLING IN PROGRESS,PCM CAPACITY INSUFFICIENT
6310,105.166666666667,1.75277777777778,35,20.0704602672219,28.2352706131825,1,0,8.45591173352193,797.739222131392,768,0,20,20.6,20,3,5,COOLING IN PROGRESS,PCM CAPACITY INSUFFICIENT
6320,105.333333333333,1.75555555555556,35,20.0704602672219,28.2480716868629,1,0,8.43991039142132,797.739222131392,768,0,20,20.6,20,3,5,COOLING IN PROGRESS,PCM CAPACITY INSUFFICIENT
6330,105.5,1.75833333333333,35,20.0704602672219,28.2608485367382,1,0,8.42393932907722,797.739222131392,768,0,20,20.6,20,3,5,COOLING IN PROGRESS,PCM CAPACITY INSUFFICIENT
6340,105.666666666667,1.76111111111111,35,20.0704602672219,28.2736012086475,1,0,8.4079984891906,797.739222131392,768,0,20,20.6,20,3,5,COOLING IN PROGRESS,PCM CAPACITY INSUFFICIENT
6350,105.833333333333,1.76388888888889,35,20.0704602672219,28.2863297483435,1,0,8.39208781457065,797.739222131392,768,0,20,20.6,20,3,5,COOLING IN PROGRESS,PCM CAPACITY INSUFFICIENT
6360,106,1.76666666666667,35,20.0704602672219,28.2990342014921,1,0,8.37620724813483,797.739222131392,768,0,20,20.6,20,3,5,COOLING IN PROGRESS,PCM CAPACITY INSUFFICIENT
6370,106.166666666667,1.76944444444444,35,20.0704602672219,28.3117146136731,1,0,8.36035673290869,797.739222131392,768,0,20,20.6,20,3,5,COOLING IN PROGRESS,PCM CAPACITY INSUFFICIENT
6380,106.333333333333,1.77222222222222,35,20.0704602672219,28.3243710303796,1,0,8.34453621202546,797.739222131392,768,0,20,20.6,20,3,5,COOLING IN PROGRESS,PCM CAPACITY INSUFFICIENT
6390,106.5,1.775,35,20.0704602672219,28.3370034970191,1,0,8.32874562872613,797.739222131392,768,0,20,20.6,20,3,5,COOLING IN PROGRESS,PCM CAPACITY INSUFFICIENT
6400,106.666666666667,1.77777777777778,35,20.0704602672219,28.3496120589127,1,0,8.31298492635912,797.739222131392,768,0,20,20.6,20,3,5,COOLING IN PROGRESS,PCM CAPACITY INSUFFICIENT
6410,106.833333333333,1.78055555555556,35,20.0704602672219,28.3621967612962,1,0,8.29725404837975,797.739222131392,768,0,20,20.6,20,3,5,COOLING IN PROGRESS,PCM CAPACITY INSUFFICIENT
6420,107,1.78333333333333,35,20.0704602672219,28.3747576493194,1,0,8.28155293835076,797.739222131392,768,0,20,20.6,20,3,5,COOLING IN PROGRESS,PCM CAPACITY INSUFFICIENT
6430,107.166666666667,1.78611111111111,35,20.0704602672219,28.3872947680469,1,0,8.26588153994135,797.739222131392,768,0,20,20.6,20,3,5,COOLING IN PROGRESS,PCM CAPACITY INSUFFICIENT
6440,107.333333333333,1.78888888888889,35,20.0704602672219,28.399808162458,1,0,8.25023979692748,797.739222131392,768,0,20,20.6,20,3,5,COOLING IN PROGRESS,PCM CAPACITY INSUFFICIENT
6450,107.5,1.79166666666667,35,20.0704602672219,28.4122978774468,1,0,8.23462765319144,797.739222131392,768,0,20,20.6,20,3,5,COOLING IN PROGRESS,PCM CAPACITY INSUFFICIENT
6460,107.666666666667,1.79444444444444,35,20.0704602672219,28.4247639578226,1,0,8.21904505272178,797.739222131392,768,0,20,20.6,20,3,5,COOLING IN PROGRESS,PCM CAPACITY INSUFFICIENT
6470,107.833333333333,1.79722222222222,35,20.0704602672219,28.4372064483096,1,0,8.20349193961304,797.739222131392,768,0,20,20.6,20,3,5,COOLING IN PROGRESS,PCM CAPACITY INSUFFICIENT
6480,108,1.8,35,20.0704602672219,28.4496253935475,1,0,8.18796825806557,797.739222131392,768,0,20,20.6,20,3,5,COOLING IN PROGRESS,PCM CAPACITY INSUFFICIENT
6490,108.166666666667,1.80277777777778,35,20.0704602672219,28.462020838092,1,0,8.17247395238502,797.739222131392,768,0,20,20.6,20,3,5,COOLING IN PROGRESS,PCM CAPACITY INSUFFICIENT
6500,108.333333333333,1.80555555555556,35,20.0704602672219,28.4743928264137,1,0,8.15700896698294,797.739222131392,768,0,20,20.6,20,3,5,COOLING IN PROGRESS,PCM CAPACITY INSUFFICIENT
6510,108.5,1.80833333333333,35,20.0704602672219,28.4867414028994,1,0,8.1415732463757,797.739222131392,768,0,20,20.6,20,3,5,COOLING IN PROGRESS,PCM CAPACITY INSUFFICIENT
6520,108.666666666667,1.81111111111111,35,20.0704602672219,28.4990666118522,1,0,8.12616673518473,797.739222131392,768,0,20,20.6,20,3,5,COOLING IN PROGRESS,PCM CAPACITY INSUFFICIENT
6530,108.833333333333,1.81388888888889,35,20.0704602672219,28.511368497491,1,0,8.11078937813631,797.739222131392,768,0,20,20.6,20,3,5,COOLING IN PROGRESS,PCM CAPACITY INSUFFICIENT
6540,109,1.81666666666667,35,20.0704602672219,28.523647103951,1,0,8.09544112006128,797.739222131392,768,0,20,20.6,20,3,5,COOLING IN PROGRESS,PCM CAPACITY INSUFFICIENT
6550,109.166666666667,1.81944444444444,35,20.0704602672219,28.5359024752841,1,0,8.0801219058949,797.739222131392,768,0,20,20.6,20,3,5,COOLING IN PROGRESS,PCM CAPACITY INSUFFICIENT
6560,109.333333333333,1.82222222222222,35,20.0704602672219,28.5481346554587,1,0,8.06483168067663,797.739222131392,768,0,20,20.6,20,3,5,COOLING IN PROGRESS,PCM CAPACITY INSUFFICIENT
6570,109.5,1.825,35,20.0704602672219,28.56034368836,1,0,8.04957038955006,797.739222131392,768,0,20,20.6,20,3,5,COOLING IN PROGRESS,PCM CAPACITY INSUFFICIENT
6580,109.666666666667,1.82777777777778,35,20.0704602672219,28.5725296177902,1,0,8.0343379777622,797.739222131392,768,0,20,20.6,20,3,5,COOLING IN PROGRESS,PCM CAPACITY INSUFFICIENT
6590,109.833333333333,1.83055555555556,35,20.0704602672219,28.5846924874687,1,0,8.01913439066411,797.739222131392,768,0,20,20.6,20,3,5,COOLING IN PROGRESS,PCM CAPACITY INSUFFICIENT
6600,110,1.83333333333333,35,20.0704602672219,28.596832341032,1,0,8.00395957371002,797.739222131392,768,0,20,20.6,20,3,5,COOLING IN PROGRESS,PCM CAPACITY INSUFFICIENT
6610,110.166666666667,1.83611111111111,35,20.0704602672219,28.6089492220341,1,0,7.98881347245743,797.739222131392,768,0,20,20.6,20,3,5,COOLING IN PROGRESS,PCM CAPACITY INSUFFICIENT
6620,110.333333333333,1.83888888888889,35,20.0704602672219,28.6210431739464,1,0,7.97369603256695,797.739222131392,768,0,20,20.6,20,3,5,COOLING IN PROGRESS,PCM CAPACITY INSUFFICIENT
6630,110.5,1.84166666666667,35,20.0704602672219,28.6331142401585,1,0,7.95860719980182,797.739222131392,768,0,20,20.6,20,3,5,COOLING IN PROGRESS,PCM CAPACITY INSUFFICIENT
6640,110.666666666667,1.84444444444444,35,20.0704602672219,28.6451624639775,1,0,7.94354692002817,797.739222131392,768,0,20,20.6,20,3,5,COOLING IN PROGRESS,PCM CAPACITY INSUFFICIENT
6650,110.833333333333,1.84722222222222,35,20.0704602672219,28.6571878886286,1,0,7.9285151392143,797.739222131392,768,0,20,20.6,20,3,5,COOLING IN PROGRESS,PCM CAPACITY INSUFFICIENT
6660,111,1.85,35,20.0704602672219,28.6691905572553,1,0,7.91351180343091,797.739222131392,768,0,20,20.6,20,3,5,COOLING IN PROGRESS,PCM CAPACITY INSUFFICIENT
6670,111.166666666667,1.85277777777778,35,20.0704602672219,28.6811705129193,1,0,7.89853685885084,797.739222131392,768,0,20,20.6,20,3,5,COOLING IN PROGRESS,PCM CAPACITY INSUFFICIENT
6680,111.333333333333,1.85555555555556,35,20.0704602672219,28.6931277986012,1,0,7.88359025174848,797.739222131392,768,0,20,20.6,20,3,5,COOLING IN PROGRESS,PCM CAPACITY INSUFFICIENT
6690,111.5,1.85833333333333,35,20.0704602672219,28.7050624571999,1,0,7.86867192850018,797.739222131392,768,0,20,20.6,20,3,5,COOLING IN PROGRESS,PCM CAPACITY INSUFFICIENT
6700,111.666666666667,1.86111111111111,35,20.0704602672219,28.716974531533,1,0,7.8537818355837,797.739222131392,768,0,20,20.6,20,3,5,COOLING IN PROGRESS,PCM CAPACITY INSUFFICIENT
6710,111.833333333333,1.86388888888889,35,20.0704602672219,28.7288640643375,1,0,7.83891991957809,797.739222131392,768,0,20,20.6,20,3,5,COOLING IN PROGRESS,PCM CAPACITY INSUFFICIENT
6720,112,1.86666666666667,35,20.0704602672219,28.7407310982693,1,0,7.82408612716334,797.739222131392,768,0,20,20.6,20,3,5,COOLING IN PROGRESS,PCM CAPACITY INSUFFICIENT
6730,112.166666666667,1.86944444444444,35,20.0704602672219,28.7525756759036,1,0,7.80928040512048,797.739222131392,768,0,20,20.6,20,3,5,COOLING IN PROGRESS,PCM CAPACITY INSUFFICIENT
6740,112.333333333333,1.87222222222222,35,20.0704602672219,28.764397839735,1,0,7.79450270033125,797.739222131392,768,0,20,20.6,20,3,5,COOLING IN PROGRESS,PCM CAPACITY INSUFFICIENT
6750,112.5,1.875,35,20.0704602672219,28.7761976321778,1,0,7.77975295977776,797.739222131392,768,0,20,20.6,20,3,5,COOLING IN PROGRESS,PCM CAPACITY INSUFFICIENT
6760,112.666666666667,1.87777777777778,35,20.0704602672219,28.7879750955659,1,0,7.76503113054264,797.739222131392,768,0,20,20.6,20,3,5,COOLING IN PROGRESS,PCM CAPACITY INSUFFICIENT
6770,112.833333333333,1.88055555555556,35,20.0704602672219,28.7997302721531,1,0,7.75033715980866,797.739222131392,768,0,20,20.6,20,3,5,COOLING IN PROGRESS,PCM CAPACITY INSUFFICIENT
6780,113,1.88333333333333,35,20.0704602672219,28.8114632041133,1,0,7.73567099485831,797.739222131392,768,0,20,20.6,20,3,5,COOLING IN PROGRESS,PCM CAPACITY INSUFFICIENT
6790,113.166666666667,1.88611111111111,35,20.0704602672219,28.8231739335408,1,0,7.72103258307404,797.739222131392,768,0,20,20.6,20,3,5,COOLING IN PROGRESS,PCM CAPACITY INSUFFICIENT
6800,113.333333333333,1.88888888888889,35,20.0704602672219,28.8348625024498,1,0,7.70642187193781,797.739222131392,768,0,20,20.6,20,3,5,COOLING IN PROGRESS,PCM CAPACITY INSUFFICIENT
6810,113.5,1.89166666666667,35,20.0704602672219,28.8465289527752,1,0,7.69183880903098,797.739222131392,768,0,20,20.6,20,3,5,COOLING IN PROGRESS,PCM CAPACITY INSUFFICIENT
6820,113.666666666667,1.89444444444444,35,20.0704602672219,28.8581733263727,1,0,7.67728334203411,797.739222131392,768,0,20,20.6,20,3,5,COOLING IN PROGRESS,PCM CAPACITY INSUFFICIENT
6830,113.833333333333,1.89722222222222,35,20.0704602672219,28.8697956650187,1,0,7.66275541872664,797.739222131392,768,0,20,20.6,20,3,5,COOLING IN PROGRESS,PCM CAPACITY INSUFFICIENT
6840,114,1.9,35,20.0704602672219,28.8813960104104,1,0,7.64825498698701,797.739222131392,768,0,20,20.6,20,3,5,COOLING IN PROGRESS,PCM CAPACITY INSUFFICIENT
6850,114.166666666667,1.90277777777778,35,20.0704602672219,28.8929744041662,1,0,7.6337819947922,797.739222131392,768,0,20,20.6,20,3,5,COOLING IN PROGRESS,PCM CAPACITY INSUFFICIENT
6860,114.333333333333,1.90555555555556,35,20.0704602672219,28.904530887826,1,0,7.61933639021752,797.739222131392,768,0,20,20.6,20,3,5,COOLING IN PROGRESS,PCM CAPACITY INSUFFICIENT
6870,114.5,1.90833333333333,35,20.0704602672219,28.9160655028506,1,0,7.6049181214368,797.739222131392,768,0,20,20.6,20,3,5,COOLING IN PROGRESS,PCM CAPACITY INSUFFICIENT
6880,114.666666666667,1.91111111111111,35,20.0704602672219,28.9275782906225,1,0,7.59052713672182,797.739222131392,768,0,20,20.6,20,3,5,COOLING IN PROGRESS,PCM CAPACITY INSUFFICIENT
6890,114.833333333333,1.91388888888889,35,20.0704602672219,28.9390692924462,1,0,7.57616338444221,797.739222131392,768,0,20,20.6,20,3,5,COOLING IN PROGRESS,PCM CAPACITY INSUFFICIENT
6900,115,1.91666666666667,35,20.0704602672219,28.9505385495478,1,0,7.56182681306531,797.739222131392,768,0,20,20.6,20,3,5,COOLING IN PROGRESS,PCM CAPACITY INSUFFICIENT
6910,115.166666666667,1.91944444444444,35,20.0704602672219,28.9619861030753,1,0,7.54751737115591,797.739222131392,768,0,20,20.6,20,3,5,COOLING IN PROGRESS,PCM CAPACITY INSUFFICIENT
6920,115.333333333333,1.92222222222222,35,20.0704602672219,28.9734119940989,1,0,7.53323500737636,797.739222131392,768,0,20,20.6,20,3,5,COOLING IN PROGRESS,PCM CAPACITY INSUFFICIENT
6930,115.5,1.925,35,20.0704602672219,28.9848162636113,1,0,7.51897967048588,797.739222131392,768,0,20,20.6,20,3,5,COOLING IN PROGRESS,PCM CAPACITY INSUFFICIENT
6940,115.666666666667,1.92777777777778,35,20.0704602672219,28.9961989525273,1,0,7.50475130934088,797.739222131392,768,0,20,20.6,20,3,5,COOLING IN PROGRESS,PCM CAPACITY INSUFFICIENT
6950,115.833333333333,1.93055555555556,35,20.0704602672219,29.0075601016845,1,0,7.49054987289436,797.739222131392,768,0,20,20.6,20,3,5,COOLING IN PROGRESS,PCM CAPACITY INSUFFICIENT
6960,116,1.93333333333333,35,20.0704602672219,29.0188997518431,1,0,7.47637531019609,797.739222131392,768,0,20,20.6,20,3,5,COOLING IN PROGRESS,PCM CAPACITY INSUFFICIENT
6970,116.166666666667,1.93611111111111,35,20.0704602672219,29.0302179436863,1,0,7.4622275703921,797.739222131392,768,0,20,20.6,20,3,5,COOLING IN PROGRESS,PCM CAPACITY INSUFFICIENT
6980,116.333333333333,1.93888888888889,35,20.0704602672219,29.0415147178201,1,0,7.44810660272484,797.739222131392,768,0,20,20.6,20,3,5,COOLING IN PROGRESS,PCM CAPACITY INSUFFICIENT
6990,116.5,1.94166666666667,35,20.0704602672219,29.0527901147739,1,0,7.43401235653258,797.739222131392,768,0,20,20.6,20,3,5,COOLING IN PROGRESS,PCM CAPACITY INSUFFICIENT
7000,116.666666666667,1.94444444444444,35,20.0704602672219,29.0640441750003,1,0,7.41994478124966,797.739222131392,768,0,20,20.6,20,3,5,COOLING IN PROGRESS,PCM CAPACITY INSUFFICIENT
7010,116.833333333333,1.94722222222222,35,20.0704602672219,29.0752769388752,1,0,7.40590382640595,797.739222131392,768,0,20,20.6,20,3,5,COOLING IN PROGRESS,PCM CAPACITY INSUFFICIENT
7020,117,1.95,35,20.0704602672219,29.0864884466984,1,0,7.391889441627,797.739222131392,768,0,20,20.6,20,3,5,COOLING IN PROGRESS,PCM CAPACITY INSUFFICIENT
7030,117.166666666667,1.95277777777778,35,20.0704602672219,29.0976787386932,1,0,7.37790157663353,797.739222131392,768,0,20,20.6,20,3,5,COOLING IN PROGRESS,PCM CAPACITY INSUFFICIENT
7040,117.333333333333,1.95555555555556,35,20.0704602672219,29.1088478550069,1,0,7.36394018124143,797.739222131392,768,0,20,20.6,20,3,5,COOLING IN PROGRESS,PCM CAPACITY INSUFFICIENT
7050,117.5,1.95833333333333,35,20.0704602672219,29.1199958357107,1,0,7.35000520536163,797.739222131392,768,0,20,20.6,20,3,5,COOLING IN PROGRESS,PCM CAPACITY INSUFFICIENT
7060,117.666666666667,1.96111111111111,35,20.0704602672219,29.1311227208002,1,0,7.33609659899974,797.739222131392,768,0,20,20.6,20,3,5,COOLING IN PROGRESS,PCM CAPACITY INSUFFICIENT
7070,117.833333333333,1.96388888888889,35,20.0704602672219,29.1422285501952,1,0,7.32221431225602,797.739222131392,768,0,20,20.6,20,3,5,COOLING IN PROGRESS,PCM CAPACITY INSUFFICIENT
7080,118,1.96666666666667,35,20.0704602672219,29.1533133637398,1,0,7.30835829532523,797.739222131392,768,0,20,20.6,20,3,5,COOLING IN PROGRESS,PCM CAPACITY INSUFFICIENT
7090,118.166666666667,1.96944444444444,35,20.0704602672219,29.1643772012029,1,0,7.29452849849638,797.739222131392,768,0,20,20.6,20,3,5,COOLING IN PROGRESS,PCM CAPACITY INSUFFICIENT
7100,118.333333333333,1.97222222222222,35,20.0704602672219,29.1754201022781,1,0,7.2807248721524,797.739222131392,768,0,20,20.6,20,3,5,COOLING IN PROGRESS,PCM CAPACITY INSUFFICIENT
7110,118.5,1.975,35,20.0704602672219,29.1864421065838,1,0,7.26694736677021,797.739222131392,768,0,20,20.6,20,3,5,COOLING IN PROGRESS,PCM CAPACITY INSUFFICIENT
7120,118.666666666667,1.97777777777778,35,20.0704602672219,29.1974432536636,1,0,7.25319593292049,797.739222131392,768,0,20,20.6,20,3,5,COOLING IN PROGRESS,PCM CAPACITY INSUFFICIENT
7130,118.833333333333,1.98055555555556,35,20.0704602672219,29.2084235829862,1,0,7.23947052126727,797.739222131392,768,0,20,20.6,20,3,5,COOLING IN PROGRESS,PCM CAPACITY INSUFFICIENT
7140,119,1.98333333333333,35,20.0704602672219,29.2193831339455,1,0,7.22577108256817,797.739222131392,768,0,20,20.6,20,3,5,COOLING IN PROGRESS,PCM CAPACITY INSUFFICIENT
7150,119.166666666667,1.98611111111111,35,20.0704602672219,29.2303219458609,1,0,7.21209756767388,797.739222131392,768,0,20,20.6,20,3,5,COOLING IN PROGRESS,PCM CAPACITY INSUFFICIENT
7160,119.333333333333,1.98888888888889,35,20.0704602672219,29.2412400579775,1,0,7.19844992752815,797.739222131392,768,0,20,20.6,20,3,5,COOLING IN PROGRESS,PCM CAPACITY INSUFFICIENT
7170,119.5,1.99166666666667,35,20.0704602672219,29.2521375094661,1,0,7.1848281131674,797.739222131392,768,0,20,20.6,20,3,5,COOLING IN PROGRESS,PCM CAPACITY INSUFFICIENT
7180,119.666666666667,1.99444444444444,35,20.0704602672219,29.2630143394233,1,0,7.17123207572093,797.739222131392,768,0,20,20.6,20,3,5,COOLING IN PROGRESS,PCM CAPACITY INSUFFICIENT
7190,119.833333333333,1.99722222222222,35,20.0704602672219,29.2738705868717,1,0,7.15766176641035,797.739222131392,768,0,20,20.6,20,3,5,COOLING IN PROGRESS,PCM CAPACITY INSUFFICIENT
7200,120,2,35,20.0704602672219,29.2847062907603,1,0,7.14411713654967,797.739222131392,768,0,20,20.6,20,3,5,COOLING IN PROGRESS,PCM CAPACITY INSUFFICIENT
7210,120.166666666667,2.00277777777778,35,20.0704602672219,29.295521489964,1,0,7.130598137545,797.739222131392,768,0,20,20.6,20,3,5,COOLING IN PROGRESS,PCM CAPACITY INSUFFICIENT
7220,120.333333333333,2.00555555555556,35,20.0704602672219,29.3063162232845,1,0,7.11710472089438,797.739222131392,768,0,20,20.6,20,3,5,COOLING IN PROGRESS,PCM CAPACITY INSUFFICIENT
7230,120.5,2.00833333333333,35,20.0704602672219,29.3170905294498,1,0,7.10363683818773,797.739222131392,768,0,20,20.6,20,3,5,COOLING IN PROGRESS,PCM CAPACITY INSUFFICIENT
7240,120.666666666667,2.01111111111111,35,20.0704602672219,29.3278444471149,1,0,7.09019444110643,797.739222131392,768,0,20,20.6,20,3,5,COOLING IN PROGRESS,PCM CAPACITY INSUFFICIENT
7250,120.833333333333,2.01388888888889,35,20.0704602672219,29.3385780148613,1,0,7.07677748142335,797.739222131392,768,0,20,20.6,20,3,5,COOLING IN PROGRESS,PCM CAPACITY INSUFFICIENT
7260,121,2.01666666666667,35,20.0704602672219,29.3492912711979,1,0,7.06338591100268,797.739222131392,768,0,20,20.6,20,3,5,COOLING IN PROGRESS,PCM CAPACITY INSUFFICIENT
7270,121.166666666667,2.01944444444444,35,20.0704602672219,29.3599842545603,1,0,7.05001968179964,797.739222131392,768,0,20,20.6,20,3,5,COOLING IN PROGRESS,PCM CAPACITY INSUFFICIENT
7280,121.333333333333,2.02222222222222,35,20.0704602672219,29.3706570033117,1,0,7.03667874586043,797.739222131392,768,0,20,20.6,20,3,5,COOLING IN PROGRESS,PCM CAPACITY INSUFFICIENT
7290,121.5,2.025,35,20.0704602672219,29.3813095557425,1,0,7.0233630553219,797.739222131392,768,0,20,20.6,20,3,5,COOLING IN PROGRESS,PCM CAPACITY INSUFFICIENT
7300,121.666666666667,2.02777777777778,35,20.0704602672219,29.3919419500708,1,0,7.0100725624115,797.739222131392,768,0,20,20.6,20,3,5,COOLING IN PROGRESS,PCM CAPACITY INSUFFICIENT
7310,121.833333333333,2.03055555555556,35,20.0704602672219,29.4025542244423,1,0,6.99680721944711,797.739222131392,768,0,20,20.6,20,3,5,COOLING IN PROGRESS,PCM CAPACITY INSUFFICIENT
7320,122,2.03333333333333,35,20.0704602672219,29.4131464169305,1,0,6.98356697883686,797.739222131392,768,0,20,20.6,20,3,5,COOLING IN PROGRESS,PCM CAPACITY INSUFFICIENT
7330,122.166666666667,2.03611111111111,35,20.0704602672219,29.4237185655369,1,0,6.97035179307892,797.739222131392,768,0,20,20.6,20,3,5,COOLING IN PROGRESS,PCM CAPACITY INSUFFICIENT
7340,122.333333333333,2.03888888888889,35,20.0704602672219,29.434270708191,1,0,6.95716161476131,797.739222131392,768,0,20,20.6,20,3,5,COOLING IN PROGRESS,PCM CAPACITY INSUFFICIENT
7350,122.5,2.04166666666667,35,20.0704602672219,29.4448028827505,1,0,6.94399639656182,797.739222131392,768,0,20,20.6,20,3,5,COOLING IN PROGRESS,PCM CAPACITY INSUFFICIENT
7360,122.666666666667,2.04444444444444,35,20.0704602672219,29.4553151270017,1,0,6.93085609124782,797.739222131392,768,0,20,20.6,20,3,5,COOLING IN PROGRESS,PCM CAPACITY INSUFFICIENT
7370,122.833333333333,2.04722222222222,35,20.0704602672219,29.4658074786593,1,0,6.91774065167592,797.739222131392,768,0,20,20.6,20,3,5,COOLING IN PROGRESS,PCM CAPACITY INSUFFICIENT
7380,123,2.05,35,20.0704602672219,29.4762799753663,1,0,6.90465003079209,797.739222131392,768,0,20,20.6,20,3,5,COOLING IN PROGRESS,PCM CAPACITY INSUFFICIENT
7390,123.166666666667,2.05277777777778,35,20.0704602672219,29.486732654695,1,0,6.8915841816312,797.739222131392,768,0,20,20.6,20,3,5,COOLING IN PROGRESS,PCM CAPACITY INSUFFICIENT
7400,123.333333333333,2.05555555555556,35,20.0704602672219,29.4971655541463,1,0,6.87854305731714,797.739222131392,768,0,20,20.6,20,3,5,COOLING IN PROGRESS,PCM CAPACITY INSUFFICIENT
7410,123.5,2.05833333333333,35,20.0704602672219,29.50757871115,1,0,6.86552661106249,797.739222131392,768,0,20,20.6,20,3,5,COOLING IN PROGRESS,PCM CAPACITY INSUFFICIENT
7420,123.666666666667,2.06111111111111,35,20.0704602672219,29.5179721630655,1,0,6.85253479616814,797.739222131392,768,0,20,20.6,20,3,5,COOLING IN PROGRESS,PCM CAPACITY INSUFFICIENT
7430,123.833333333333,2.06388888888889,35,20.0704602672219,29.528345947181,1,0,6.8395675660237,797.739222131392,768,0,20,20.6,20,3,5,COOLING IN PROGRESS,PCM CAPACITY INSUFFICIENT
7440,124,2.06666666666667,35,20.0704602672219,29.5387001007146,1,0,6.82662487410671,797.739222131392,768,0,20,20.6,20,3,5,COOLING IN PROGRESS,PCM CAPACITY INSUFFICIENT
7450,124.166666666667,2.06944444444444,35,20.0704602672219,29.5490346608137,1,0,6.81370667398286,797.739222131392,768,0,20,20.6,20,3,5,COOLING IN PROGRESS,PCM CAPACITY INSUFFICIENT
7460,124.333333333333,2.07222222222222,35,20.0704602672219,29.5593496645554,1,0,6.80081291930569,797.739222131392,768,0,20,20.6,20,3,5,COOLING IN PROGRESS,PCM CAPACITY INSUFFICIENT
7470,124.5,2.075,35,20.0704602672219,29.5696451489468,1,0,6.78794356381649,797.739222131392,768,0,20,20.6,20,3,5,COOLING IN PROGRESS,PCM CAPACITY INSUFFICIENT
7480,124.666666666667,2.07777777777778,35,20.0704602672219,29.5799211509249,1,0,6.77509856134394,797.739222131392,768,0,20,20.6,20,3,5,COOLING IN PROGRESS,PCM CAPACITY INSUFFICIENT
7490,124.833333333333,2.08055555555556,35,20.0704602672219,29.5901777073566,1,0,6.76227786580427,797.739222131392,768,0,20,20.6,20,3,5,COOLING IN PROGRESS,PCM CAPACITY INSUFFICIENT
7500,125,2.08333333333333,35,20.0704602672219,29.6004148550393,1,0,6.74948143120091,797.739222131392,768,0,20,20.6,20,3,5,COOLING IN PROGRESS,PCM CAPACITY INSUFFICIENT
7510,125.166666666667,2.08611111111111,35,20.0704602672219,29.6106326307007,1,0,6.73670921162418,797.739222131392,768,0,20,20.6,20,3,5,COOLING IN PROGRESS,PCM CAPACITY INSUFFICIENT
7520,125.333333333333,2.08888888888889,35,20.0704602672219,29.620831070999,1,0,6.72396116125125,797.739222131392,768,0,20,20.6,20,3,5,COOLING IN PROGRESS,PCM CAPACITY INSUFFICIENT
7530,125.5,2.09166666666667,35,20.0704602672219,29.631010212523,1,0,6.71123723434625,797.739222131392,768,0,20,20.6,20,3,5,COOLING IN PROGRESS,PCM CAPACITY INSUFFICIENT
7540,125.666666666667,2.09444444444444,35,20.0704602672219,29.6411700917923,1,0,6.69853738525966,797.739222131392,768,0,20,20.6,20,3,5,COOLING IN PROGRESS,PCM CAPACITY INSUFFICIENT
7550,125.833333333333,2.09722222222222,35,20.0704602672219,29.6513107452573,1,0,6.68586156842843,797.739222131392,768,0,20,20.6,20,3,5,COOLING IN PROGRESS,PCM CAPACITY INSUFFICIENT
7560,126,2.1,35,20.0704602672219,29.6614322092995,1,0,6.67320973837559,797.739222131392,768,0,20,20.6,20,3,5,COOLING IN PROGRESS,PCM CAPACITY INSUFFICIENT
7570,126.166666666667,2.10277777777778,35,20.0704602672219,29.6715345202316,1,0,6.66058184971047,797.739222131392,768,0,20,20.6,20,3,5,COOLING IN PROGRESS,PCM CAPACITY INSUFFICIENT
7580,126.333333333333,2.10555555555556,35,20.0704602672219,29.6816177142975,1,0,6.64797785712812,797.739222131392,768,0,20,20.6,20,3,5,COOLING IN PROGRESS,PCM CAPACITY INSUFFICIENT
7590,126.5,2.10833333333333,35,20.0704602672219,29.6916818276725,1,0,6.63539771540937,797.739222131392,768,0,20,20.6,20,3,5,COOLING IN PROGRESS,PCM CAPACITY INSUFFICIENT
7600,126.666666666667,2.11111111111111,35,20.0704602672219,29.7017268964636,1,0,6.62284137942053,797.739222131392,768,0,20,20.6,20,3,5,COOLING IN PROGRESS,PCM CAPACITY INSUFFICIENT
7610,126.833333333333,2.11388888888889,35,20.0704602672219,29.7117529567092,1,0,6.61030880411345,797.739222131392,768,0,20,20.6,20,3,5,COOLING IN PROGRESS,PCM CAPACITY INSUFFICIENT
7620,127,2.11666666666667,35,20.0704602672219,29.7217600443799,1,0,6.5977999445251,797.739222131392,768,0,20,20.6,20,3,5,COOLING IN PROGRESS,PCM CAPACITY INSUFFICIENT
7630,127.166666666667,2.11944444444444,35,20.0704602672219,29.7317481953778,1,0,6.58531475577778,797.739222131392,768,0,20,20.6,20,3,5,COOLING IN PROGRESS,PCM CAPACITY INSUFFICIENT
7640,127.333333333333,2.12222222222222,35,20.0704602672219,29.7417174455372,1,0,6.57285319307845,797.739222131392,768,0,20,20.6,20,3,5,COOLING IN PROGRESS,PCM CAPACITY INSUFFICIENT
7650,127.5,2.125,35,20.0704602672219,29.7516678306249,1,0,6.56041521171891,797.739222131392,768,0,20,20.6,20,3,5,COOLING IN PROGRESS,PCM CAPACITY INSUFFICIENT
7660,127.666666666667,2.12777777777778,35,20.0704602672219,29.7615993863396,1,0,6.54800076707553,797.739222131392,768,0,20,20.6,20,3,5,COOLING IN PROGRESS,PCM CAPACITY INSUFFICIENT
7670,127.833333333333,2.13055555555556,35,20.0704602672219,29.7715121483126,1,0,6.53560981460928,797.739222131392,768,0,20,20.6,20,3,5,COOLING IN PROGRESS,PCM CAPACITY INSUFFICIENT
7680,128,2.13333333333333,35,20.0704602672219,29.7814061521078,1,0,6.5232423098652,797.739222131392,768,0,20,20.6,20,3,5,COOLING IN PROGRESS,PCM CAPACITY INSUFFICIENT
7690,128.166666666667,2.13611111111111,35,20.0704602672219,29.7912814332219,1,0,6.51089820847261,797.739222131392,768,0,20,20.6,20,3,5,COOLING IN PROGRESS,PCM CAPACITY INSUFFICIENT
7700,128.333333333333,2.13888888888889,35,20.0704602672219,29.8011380270843,1,0,6.49857746614467,797.739222131392,768,0,20,20.6,20,3,5,COOLING IN PROGRESS,PCM CAPACITY INSUFFICIENT
7710,128.5,2.14166666666667,35,20.0704602672219,29.8109759690572,1,0,6.48628003867856,797.739222131392,768,0,20,20.6,20,3,5,COOLING IN PROGRESS,PCM CAPACITY INSUFFICIENT
7720,128.666666666667,2.14444444444444,35,20.0704602672219,29.8207952944362,1,0,6.47400588195481,797.739222131392,768,0,20,20.6,20,3,5,COOLING IN PROGRESS,PCM CAPACITY INSUFFICIENT
7730,128.833333333333,2.14722222222222,35,20.0704602672219,29.8305960384499,1,0,6.46175495193764,797.739222131392,768,0,20,20.6,20,3,5,COOLING IN PROGRESS,PCM CAPACITY INSUFFICIENT
7740,129,2.15,35,20.0704602672219,29.8403782362604,1,0,6.44952720467455,797.739222131392,768,0,20,20.6,20,3,5,COOLING IN PROGRESS,PCM CAPACITY INSUFFICIENT
7750,129.166666666667,2.15277777777778,35,20.0704602672219,29.850141922963,1,0,6.43732259629624,797.739222131392,768,0,20,20.6,20,3,5,COOLING IN PROGRESS,PCM CAPACITY INSUFFICIENT
7760,129.333333333333,2.15555555555556,35,20.0704602672219,29.8598871335869,1,0,6.4251410830164,797.739222131392,768,0,20,20.6,20,3,5,COOLING IN PROGRESS,PCM CAPACITY INSUFFICIENT
7770,129.5,2.15833333333333,35,20.0704602672219,29.8696139030948,1,0,6.4129826211315,797.739222131392,768,0,20,20.6,20,3,5,COOLING IN PROGRESS,PCM CAPACITY INSUFFICIENT
7780,129.666666666667,2.16111111111111,35,20.0704602672219,29.8793222663833,1,0,6.40084716702083,797.739222131392,768,0,20,20.6,20,3,5,COOLING IN PROGRESS,PCM CAPACITY INSUFFICIENT
7790,129.833333333333,2.16388888888889,35,20.0704602672219,29.8890122582831,1,0,6.38873467714614,797.739222131392,768,0,20,20.6,20,3,5,COOLING IN PROGRESS,PCM CAPACITY INSUFFICIENT
7800,130,2.16666666666667,35,20.0704602672219,29.8986839135587,1,0,6.37664510805166,797.739222131392,768,0,20,20.6,20,3,5,COOLING IN PROGRESS,PCM CAPACITY INSUFFICIENT
7810,130.166666666667,2.16944444444444,35,20.0704602672219,29.9083372669089,1,0,6.36457841636382,797.739222131392,768,0,20,20.6,20,3,5,COOLING IN PROGRESS,PCM CAPACITY INSUFFICIENT
7820,130.333333333333,2.17222222222222,35,20.0704602672219,29.9179723529672,1,0,6.35253455879105,797.739222131392,768,0,20,20.6,20,3,5,COOLING IN PROGRESS,PCM CAPACITY INSUFFICIENT
7830,130.5,2.175,35,20.0704602672219,29.927589206301,1,0,6.3405134921238,797.739222131392,768,0,20,20.6,20,3,5,COOLING IN PROGRESS,PCM CAPACITY INSUFFICIENT
7840,130.666666666667,2.17777777777778,35,20.0704602672219,29.9371878614126,1,0,6.32851517323421,797.739222131392,768,0,20,20.6,20,3,5,COOLING IN PROGRESS,PCM CAPACITY INSUFFICIENT
7850,130.833333333333,2.18055555555556,35,20.0704602672219,29.9467683527392,1,0,6.31653955907601,797.739222131392,768,0,20,20.6,20,3,5,COOLING IN PROGRESS,PCM CAPACITY INSUFFICIENT
7860,131,2.18333333333333,35,20.0704602672219,29.9563307146523,1,0,6.30458660668459,797.739222131392,768,0,20,20.6,20,3,5,COOLING IN PROGRESS,PCM CAPACITY INSUFFICIENT
7870,131.166666666667,2.18611111111111,35,20.0704602672219,29.9658749814589,1,0,6.29265627317641,797.739222131392,768,0,20,20.6,20,3,5,COOLING IN PROGRESS,PCM CAPACITY INSUFFICIENT
7880,131.333333333333,2.18888888888889,35,20.0704602672219,29.9754011874006,1,0,6.28074851574919,797.739222131392,768,0,20,20.6,20,3,5,COOLING IN PROGRESS,PCM CAPACITY INSUFFICIENT
7890,131.5,2.19166666666667,35,20.0704602672219,29.9849093666547,1,0,6.26886329168162,797.739222131392,768,0,20,20.6,20,3,5,COOLING IN PROGRESS,PCM CAPACITY INSUFFICIENT
7900,131.666666666667,2.19444444444444,35,20.0704602672219,29.9943995533334,1,0,6.25700055833328,797.739222131392,768,0,20,20.6,20,3,5,COOLING IN PROGRESS,PCM CAPACITY INSUFFICIENT
7910,131.833333333333,2.19722222222222,35,20.0704602672219,30.0038717814845,1,0,6.24516027314438,797.739222131392,768,0,20,20.6,20,3,5,COOLING IN PROGRESS,PCM CAPACITY INSUFFICIENT
7920,132,2.2,35,20.0704602672219,30.0133260850916,1,0,6.23334239363553,797.739222131392,768,0,20,20.6,20,3,5,COOLING IN PROGRESS,PCM CAPACITY INSUFFICIENT
7930,132.166666666667,2.20277777777778,35,20.0704602672219,30.0227624980736,1,0,6.22154687740804,797.739222131392,768,0,20,20.6,20,3,5,COOLING IN PROGRESS,PCM CAPACITY INSUFFICIENT
7940,132.333333333333,2.20555555555556,35,20.0704602672219,30.0321810542854,1,0,6.20977368214328,797.739222131392,768,0,20,20.6,20,3,5,COOLING IN PROGRESS,PCM CAPACITY INSUFFICIENT
7950,132.5,2.20833333333333,35,20.0704602672219,30.0415817875179,1,0,6.19802276560265,797.739222131392,768,0,20,20.6,20,3,5,COOLING IN PROGRESS,PCM CAPACITY INSUFFICIENT
7960,132.666666666667,2.21111111111111,35,20.0704602672219,30.0509647314979,1,0,6.18629408562761,797.739222131392,768,0,20,20.6,20,3,5,COOLING IN PROGRESS,PCM CAPACITY INSUFFICIENT
7970,132.833333333333,2.21388888888889,35,20.0704602672219,30.0603299198886,1,0,6.17458760013919,797.739222131392,768,0,20,20.6,20,3,5,COOLING IN PROGRESS,PCM CAPACITY INSUFFICIENT
7980,133,2.21666666666667,35,20.0704602672219,30.0696773862893,1,0,6.16290326713838,797.739222131392,768,0,20,20.6,20,3,5,COOLING IN PROGRESS,PCM CAPACITY INSUFFICIENT
7990,133.166666666667,2.21944444444444,35,20.0704602672219,30.0790071642357,1,0,6.15124104470534,797.739222131392,768,0,20,20.6,20,3,5,COOLING IN PROGRESS,PCM CAPACITY INSUFFICIENT
8000,133.333333333333,2.22222222222222,35,20.0704602672219,30.0883192872003,1,0,6.13960089099968,797.739222131392,768,0,20,20.6,20,3,5,COOLING IN PROGRESS,PCM CAPACITY INSUFFICIENT
8010,133.5,2.225,35,20.0704602672219,30.0976137885919,1,0,6.12798276426015,797.739222131392,768,0,20,20.6,20,3,5,COOLING IN PROGRESS,PCM CAPACITY INSUFFICIENT
8020,133.666666666667,2.22777777777778,35,20.0704602672219,30.1068907017564,1,0,6.11638662280453,797.739222131392,768,0,20,20.6,20,3,5,COOLING IN PROGRESS,PCM CAPACITY INSUFFICIENT
8030,133.833333333333,2.23055555555556,35,20.0704602672219,30.1161500599763,1,0,6.10481242502964,797.739222131392,768,0,20,20.6,20,3,5,COOLING IN PROGRESS,PCM CAPACITY INSUFFICIENT
8040,134,2.23333333333333,35,20.0704602672219,30.1253918964714,1,0,6.09326012941069,797.739222131392,768,0,20,20.6,20,3,5,COOLING IN PROGRESS,PCM CAPACITY INSUFFICIENT
8050,134.166666666667,2.23611111111111,35,20.0704602672219,30.1346162443986,1,0,6.08172969450177,797.739222131392,768,0,20,20.6,20,3,5,COOLING IN PROGRESS,PCM CAPACITY INSUFFICIENT
8060,134.333333333333,2.23888888888889,35,20.0704602672219,30.1438231368517,1,0,6.07022107893532,797.739222131392,768,0,20,20.6,20,3,5,COOLING IN PROGRESS,PCM CAPACITY INSUFFICIENT
8070,134.5,2.24166666666667,35,20.0704602672219,30.1530126068624,1,0,6.05873424142195,797.739222131392,768,0,20,20.6,20,3,5,COOLING IN PROGRESS,PCM CAPACITY INSUFFICIENT
8080,134.666666666667,2.24444444444444,35,20.0704602672219,30.1621846873996,1,0,6.04726914075049,797.739222131392,768,0,20,20.6,20,3,5,COOLING IN PROGRESS,PCM CAPACITY INSUFFICIENT
8090,134.833333333333,2.24722222222222,35,20.0704602672219,30.1713394113698,1,0,6.03582573578778,797.739222131392,768,0,20,20.6,20,3,5,COOLING IN PROGRESS,PCM CAPACITY INSUFFICIENT
8100,135,2.25,35,20.0704602672219,30.1804768116172,1,0,6.02440398547845,797.739222131392,768,0,20,20.6,20,3,5,COOLING IN PROGRESS,PCM CAPACITY INSUFFICIENT
8110,135.166666666667,2.25277777777778,35,20.0704602672219,30.1895969209241,1,0,6.01300384884483,797.739222131392,768,0,20,20.6,20,3,5,COOLING IN PROGRESS,PCM CAPACITY INSUFFICIENT
8120,135.333333333333,2.25555555555556,35,20.0704602672219,30.1986997720106,1,0,6.00162528498672,797.739222131392,768,0,20,20.6,20,3,5,COOLING IN PROGRESS,PCM CAPACITY INSUFFICIENT
8130,135.5,2.25833333333333,35,20.0704602672219,30.2077853975348,1,0,5.99026825308154,797.739222131392,768,0,20,20.6,20,3,5,COOLING IN PROGRESS,PCM CAPACITY INSUFFICIENT
8140,135.666666666667,2.26111111111111,35,20.0704602672219,30.216853830093,1,0,5.97893271238374,797.739222131392,768,0,20,20.6,20,3,5,COOLING IN PROGRESS,PCM CAPACITY INSUFFICIENT
8150,135.833333333333,2.26388888888889,35,20.0704602672219,30.22590510222,1,0,5.96761862222503,797.739222131392,768,0,20,20.6,20,3,5,COOLING IN PROGRESS,PCM CAPACITY INSUFFICIENT
8160,136,2.26666666666667,35,20.0704602672219,30.2349392463889,1,0,5.95632594201389,797.739222131392,768,0,20,20.6,20,3,5,COOLING IN PROGRESS,PCM CAPACITY INSUFFICIENT
8170,136.166666666667,2.26944444444444,35,20.0704602672219,30.2439562950114,1,0,5.94505463123579,797.739222131392,768,0,20,20.6,20,3,5,COOLING IN PROGRESS,PCM CAPACITY INSUFFICIENT
8180,136.333333333333,2.27222222222222,35,20.0704602672219,30.2529562804378,1,0,5.93380464945271,797.739222131392,768,0,20,20.6,20,3,5,COOLING IN PROGRESS,PCM CAPACITY INSUFFICIENT
8190,136.5,2.275,35,20.0704602672219,30.2619392349574,1,0,5.9225759563033,797.739222131392,768,0,20,20.6,20,3,5,COOLING IN PROGRESS,PCM CAPACITY INSUFFICIENT
8200,136.666666666667,2.27777777777778,35,20.0704602672219,30.270905190798,1,0,5.91136851150252,797.739222131392,768,0,20,20.6,20,3,5,COOLING IN PROGRESS,PCM CAPACITY INSUFFICIENT
8210,136.833333333333,2.28055555555556,35,20.0704602672219,30.2798541801268,1,0,5.90018227484156,797.739222131392,768,0,20,20.6,20,3,5,COOLING IN PROGRESS,PCM CAPACITY INSUFFICIENT
8220,137,2.28333333333333,35,20.0704602672219,30.2887862350499,1,0,5.88901720618765,797.739222131392,768,0,20,20.6,20,3,5,COOLING IN PROGRESS,PCM CAPACITY INSUFFICIENT
8230,137.166666666667,2.28611111111111,35,20.0704602672219,30.2977013876127,1,0,5.87787326548413,797.739222131392,768,0,20,20.6,20,3,5,COOLING IN PROGRESS,PCM CAPACITY INSUFFICIENT
8240,137.333333333333,2.28888888888889,35,20.0704602672219,30.3065996698001,1,0,5.86675041274992,797.739222131392,768,0,20,20.6,20,3,5,COOLING IN PROGRESS,PCM CAPACITY INSUFFICIENT
8250,137.5,2.29166666666667,35,20.0704602672219,30.3154811135362,1,0,5.85564860807978,797.739222131392,768,0,20,20.6,20,3,5,COOLING IN PROGRESS,PCM CAPACITY INSUFFICIENT
8260,137.666666666667,2.29444444444444,35,20.0704602672219,30.3243457506849,1,0,5.84456781164392,797.739222131392,768,0,20,20.6,20,3,5,COOLING IN PROGRESS,PCM CAPACITY INSUFFICIENT
8270,137.833333333333,2.29722222222222,35,20.0704602672219,30.3331936130497,1,0,5.83350798368784,797.739222131392,768,0,20,20.6,20,3,5,COOLING IN PROGRESS,PCM CAPACITY INSUFFICIENT
8280,138,2.3,35,20.0704602672219,30.3420247323741,1,0,5.82246908453238,797.739222131392,768,0,20,20.6,20,3,5,COOLING IN PROGRESS,PCM CAPACITY INSUFFICIENT
8290,138.166666666667,2.30277777777778,35,20.0704602672219,30.3508391403412,1,0,5.81145107457345,797.739222131392,768,0,20,20.6,20,3,5,COOLING IN PROGRESS,PCM CAPACITY INSUFFICIENT
8300,138.333333333333,2.30555555555556,35,20.0704602672219,30.3596368685745,1,0,5.80045391428188,797.739222131392,768,0,20,20.6,20,3,5,COOLING IN PROGRESS,PCM CAPACITY INSUFFICIENT
8310,138.5,2.30833333333333,35,20.0704602672219,30.3684179486374,1,0,5.78947756420321,797.739222131392,768,0,20,20.6,20,3,5,COOLING IN PROGRESS,PCM CAPACITY INSUFFICIENT
8320,138.666666666667,2.31111111111111,35,20.0704602672219,30.3771824120337,1,0,5.77852198495784,797.739222131392,768,0,20,20.6,20,3,5,COOLING IN PROGRESS,PCM CAPACITY INSUFFICIENT
8330,138.833333333333,2.31388888888889,35,20.0704602672219,30.3859302902076,1,0,5.76758713724048,797.739222131392,768,0,20,20.6,20,3,5,COOLING IN PROGRESS,PCM CAPACITY INSUFFICIENT
8340,139,2.31666666666667,35,20.0704602672219,30.3946616145437,1,0,5.75667298182039,797.739222131392,768,0,20,20.6,20,3,5,COOLING IN PROGRESS,PCM CAPACITY INSUFFICIENT
8350,139.166666666667,2.31944444444444,35,20.0704602672219,30.4033764163672,1,0,5.74577947954101,797.739222131392,768,0,20,20.6,20,3,5,COOLING IN PROGRESS,PCM CAPACITY INSUFFICIENT
8360,139.333333333333,2.32222222222222,35,20.0704602672219,30.4120747269442,1,0,5.73490659131977,797.739222131392,768,0,20,20.6,20,3,5,COOLING IN PROGRESS,PCM CAPACITY INSUFFICIENT
8370,139.5,2.325,35,20.0704602672219,30.4207565774814,1,0,5.72405427814827,797.739222131392,768,0,20,20.6,20,3,5,COOLING IN PROGRESS,PCM CAPACITY INSUFFICIENT
8380,139.666666666667,2.32777777777778,35,20.0704602672219,30.4294219991267,1,0,5.71322250109168,797.739222131392,768,0,20,20.6,20,3,5,COOLING IN PROGRESS,PCM CAPACITY INSUFFICIENT
8390,139.833333333333,2.33055555555556,35,20.0704602672219,30.4380710229687,1,0,5.70241122128913,797.739222131392,768,0,20,20.6,20,3,5,COOLING IN PROGRESS,PCM CAPACITY INSUFFICIENT
8400,140,2.33333333333333,35,20.0704602672219,30.4467036800376,1,0,5.69162039995304,797.739222131392,768,0,20,20.6,20,3,5,COOLING IN PROGRESS,PCM CAPACITY INSUFFICIENT
8410,140.166666666667,2.33611111111111,35,20.0704602672219,30.4553200013045,1,0,5.68084999836934,797.739222131392,768,0,20,20.6,20,3,5,COOLING IN PROGRESS,PCM CAPACITY INSUFFICIENT
8420,140.333333333333,2.33888888888889,35,20.0704602672219,30.4639200176823,1,0,5.67009997789715,797.739222131392,768,0,20,20.6,20,3,5,COOLING IN PROGRESS,PCM CAPACITY INSUFFICIENT
8430,140.5,2.34166666666667,35,20.0704602672219,30.472503760025,1,0,5.65937029996881,797.739222131392,768,0,20,20.6,20,3,5,COOLING IN PROGRESS,PCM CAPACITY INSUFFICIENT
8440,140.666666666667,2.34444444444444,35,20.0704602672219,30.4810712591283,1,0,5.64866092608963,797.739222131392,768,0,20,20.6,20,3,5,COOLING IN PROGRESS,PCM CAPACITY INSUFFICIENT
8450,140.833333333333,2.34722222222222,35,20.0704602672219,30.4896225457299,1,0,5.63797181783769,797.739222131392,768,0,20,20.6,20,3,5,COOLING IN PROGRESS,PCM CAPACITY INSUFFICIENT
8460,141,2.35,35,20.0704602672219,30.498157650509,1,0,5.62730293686377,797.739222131392,768,0,20,20.6,20,3,5,COOLING IN PROGRESS,PCM CAPACITY INSUFFICIENT
8470,141.166666666667,2.35277777777778,35,20.0704602672219,30.506676604087,1,0,5.61665424489131,797.739222131392,768,0,20,20.6,20,3,5,COOLING IN PROGRESS,PCM CAPACITY INSUFFICIENT
8480,141.333333333333,2.35555555555556,35,20.0704602672219,30.5151794370271,1,0,5.60602570371616,797.739222131392,768,0,20,20.6,20,3,5,COOLING IN PROGRESS,PCM CAPACITY INSUFFICIENT
8490,141.5,2.35833333333333,35,20.0704602672219,30.5236661798349,1,0,5.59541727520637,797.739222131392,768,0,20,20.6,20,3,5,COOLING IN PROGRESS,PCM CAPACITY INSUFFICIENT
8500,141.666666666667,2.36111111111111,35,20.0704602672219,30.5321368629582,1,0,5.58482892130226,797.739222131392,768,0,20,20.6,20,3,5,COOLING IN PROGRESS,PCM CAPACITY INSUFFICIENT
8510,141.833333333333,2.36388888888889,35,20.0704602672219,30.5405915167871,1,0,5.57426060401614,797.739222131392,768,0,20,20.6,20,3,5,COOLING IN PROGRESS,PCM CAPACITY INSUFFICIENT
8520,142,2.36666666666667,35,20.0704602672219,30.5490301716542,1,0,5.56371228543222,797.739222131392,768,0,20,20.6,20,3,5,COOLING IN PROGRESS,PCM CAPACITY INSUFFICIENT
8530,142.166666666667,2.36944444444444,35,20.0704602672219,30.5574528578349,1,0,5.55318392770642,797.739222131392,768,0,20,20.6,20,3,5,COOLING IN PROGRESS,PCM CAPACITY INSUFFICIENT
8540,142.333333333333,2.37222222222222,35,20.0704602672219,30.5658596055471,1,0,5.54267549306619,797.739222131392,768,0,20,20.6,20,3,5,COOLING IN PROGRESS,PCM CAPACITY INSUFFICIENT
8550,142.5,2.375,35,20.0704602672219,30.5742504449514,1,0,5.5321869438107,797.739222131392,768,0,20,20.6,20,3,5,COOLING IN PROGRESS,PCM CAPACITY INSUFFICIENT
8560,142.666666666667,2.37777777777778,35,20.0704602672219,30.5826254061518,1,0,5.52171824231022,797.739222131392,768,0,20,20.6,20,3,5,COOLING IN PROGRESS,PCM CAPACITY INSUFFICIENT
8570,142.833333333333,2.38055555555556,35,20.0704602672219,30.5909845191949,1,0,5.51126935100639,797.739222131392,768,0,20,20.6,20,3,5,COOLING IN PROGRESS,PCM CAPACITY INSUFFICIENT
8580,143,2.38333333333333,35,20.0704602672219,30.5993278140706,1,0,5.50084023241179,797.739222131392,768,0,20,20.6,20,3,5,COOLING IN PROGRESS,PCM CAPACITY INSUFFICIENT
8590,143.166666666667,2.38611111111111,35,20.0704602672219,30.607655320712,1,0,5.49043084911004,797.739222131392,768,0,20,20.6,20,3,5,COOLING IN PROGRESS,PCM CAPACITY INSUFFICIENT
8600,143.333333333333,2.38888888888889,35,20.0704602672219,30.6159670689955,1,0,5.48004116375563,797.739222131392,768,0,20,20.6,20,3,5,COOLING IN PROGRESS,PCM CAPACITY INSUFFICIENT
8610,143.5,2.39166666666667,35,20.0704602672219,30.6242630887413,1,0,5.46967113907343,797.739222131392,768,0,20,20.6,20,3,5,COOLING IN PROGRESS,PCM CAPACITY INSUFFICIENT
8620,143.666666666667,2.39444444444444,35,20.0704602672219,30.6325434097126,1,0,5.45932073785919,797.739222131392,768,0,20,20.6,20,3,5,COOLING IN PROGRESS,PCM CAPACITY INSUFFICIENT
8630,143.833333333333,2.39722222222222,35,20.0704602672219,30.640808061617,1,0,5.44898992297881,797.739222131392,768,0,20,20.6,20,3,5,COOLING IN PROGRESS,PCM CAPACITY INSUFFICIENT
8640,144,2.4,35,20.0704602672219,30.6490570741051,1,0,5.43867865736865,797.739222131392,768,0,20,20.6,20,3,5,COOLING IN PROGRESS,PCM CAPACITY INSUFFICIENT
8650,144.166666666667,2.40277777777778,35,20.0704602672219,30.6572904767719,1,0,5.42838690403511,797.739222131392,768,0,20,20.6,20,3,5,COOLING IN PROGRESS,PCM CAPACITY INSUFFICIENT
8660,144.333333333333,2.40555555555556,35,20.0704602672219,30.6655082991563,1,0,5.41811462605458,797.739222131392,768,0,20,20.6,20,3,5,COOLING IN PROGRESS,PCM CAPACITY INSUFFICIENT
8670,144.5,2.40833333333333,35,20.0704602672219,30.6737105707414,1,0,5.40786178657323,797.739222131392,768,0,20,20.6,20,3,5,COOLING IN PROGRESS,PCM CAPACITY INSUFFICIENT
8680,144.666666666667,2.41111111111111,35,20.0704602672219,30.6818973209542,1,0,5.39762834880722,797.739222131392,768,0,20,20.6,20,3,5,COOLING IN PROGRESS,PCM CAPACITY INSUFFICIENT
8690,144.833333333333,2.41388888888889,35,20.0704602672219,30.6900685791663,1,0,5.38741427604215,797.739222131392,768,0,20,20.6,20,3,5,COOLING IN PROGRESS,PCM CAPACITY INSUFFICIENT
8700,145,2.41666666666667,35,20.0704602672219,30.6982243746935,1,0,5.37721953163309,797.739222131392,768,0,20,20.6,20,3,5,COOLING IN PROGRESS,PCM CAPACITY INSUFFICIENT
8710,145.166666666667,2.41944444444444,35,20.0704602672219,30.7063647367964,1,0,5.36704407900447,797.739222131392,768,0,20,20.6,20,3,5,COOLING IN PROGRESS,PCM CAPACITY INSUFFICIENT
8720,145.333333333333,2.42222222222222,35,20.0704602672219,30.71448969468,1,0,5.35688788165006,797.739222131392,768,0,20,20.6,20,3,5,COOLING IN PROGRESS,PCM CAPACITY INSUFFICIENT
8730,145.5,2.425,35,20.0704602672219,30.722599277494,1,0,5.34675090313252,797.739222131392,768,0,20,20.6,20,3,5,COOLING IN PROGRESS,PCM CAPACITY INSUFFICIENT
8740,145.666666666667,2.42777777777778,35,20.0704602672219,30.7306935143332,1,0,5.33663310708352,797.739222131392,768,0,20,20.6,20,3,5,COOLING IN PROGRESS,PCM CAPACITY INSUFFICIENT
8750,145.833333333333,2.43055555555556,35,20.0704602672219,30.7387724342371,1,0,5.32653445720366,797.739222131392,768,0,20,20.6,20,3,5,COOLING IN PROGRESS,PCM CAPACITY INSUFFICIENT
8760,146,2.43333333333333,35,20.0704602672219,30.7468360661904,1,0,5.31645491726204,797.739222131392,768,0,20,20.6,20,3,5,COOLING IN PROGRESS,PCM CAPACITY INSUFFICIENT
8770,146.166666666667,2.43611111111111,35,20.0704602672219,30.7548844391228,1,0,5.30639445109651,797.739222131392,768,0,20,20.6,20,3,5,COOLING IN PROGRESS,PCM CAPACITY INSUFFICIENT
8780,146.333333333333,2.43888888888889,35,20.0704602672219,30.7629175819094,1,0,5.29635302261324,797.739222131392,768,0,20,20.6,20,3,5,COOLING IN PROGRESS,PCM CAPACITY INSUFFICIENT
8790,146.5,2.44166666666667,35,20.0704602672219,30.7709355233706,1,0,5.28633059578675,797.739222131392,768,0,20,20.6,20,3,5,COOLING IN PROGRESS,PCM CAPACITY INSUFFICIENT
8800,146.666666666667,2.44444444444444,35,20.0704602672219,30.7789382922723,1,0,5.27632713465963,797.739222131392,768,0,20,20.6,20,3,5,COOLING IN PROGRESS,PCM CAPACITY INSUFFICIENT
8810,146.833333333333,2.44722222222222,35,20.0704602672219,30.7869259173258,1,0,5.26634260334272,797.739222131392,768,0,20,20.6,20,3,5,COOLING IN PROGRESS,PCM CAPACITY INSUFFICIENT
8820,147,2.45,35,20.0704602672219,30.7948984271883,1,0,5.2563769660146,797.739222131392,768,0,20,20.6,20,3,5,COOLING IN PROGRESS,PCM CAPACITY INSUFFICIENT
8830,147.166666666667,2.45277777777778,35,20.0704602672219,30.8028558504627,1,0,5.2464301869216,797.739222131392,768,0,20,20.6,20,3,5,COOLING IN PROGRESS,PCM CAPACITY INSUFFICIENT
8840,147.333333333333,2.45555555555556,35,20.0704602672219,30.8107982156977,1,0,5.2365022303779,797.739222131392,768,0,20,20.6,20,3,5,COOLING IN PROGRESS,PCM CAPACITY INSUFFICIENT
8850,147.5,2.45833333333333,35,20.0704602672219,30.8187255513879,1,0,5.22659306076507,797.739222131392,768,0,20,20.6,20,3,5,COOLING IN PROGRESS,PCM CAPACITY INSUFFICIENT
8860,147.666666666667,2.46111111111111,35,20.0704602672219,30.8266378859743,1,0,5.21670264253209,797.739222131392,768,0,20,20.6,20,3,5,COOLING IN PROGRESS,PCM CAPACITY INSUFFICIENT
8870,147.833333333333,2.46388888888889,35,20.0704602672219,30.8345352478438,1,0,5.20683094019524,797.739222131392,768,0,20,20.6,20,3,5,COOLING IN PROGRESS,PCM CAPACITY INSUFFICIENT
8880,148,2.46666666666667,35,20.0704602672219,30.8424176653297,1,0,5.19697791833787,797.739222131392,768,0,20,20.6,20,3,5,COOLING IN PROGRESS,PCM CAPACITY INSUFFICIENT
8890,148.166666666667,2.46944444444444,35,20.0704602672219,30.8502851667115,1,0,5.18714354161057,797.739222131392,768,0,20,20.6,20,3,5,COOLING IN PROGRESS,PCM CAPACITY INSUFFICIENT
8900,148.333333333333,2.47222222222222,35,20.0704602672219,30.8581377802156,1,0,5.17732777473049,797.739222131392,768,0,20,20.6,20,3,5,COOLING IN PROGRESS,PCM CAPACITY INSUFFICIENT
8910,148.5,2.475,35,20.0704602672219,30.8659755340145,1,0,5.16753058248188,797.739222131392,768,0,20,20.6,20,3,5,COOLING IN PROGRESS,PCM CAPACITY INSUFFICIENT
8920,148.666666666667,2.47777777777778,35,20.0704602672219,30.8737984562276,1,0,5.15775192971546,797.739222131392,768,0,20,20.6,20,3,5,COOLING IN PROGRESS,PCM CAPACITY INSUFFICIENT
8930,148.833333333333,2.48055555555556,35,20.0704602672219,30.8816065749212,1,0,5.14799178134844,797.739222131392,768,0,20,20.6,20,3,5,COOLING IN PROGRESS,PCM CAPACITY INSUFFICIENT
8940,149,2.48333333333333,35,20.0704602672219,30.8893999181084,1,0,5.13825010236449,797.739222131392,768,0,20,20.6,20,3,5,COOLING IN PROGRESS,PCM CAPACITY INSUFFICIENT
8950,149.166666666667,2.48611111111111,35,20.0704602672219,30.8971785137492,1,0,5.12852685781353,797.739222131392,768,0,20,20.6,20,3,5,COOLING IN PROGRESS,PCM CAPACITY INSUFFICIENT
8960,149.333333333333,2.48888888888889,35,20.0704602672219,30.9049423897507,1,0,5.11882201281157,797.739222131392,768,0,20,20.6,20,3,5,COOLING IN PROGRESS,PCM CAPACITY INSUFFICIENT
8970,149.5,2.49166666666667,35,20.0704602672219,30.9126915739674,1,0,5.10913553254071,797.739222131392,768,0,20,20.6,20,3,5,COOLING IN PROGRESS,PCM CAPACITY INSUFFICIENT
8980,149.666666666667,2.49444444444444,35,20.0704602672219,30.9204260942009,1,0,5.09946738224882,797.739222131392,768,0,20,20.6,20,3,5,COOLING IN PROGRESS,PCM CAPACITY INSUFFICIENT
8990,149.833333333333,2.49722222222222,35,20.0704602672219,30.9281459782003,1,0,5.0898175272496,797.739222131392,768,0,20,20.6,20,3,5,COOLING IN PROGRESS,PCM CAPACITY INSUFFICIENT
9000,150,2.5,35,20.0704602672219,30.935851253662,1,0,5.08018593292251,797.739222131392,768,0,20,20.6,20,3,5,COOLING IN PROGRESS,PCM CAPACITY INSUFFICIENT
9010,150.166666666667,2.50277777777778,35,20.0704602672219,30.9435419482302,1,0,5.07057256471228,797.739222131392,768,0,20,20.6,20,3,5,COOLING IN PROGRESS,PCM CAPACITY INSUFFICIENT
9020,150.333333333333,2.50555555555556,35,20.0704602672219,30.9512180894966,1,0,5.06097738812919,797.739222131392,768,0,20,20.6,20,3,5,COOLING IN PROGRESS,PCM CAPACITY INSUFFICIENT
9030,150.5,2.50833333333333,35,20.0704602672219,30.958879705001,1,0,5.05140036874873,797.739222131392,768,0,20,20.6,20,3,5,COOLING IN PROGRESS,PCM CAPACITY INSUFFICIENT
9040,150.666666666667,2.51111111111111,35,20.0704602672219,30.9665268222307,1,0,5.04184147221164,797.739222131392,768,0,20,20.6,20,3,5,COOLING IN PROGRESS,PCM CAPACITY INSUFFICIENT
9050,150.833333333333,2.51388888888889,35,20.0704602672219,30.9741594686212,1,0,5.03230066422349,797.739222131392,768,0,20,20.6,20,3,5,COOLING IN PROGRESS,PCM CAPACITY INSUFFICIENT
9060,151,2.51666666666667,35,20.0704602672219,30.981777671556,1,0,5.02277791055494,797.739222131392,768,0,20,20.6,20,3,5,COOLING IN PROGRESS,PCM CAPACITY INSUFFICIENT
9070,151.166666666667,2.51944444444444,35,20.0704602672219,30.989381458367,1,0,5.0132731770413,797.739222131392,768,0,20,20.6,20,3,5,COOLING IN PROGRESS,PCM CAPACITY INSUFFICIENT
9080,151.333333333333,2.52222222222222,35,20.0704602672219,30.9969708563339,1,0,5.00378642958256,797.739222131392,768,0,20,20.6,20,3,5,COOLING IN PROGRESS,PCM CAPACITY INSUFFICIENT
9090,151.5,2.525,35,20.0704602672219,31.0045458926854,1,0,4.99431763414319,797.739222131392,768,0,20,20.6,20,3,5,COOLING IN PROGRESS,PCM CAPACITY INSUFFICIENT
9100,151.666666666667,2.52777777777778,35,20.0704602672219,31.0121065945983,1,0,4.98486675675218,797.739222131392,768,0,20,20.6,20,3,5,COOLING IN PROGRESS,PCM CAPACITY INSUFFICIENT
9110,151.833333333333,2.53055555555556,35,20.0704602672219,31.0196529891979,1,0,4.97543376350262,797.739222131392,768,0,20,20.6,20,3,5,COOLING IN PROGRESS,PCM CAPACITY INSUFFICIENT
9120,152,2.53333333333333,35,20.0704602672219,31.0271851035584,1,0,4.96601862055203,797.739222131392,768,0,20,20.6,20,3,5,COOLING IN PROGRESS,PCM CAPACITY INSUFFICIENT
9130,152.166666666667,2.53611111111111,35,20.0704602672219,31.0347029647026,1,0,4.95662129412178,797.739222131392,768,0,20,20.6,20,3,5,COOLING IN PROGRESS,PCM CAPACITY INSUFFICIENT
9140,152.333333333333,2.53888888888889,35,20.0704602672219,31.0422065996022,1,0,4.94724175049722,797.739222131392,768,0,20,20.6,20,3,5,COOLING IN PROGRESS,PCM CAPACITY INSUFFICIENT
9150,152.5,2.54166666666667,35,20.0704602672219,31.0496960351781,1,0,4.93787995602735,797.739222131392,768,0,20,20.6,20,3,5,COOLING IN PROGRESS,PCM CAPACITY INSUFFICIENT
9160,152.666666666667,2.54444444444444,35,20.0704602672219,31.0571712982999,1,0,4.92853587712515,797.739222131392,768,0,20,20.6,20,3,5,COOLING IN PROGRESS,PCM CAPACITY INSUFFICIENT
9170,152.833333333333,2.54722222222222,35,20.0704602672219,31.0646324157865,1,0,4.91920948026689,797.739222131392,768,0,20,20.6,20,3,5,COOLING IN PROGRESS,PCM CAPACITY INSUFFICIENT
9180,153,2.55,35,20.0704602672219,31.0720794144061,1,0,4.90990073199242,797.739222131392,768,0,20,20.6,20,3,5,COOLING IN PROGRESS,PCM CAPACITY INSUFFICIENT
9190,153.166666666667,2.55277777777778,35,20.0704602672219,31.0795123208761,1,0,4.90060959890487,797.739222131392,768,0,20,20.6,20,3,5,COOLING IN PROGRESS,PCM CAPACITY INSUFFICIENT
9200,153.333333333333,2.55555555555556,35,20.0704602672219,31.0869311618636,1,0,4.89133604767055,797.739222131392,768,0,20,20.6,20,3,5,COOLING IN PROGRESS,PCM CAPACITY INSUFFICIENT
9210,153.5,2.55833333333333,35,20.0704602672219,31.0943359639849,1,0,4.88208004501893,797.739222131392,768,0,20,20.6,20,3,5,COOLING IN PROGRESS,PCM CAPACITY INSUFFICIENT
9220,153.666666666667,2.56111111111111,35,20.0704602672219,31.1017267538062,1,0,4.87284155774224,797.739222131392,768,0,20,20.6,20,3,5,COOLING IN PROGRESS,PCM CAPACITY INSUFFICIENT
9230,153.833333333333,2.56388888888889,35,20.0704602672219,31.1091035578434,1,0,4.86362055269571,797.739222131392,768,0,20,20.6,20,3,5,COOLING IN PROGRESS,PCM CAPACITY INSUFFICIENT
9240,154,2.56666666666667,35,20.0704602672219,31.1164664025622,1,0,4.85441699679726,797.739222131392,768,0,20,20.6,20,3,5,COOLING IN PROGRESS,PCM CAPACITY INSUFFICIENT
9250,154.166666666667,2.56944444444444,35,20.0704602672219,31.123815314378,1,0,4.84523085702749,797.739222131392,768,0,20,20.6,20,3,5,COOLING IN PROGRESS,PCM CAPACITY INSUFFICIENT
9260,154.333333333333,2.57222222222222,35,20.0704602672219,31.1311503196565,1,0,4.83606210042939,797.739222131392,768,0,20,20.6,20,3,5,COOLING IN PROGRESS,PCM CAPACITY INSUFFICIENT
9270,154.5,2.575,35,20.0704602672219,31.1384714447134,1,0,4.82691069410827,797.739222131392,768,0,20,20.6,20,3,5,COOLING IN PROGRESS,PCM CAPACITY INSUFFICIENT
9280,154.666666666667,2.57777777777778,35,20.0704602672219,31.1457787158145,1,0,4.81777660523185,797.739222131392,768,0,20,20.6,20,3,5,COOLING IN PROGRESS,PCM CAPACITY INSUFFICIENT
9290,154.833333333333,2.58055555555556,35,20.0704602672219,31.1530721591762,1,0,4.80865980102975,797.739222131392,768,0,20,20.6,20,3,5,COOLING IN PROGRESS,PCM CAPACITY INSUFFICIENT
9300,155,2.58333333333333,35,20.0704602672219,31.1603518009649,1,0,4.79956024879383,797.739222131392,768,0,20,20.6,20,3,5,COOLING IN PROGRESS,PCM CAPACITY INSUFFICIENT
9310,155.166666666667,2.58611111111111,35,20.0704602672219,31.1676176672979,1,0,4.79047791587764,797.739222131392,768,0,20,20.6,20,3,5,COOLING IN PROGRESS,PCM CAPACITY INSUFFICIENT
9320,155.333333333333,2.58888888888889,35,20.0704602672219,31.1748697842426,1,0,4.78141276969671,797.739222131392,768,0,20,20.6,20,3,5,COOLING IN PROGRESS,PCM CAPACITY INSUFFICIENT
9330,155.5,2.59166666666667,35,20.0704602672219,31.1821081778175,1,0,4.77236477772808,797.739222131392,768,0,20,20.6,20,3,5,COOLING IN PROGRESS,PCM CAPACITY INSUFFICIENT
9340,155.666666666667,2.59444444444444,35,20.0704602672219,31.1893328739916,1,0,4.76333390751044,797.739222131392,768,0,20,20.6,20,3,5,COOLING IN PROGRESS,PCM CAPACITY INSUFFICIENT
9350,155.833333333333,2.59722222222222,35,20.0704602672219,31.1965438986849,1,0,4.75432012664384,797.739222131392,768,0,20,20.6,20,3,5,COOLING IN PROGRESS,PCM CAPACITY INSUFFICIENT
9360,156,2.6,35,20.0704602672219,31.2037412777683,1,0,4.74532340278959,797.739222131392,768,0,20,20.6,20,3,5,COOLING IN PROGRESS,PCM CAPACITY INSUFFICIENT
9370,156.166666666667,2.60277777777778,35,20.0704602672219,31.2109250370638,1,0,4.73634370367029,797.739222131392,768,0,20,20.6,20,3,5,COOLING IN PROGRESS,PCM CAPACITY INSUFFICIENT
9380,156.333333333333,2.60555555555556,35,20.0704602672219,31.2180952023443,1,0,4.72738099706965,797.739222131392,768,0,20,20.6,20,3,5,COOLING IN PROGRESS,PCM CAPACITY INSUFFICIENT
9390,156.5,2.60833333333333,35,20.0704602672219,31.2252517993342,1,0,4.71843525083221,797.739222131392,768,0,20,20.6,20,3,5,COOLING IN PROGRESS,PCM CAPACITY INSUFFICIENT
9400,156.666666666667,2.61111111111111,35,20.0704602672219,31.2323948537092,1,0,4.70950643286352,797.739222131392,768,0,20,20.6,20,3,5,COOLING IN PROGRESS,PCM CAPACITY INSUFFICIENT
9410,156.833333333333,2.61388888888889,35,20.0704602672219,31.2395243910963,1,0,4.70059451112965,797.739222131392,768,0,20,20.6,20,3,5,COOLING IN PROGRESS,PCM CAPACITY INSUFFICIENT
9420,157,2.61666666666667,35,20.0704602672219,31.2466404370739,1,0,4.69169945365757,797.739222131392,768,0,20,20.6,20,3,5,COOLING IN PROGRESS,PCM CAPACITY INSUFFICIENT
9430,157.166666666667,2.61944444444444,35,20.0704602672219,31.2537430171725,1,0,4.68282122853442,797.739222131392,768,0,20,20.6,20,3,5,COOLING IN PROGRESS,PCM CAPACITY INSUFFICIENT
9440,157.333333333333,2.62222222222222,35,20.0704602672219,31.2608321568735,1,0,4.67395980390809,797.739222131392,768,0,20,20.6,20,3,5,COOLING IN PROGRESS,PCM CAPACITY INSUFFICIENT
9450,157.5,2.625,35,20.0704602672219,31.2679078816108,1,0,4.66511514798648,797.739222131392,768,0,20,20.6,20,3,5,COOLING IN PROGRESS,PCM CAPACITY INSUFFICIENT
9460,157.666666666667,2.62777777777778,35,20.0704602672219,31.2749702167699,1,0,4.65628722903768,797.739222131392,768,0,20,20.6,20,3,5,COOLING IN PROGRESS,PCM CAPACITY INSUFFICIENT
9470,157.833333333333,2.63055555555556,35,20.0704602672219,31.2820191876881,1,0,4.64747601538991,797.739222131392,768,0,20,20.6,20,3,5,COOLING IN PROGRESS,PCM CAPACITY INSUFFICIENT
9480,158,2.63333333333333,35,20.0704602672219,31.289054819655,1,0,4.63868147543131,797.739222131392,768,0,20,20.6,20,3,5,COOLING IN PROGRESS,PCM CAPACITY INSUFFICIENT
9490,158.166666666667,2.63611111111111,35,20.0704602672219,31.2960771379121,1,0,4.62990357760986,797.739222131392,768,0,20,20.6,20,3,5,COOLING IN PROGRESS,PCM CAPACITY INSUFFICIENT
9500,158.333333333333,2.63888888888889,35,20.0704602672219,31.3030861676535,1,0,4.62114229043311,797.739222131392,768,0,20,20.6,20,3,5,COOLING IN PROGRESS,PCM CAPACITY INSUFFICIENT
9510,158.5,2.64166666666667,35,20.0704602672219,31.3100819340252,1,0,4.61239758246844,797.739222131392,768,0,20,20.6,20,3,5,COOLING IN PROGRESS,PCM CAPACITY INSUFFICIENT
9520,158.666666666667,2.64444444444444,35,20.0704602672219,31.317064462126,1,0,4.60366942234247,797.739222131392,768,0,20,20.6,20,3,5,COOLING IN PROGRESS,PCM CAPACITY INSUFFICIENT
9530,158.833333333333,2.64722222222222,35,20.0704602672219,31.3240337770069,1,0,4.59495777874131,797.739222131392,768,0,20,20.6,20,3,5,COOLING IN PROGRESS,PCM CAPACITY INSUFFICIENT
9540,159,2.65,35,20.0704602672219,31.3309899036717,1,0,4.58626262041034,797.739222131392,768,0,20,20.6,20,3,5,COOLING IN PROGRESS,PCM CAPACITY INSUFFICIENT
9550,159.166666666667,2.65277777777778,35,20.0704602672219,31.3379328670767,1,0,4.57758391615412,797.739222131392,768,0,20,20.6,20,3,5,COOLING IN PROGRESS,PCM CAPACITY INSUFFICIENT
9560,159.333333333333,2.65555555555556,35,20.0704602672219,31.3448626921312,1,0,4.56892163483605,797.739222131392,768,0,20,20.6,20,3,5,COOLING IN PROGRESS,PCM CAPACITY INSUFFICIENT
9570,159.5,2.65833333333333,35,20.0704602672219,31.3517794036971,1,0,4.56027574537865,797.739222131392,768,0,20,20.6,20,3,5,COOLING IN PROGRESS,PCM CAPACITY INSUFFICIENT
9580,159.666666666667,2.66111111111111,35,20.0704602672219,31.3586830265895,1,0,4.55164621676307,797.739222131392,768,0,20,20.6,20,3,5,COOLING IN PROGRESS,PCM CAPACITY INSUFFICIENT
9590,159.833333333333,2.66388888888889,35,20.0704602672219,31.3655735855765,1,0,4.54303301802938,797.739222131392,768,0,20,20.6,20,3,5,COOLING IN PROGRESS,PCM CAPACITY INSUFFICIENT
9600,160,2.66666666666667,35,20.0704602672219,31.3724511053791,1,0,4.5344361182761,797.739222131392,768,0,20,20.6,20,3,5,COOLING IN PROGRESS,PCM CAPACITY INSUFFICIENT
9610,160.166666666667,2.66944444444444,35,20.0704602672219,31.3793156106718,1,0,4.52585548666026,797.739222131392,768,0,20,20.6,20,3,5,COOLING IN PROGRESS,PCM CAPACITY INSUFFICIENT
9620,160.333333333333,2.67222222222222,35,20.0704602672219,31.3861671260823,1,0,4.51729109239714,797.739222131392,768,0,20,20.6,20,3,5,COOLING IN PROGRESS,PCM CAPACITY INSUFFICIENT
9630,160.5,2.675,35,20.0704602672219,31.3930056761916,1,0,4.50874290476045,797.739222131392,768,0,20,20.6,20,3,5,COOLING IN PROGRESS,PCM CAPACITY INSUFFICIENT
9640,160.666666666667,2.67777777777778,35,20.0704602672219,31.3998312855344,1,0,4.50021089308195,797.739222131392,768,0,20,20.6,20,3,5,COOLING IN PROGRESS,PCM CAPACITY INSUFFICIENT
9650,160.833333333333,2.68055555555556,35,20.0704602672219,31.4066439785989,1,0,4.49169502675144,797.739222131392,768,0,20,20.6,20,3,5,COOLING IN PROGRESS,PCM CAPACITY INSUFFICIENT
9660,161,2.68333333333333,35,20.0704602672219,31.4134437798267,1,0,4.48319527521668,797.739222131392,768,0,20,20.6,20,3,5,COOLING IN PROGRESS,PCM CAPACITY INSUFFICIENT
9670,161.166666666667,2.68611111111111,35,20.0704602672219,31.4202307136135,1,0,4.47471160798318,797.739222131392,768,0,20,20.6,20,3,5,COOLING IN PROGRESS,PCM CAPACITY INSUFFICIENT
9680,161.333333333333,2.68888888888889,35,20.0704602672219,31.4270048043086,1,0,4.46624399461427,797.739222131392,768,0,20,20.6,20,3,5,COOLING IN PROGRESS,PCM CAPACITY INSUFFICIENT
9690,161.5,2.69166666666667,35,20.0704602672219,31.4337660762154,1,0,4.4577924047308,797.739222131392,768,0,20,20.6,20,3,5,COOLING IN PROGRESS,PCM CAPACITY INSUFFICIENT
9700,161.666666666667,2.69444444444444,35,20.0704602672219,31.4405145535912,1,0,4.449356808011,797.739222131392,768,0,20,20.6,20,3,5,COOLING IN PROGRESS,PCM CAPACITY INSUFFICIENT
9710,161.833333333333,2.69722222222222,35,20.0704602672219,31.4472502606474,1,0,4.44093717419075,797.739222131392,768,0,20,20.6,20,3,5,COOLING IN PROGRESS,PCM CAPACITY INSUFFICIENT
9720,162,2.7,35,20.0704602672219,31.4539732215497,1,0,4.43253347306289,797.739222131392,768,0,20,20.6,20,3,5,COOLING IN PROGRESS,PCM CAPACITY INSUFFICIENT
9730,162.166666666667,2.70277777777778,35,20.0704602672219,31.4606834604178,1,0,4.4241456744777,797.739222131392,768,0,20,20.6,20,3,5,COOLING IN PROGRESS,PCM CAPACITY INSUFFICIENT
9740,162.333333333333,2.70555555555556,35,20.0704602672219,31.4673810013261,1,0,4.41577374834233,797.739222131392,768,0,20,20.6,20,3,5,COOLING IN PROGRESS,PCM CAPACITY INSUFFICIENT
9750,162.5,2.70833333333333,35,20.0704602672219,31.4740658683033,1,0,4.40741766462091,797.739222131392,768,0,20,20.6,20,3,5,COOLING IN PROGRESS,PCM CAPACITY INSUFFICIENT
9760,162.666666666667,2.71111111111111,35,20.0704602672219,31.4807380853324,1,0,4.39907739333447,797.739222131392,768,0,20,20.6,20,3,5,COOLING IN PROGRESS,PCM CAPACITY INSUFFICIENT
9770,162.833333333333,2.71388888888889,35,20.0704602672219,31.4873976763515,1,0,4.39075290456068,797.739222131392,768,0,20,20.6,20,3,5,COOLING IN PROGRESS,PCM CAPACITY INSUFFICIENT
9780,163,2.71666666666667,35,20.0704602672219,31.4940446652529,1,0,4.38244416843392,797.739222131392,768,0,20,20.6,20,3,5,COOLING IN PROGRESS,PCM CAPACITY INSUFFICIENT
9790,163.166666666667,2.71944444444444,35,20.0704602672219,31.500679075884,1,0,4.37415115514503,797.739222131392,768,0,20,20.6,20,3,5,COOLING IN PROGRESS,PCM CAPACITY INSUFFICIENT
9800,163.333333333333,2.72222222222222,35,20.0704602672219,31.507300932047,1,0,4.36587383494123,797.739222131392,768,0,20,20.6,20,3,5,COOLING IN PROGRESS,PCM CAPACITY INSUFFICIENT
9810,163.5,2.725,35,20.0704602672219,31.5139102574991,1,0,4.35761217812614,797.739222131392,768,0,20,20.6,20,3,5,COOLING IN PROGRESS,PCM CAPACITY INSUFFICIENT
9820,163.666666666667,2.72777777777778,35,20.0704602672219,31.5205070759524,1,0,4.3493661550595,797.739222131392,768,0,20,20.6,20,3,5,COOLING IN PROGRESS,PCM CAPACITY INSUFFICIENT
9830,163.833333333333,2.73055555555556,35,20.0704602672219,31.5270914110742,1,0,4.3411357361572,797.739222131392,768,0,20,20.6,20,3,5,COOLING IN PROGRESS,PCM CAPACITY INSUFFICIENT
9840,164,2.73333333333333,35,20.0704602672219,31.5336632864872,1,0,4.33292089189096,797.739222131392,768,0,20,20.6,20,3,5,COOLING IN PROGRESS,PCM CAPACITY INSUFFICIENT
9850,164.166666666667,2.73611111111111,35,20.0704602672219,31.5402227257691,1,0,4.32472159278864,797.739222131392,768,0,20,20.6,20,3,5,COOLING IN PROGRESS,PCM CAPACITY INSUFFICIENT
9860,164.333333333333,2.73888888888889,35,20.0704602672219,31.5467697524531,1,0,4.31653780943366,797.739222131392,768,0,20,20.6,20,3,5,COOLING IN PROGRESS,PCM CAPACITY INSUFFICIENT
9870,164.5,2.74166666666667,35,20.0704602672219,31.553304390028,1,0,4.30836951246506,797.739222131392,768,0,20,20.6,20,3,5,COOLING IN PROGRESS,PCM CAPACITY INSUFFICIENT
9880,164.666666666667,2.74444444444444,35,20.0704602672219,31.5598266619379,1,0,4.30021667257768,797.739222131392,768,0,20,20.6,20,3,5,COOLING IN PROGRESS,PCM CAPACITY INSUFFICIENT
9890,164.833333333333,2.74722222222222,35,20.0704602672219,31.5663365915827,1,0,4.29207926052166,797.739222131392,768,0,20,20.6,20,3,5,COOLING IN PROGRESS,PCM CAPACITY INSUFFICIENT
9900,165,2.75,35,20.0704602672219,31.572834202318,1,0,4.28395724710254,797.739222131392,768,0,20,20.6,20,3,5,COOLING IN PROGRESS,PCM CAPACITY INSUFFICIENT
9910,165.166666666667,2.75277777777778,35,20.0704602672219,31.5793195174552,1,0,4.27585060318101,797.739222131392,768,0,20,20.6,20,3,5,COOLING IN PROGRESS,PCM CAPACITY INSUFFICIENT
9920,165.333333333333,2.75555555555556,35,20.0704602672219,31.5857925602616,1,0,4.26775929967302,797.739222131392,768,0,20,20.6,20,3,5,COOLING IN PROGRESS,PCM CAPACITY INSUFFICIENT
9930,165.5,2.75833333333333,35,20.0704602672219,31.5922533539604,1,0,4.25968330754949,797.739222131392,768,0,20,20.6,20,3,5,COOLING IN PROGRESS,PCM CAPACITY INSUFFICIENT
9940,165.666666666667,2.76111111111111,35,20.0704602672219,31.598701921731,1,0,4.25162259783627,797.739222131392,768,0,20,20.6,20,3,5,COOLING IN PROGRESS,PCM CAPACITY INSUFFICIENT
9950,165.833333333333,2.76388888888889,35,20.0704602672219,31.6051382867087,1,0,4.24357714161408,797.739222131392,768,0,20,20.6,20,3,5,COOLING IN PROGRESS,PCM CAPACITY INSUFFICIENT
9960,166,2.76666666666667,35,20.0704602672219,31.6115624719853,1,0,4.23554691001836,797.739222131392,768,0,20,20.6,20,3,5,COOLING IN PROGRESS,PCM CAPACITY INSUFFICIENT
9970,166.166666666667,2.76944444444444,35,20.0704602672219,31.6179745006087,1,0,4.22753187423907,797.739222131392,768,0,20,20.6,20,3,5,COOLING IN PROGRESS,PCM CAPACITY INSUFFICIENT
9980,166.333333333333,2.77222222222222,35,20.0704602672219,31.6243743955833,1,0,4.21953200552085,797.739222131392,768,0,20,20.6,20,3,5,COOLING IN PROGRESS,PCM CAPACITY INSUFFICIENT
9990,166.5,2.775,35,20.0704602672219,31.6307621798699,1,0,4.21154727516266,797.739222131392,768,0,20,20.6,20,3,5,COOLING IN PROGRESS,PCM CAPACITY INSUFFICIENT
10000,166.666666666667,2.77777777777778,35,20.0704602672219,31.6371378763858,1,0,4.20357765451779,797.739222131392,768,0,20,20.6,20,3,5,COOLING IN PROGRESS,PCM CAPACITY INSUFFICIENT
10010,166.833333333333,2.78055555555556,35,20.0704602672219,31.643501508005,1,0,4.19562311499371,797.739222131392,768,0,20,20.6,20,3,5,COOLING IN PROGRESS,PCM CAPACITY INSUFFICIENT
10020,167,2.78333333333333,35,20.0704602672219,31.6498530975584,1,0,4.187683628052,797.739222131392,768,0,20,20.6,20,3,5,COOLING IN PROGRESS,PCM CAPACITY INSUFFICIENT
10030,167.166666666667,2.78611111111111,35,20.0704602672219,31.6561926678333,1,0,4.17975916520832,797.739222131392,768,0,20,20.6,20,3,5,COOLING IN PROGRESS,PCM CAPACITY INSUFFICIENT
10040,167.333333333333,2.78888888888889,35,20.0704602672219,31.6625202415743,1,0,4.17184969803218,797.739222131392,768,0,20,20.6,20,3,5,COOLING IN PROGRESS,PCM CAPACITY INSUFFICIENT
10050,167.5,2.79166666666667,35,20.0704602672219,31.6688358414825,1,0,4.1639551981469,797.739222131392,768,0,20,20.6,20,3,5,COOLING IN PROGRESS,PCM CAPACITY INSUFFICIENT
10060,167.666666666667,2.79444444444444,35,20.0704602672219,31.6751394902164,1,0,4.15607563722945,797.739222131392,768,0,20,20.6,20,3,5,COOLING IN PROGRESS,PCM CAPACITY INSUFFICIENT
10070,167.833333333333,2.79722222222222,35,20.0704602672219,31.6814312103917,1,0,4.14821098701041,797.739222131392,768,0,20,20.6,20,3,5,COOLING IN PROGRESS,PCM CAPACITY INSUFFICIENT
10080,168,2.8,35,20.0704602672219,31.6877110245809,1,0,4.1403612192739,797.739222131392,768,0,20,20.6,20,3,5,COOLING IN PROGRESS,PCM CAPACITY INSUFFICIENT
10090,168.166666666667,2.80277777777778,35,20.0704602672219,31.6939789553141,1,0,4.13252630585739,797.739222131392,768,0,20,20.6,20,3,5,COOLING IN PROGRESS,PCM CAPACITY INSUFFICIENT
10100,168.333333333333,2.80555555555556,35,20.0704602672219,31.7002350250787,1,0,4.12470621865167,797.739222131392,768,0,20,20.6,20,3,5,COOLING IN PROGRESS,PCM CAPACITY INSUFFICIENT
10110,168.5,2.80833333333333,35,20.0704602672219,31.7064792563194,1,0,4.11690092960072,797.739222131392,768,0,20,20.6,20,3,5,COOLING IN PROGRESS,PCM CAPACITY INSUFFICIENT
10120,168.666666666667,2.81111111111111,35,20.0704602672219,31.7127116714387,1,0,4.10911041070163,797.739222131392,768,0,20,20.6,20,3,5,COOLING IN PROGRESS,PCM CAPACITY INSUFFICIENT
10130,168.833333333333,2.81388888888889,35,20.0704602672219,31.7189322927965,1,0,4.10133463400443,797.739222131392,768,0,20,20.6,20,3,5,COOLING IN PROGRESS,PCM CAPACITY INSUFFICIENT
10140,169,2.81666666666667,35,20.0704602672219,31.7251411427103,1,0,4.0935735716121,797.739222131392,768,0,20,20.6,20,3,5,COOLING IN PROGRESS,PCM CAPACITY INSUFFICIENT
10150,169.166666666667,2.81944444444444,35,20.0704602672219,31.7313382434557,1,0,4.08582719568039,797.739222131392,768,0,20,20.6,20,3,5,COOLING IN PROGRESS,PCM CAPACITY INSUFFICIENT
10160,169.333333333333,2.82222222222222,35,20.0704602672219,31.7375236172658,1,0,4.07809547841773,797.739222131392,768,0,20,20.6,20,3,5,COOLING IN PROGRESS,PCM CAPACITY INSUFFICIENT
10170,169.5,2.825,35,20.0704602672219,31.7436972863319,1,0,4.07037839208507,797.739222131392,768,0,20,20.6,20,3,5,COOLING IN PROGRESS,PCM CAPACITY INSUFFICIENT
10180,169.666666666667,2.82777777777778,35,20.0704602672219,31.7498592728032,1,0,4.06267590899595,797.739222131392,768,0,20,20.6,20,3,5,COOLING IN PROGRESS,PCM CAPACITY INSUFFICIENT
10190,169.833333333333,2.83055555555556,35,20.0704602672219,31.756009598787,1,0,4.05498800151624,797.739222131392,768,0,20,20.6,20,3,5,COOLING IN PROGRESS,PCM CAPACITY INSUFFICIENT
10200,170,2.83333333333333,35,20.0704602672219,31.7621482863487,1,0,4.04731464206415,797.739222131392,768,0,20,20.6,20,3,5,COOLING IN PROGRESS,PCM CAPACITY INSUFFICIENT
10210,170.166666666667,2.83611111111111,35,20.0704602672219,31.7682753575119,1,0,4.03965580311011,797.739222131392,768,0,20,20.6,20,3,5,COOLING IN PROGRESS,PCM CAPACITY INSUFFICIENT
10220,170.333333333333,2.83888888888889,35,20.0704602672219,31.7743908342587,1,0,4.03201145717659,797.739222131392,768,0,20,20.6,20,3,5,COOLING IN PROGRESS,PCM CAPACITY INSUFFICIENT
10230,170.5,2.84166666666667,35,20.0704602672219,31.7804947385295,1,0,4.02438157683808,797.739222131392,768,0,20,20.6,20,3,5,COOLING IN PROGRESS,PCM CAPACITY INSUFFICIENT
10240,170.666666666667,2.84444444444444,35,20.0704602672219,31.7865870922233,1,0,4.01676613472088,797.739222131392,768,0,20,20.6,20,3,5,COOLING IN PROGRESS,PCM CAPACITY INSUFFICIENT
10250,170.833333333333,2.84722222222222,35,20.0704602672219,31.7926679171974,1,0,4.00916510350326,797.739222131392,768,0,20,20.6,20,3,5,COOLING IN PROGRESS,PCM CAPACITY INSUFFICIENT
10260,171,2.85,35,20.0704602672219,31.7987372352679,1,0,4.00157845591513,797.739222131392,768,0,20,20.6,20,3,5,COOLING IN PROGRESS,PCM CAPACITY INSUFFICIENT
10270,171.166666666667,2.85277777777778,35,20.0704602672219,31.8047950682097,1,0,3.99400616473782,797.739222131392,768,0,20,20.6,20,3,5,COOLING IN PROGRESS,PCM CAPACITY INSUFFICIENT
10280,171.333333333333,2.85555555555556,35,20.0704602672219,31.8108414377565,1,0,3.9864482028044,797.739222131392,768,0,20,20.6,20,3,5,COOLING IN PROGRESS,PCM CAPACITY INSUFFICIENT
10290,171.5,2.85833333333333,35,20.0704602672219,31.8168763656005,1,0,3.97890454299936,797.739222131392,768,0,20,20.6,20,3,5,COOLING IN PROGRESS,PCM CAPACITY INSUFFICIENT
10300,171.666666666667,2.86111111111111,35,20.0704602672219,31.8228998733934,1,0,3.97137515825826,797.739222131392,768,0,20,20.6,20,3,5,COOLING IN PROGRESS,PCM CAPACITY INSUFFICIENT
10310,171.833333333333,2.86388888888889,35,20.0704602672219,31.8289119827455,1,0,3.96386002156813,797.739222131392,768,0,20,20.6,20,3,5,COOLING IN PROGRESS,PCM CAPACITY INSUFFICIENT
10320,172,2.86666666666667,35,20.0704602672219,31.8349127152264,1,0,3.95635910596697,797.739222131392,768,0,20,20.6,20,3,5,COOLING IN PROGRESS,PCM CAPACITY INSUFFICIENT
10330,172.166666666667,2.86944444444444,35,20.0704602672219,31.8409020923649,1,0,3.94887238454384,797.739222131392,768,0,20,20.6,20,3,5,COOLING IN PROGRESS,PCM CAPACITY INSUFFICIENT
10340,172.333333333333,2.87222222222222,35,20.0704602672219,31.846880135649,1,0,3.94139983043873,797.739222131392,768,0,20,20.6,20,3,5,COOLING IN PROGRESS,PCM CAPACITY INSUFFICIENT
10350,172.5,2.875,35,20.0704602672219,31.852846866526,1,0,3.93394141684251,797.739222131392,768,0,20,20.6,20,3,5,COOLING IN PROGRESS,PCM CAPACITY INSUFFICIENT
10360,172.666666666667,2.87777777777778,35,20.0704602672219,31.8588023064028,1,0,3.92649711699656,797.739222131392,768,0,20,20.6,20,3,5,COOLING IN PROGRESS,PCM CAPACITY INSUFFICIENT
10370,172.833333333333,2.88055555555556,35,20.0704602672219,31.8647464766454,1,0,3.91906690419326,797.739222131392,768,0,20,20.6,20,3,5,COOLING IN PROGRESS,PCM CAPACITY INSUFFICIENT
10380,173,2.88333333333333,35,20.0704602672219,31.8706793985798,1,0,3.91165075177526,797.739222131392,768,0,20,20.6,20,3,5,COOLING IN PROGRESS,PCM CAPACITY INSUFFICIENT
10390,173.166666666667,2.88611111111111,35,20.0704602672219,31.8766010934914,1,0,3.90424863313572,797.739222131392,768,0,20,20.6,20,3,5,COOLING IN PROGRESS,PCM CAPACITY INSUFFICIENT
10400,173.333333333333,2.88888888888889,35,20.0704602672219,31.8825115826255,1,0,3.89686052171809,797.739222131392,768,0,20,20.6,20,3,5,COOLING IN PROGRESS,PCM CAPACITY INSUFFICIENT
10410,173.5,2.89166666666667,35,20.0704602672219,31.888410887187,1,0,3.88948639101621,797.739222131392,768,0,20,20.6,20,3,5,COOLING IN PROGRESS,PCM CAPACITY INSUFFICIENT
10420,173.666666666667,2.89444444444444,35,20.0704602672219,31.8942990283408,1,0,3.88212621457404,797.739222131392,768,0,20,20.6,20,3,5,COOLING IN PROGRESS,PCM CAPACITY INSUFFICIENT
10430,173.833333333333,2.89722222222222,35,20.0704602672219,31.9001760272116,1,0,3.87477996598546,797.739222131392,768,0,20,20.6,20,3,5,COOLING IN PROGRESS,PCM CAPACITY INSUFFICIENT
10440,174,2.9,35,20.0704602672219,31.9060419048844,1,0,3.86744761889455,797.739222131392,768,0,20,20.6,20,3,5,COOLING IN PROGRESS,PCM CAPACITY INSUFFICIENT
10450,174.166666666667,2.90277777777778,35,20.0704602672219,31.911896682404,1,0,3.86012914699505,797.739222131392,768,0,20,20.6,20,3,5,COOLING IN PROGRESS,PCM CAPACITY INSUFFICIENT
10460,174.333333333333,2.90555555555556,35,20.0704602672219,31.9177403807755,1,0,3.85282452403064,797.739222131392,768,0,20,20.6,20,3,5,COOLING IN PROGRESS,PCM CAPACITY INSUFFICIENT
10470,174.5,2.90833333333333,35,20.0704602672219,31.9235730209643,1,0,3.84553372379464,797.739222131392,768,0,20,20.6,20,3,5,COOLING IN PROGRESS,PCM CAPACITY INSUFFICIENT
10480,174.666666666667,2.91111111111111,35,20.0704602672219,31.9293946238961,1,0,3.83825672012985,797.739222131392,768,0,20,20.6,20,3,5,COOLING IN PROGRESS,PCM CAPACITY INSUFFICIENT
10490,174.833333333333,2.91388888888889,35,20.0704602672219,31.935205210457,1,0,3.83099348692872,797.739222131392,768,0,20,20.6,20,3,5,COOLING IN PROGRESS,PCM CAPACITY INSUFFICIENT
10500,175,2.91666666666667,35,20.0704602672219,31.9410048014936,1,0,3.823743998133,797.739222131392,768,0,20,20.6,20,3,5,COOLING IN PROGRESS,PCM CAPACITY INSUFFICIENT
10510,175.166666666667,2.91944444444444,35,20.0704602672219,31.9467934178129,1,0,3.81650822773382,797.739222131392,768,0,20,20.6,20,3,5,COOLING IN PROGRESS,PCM CAPACITY INSUFFICIENT
10520,175.333333333333,2.92222222222222,35,20.0704602672219,31.9525710801828,1,0,3.80928614977152,797.739222131392,768,0,20,20.6,20,3,5,COOLING IN PROGRESS,PCM CAPACITY INSUFFICIENT
10530,175.5,2.925,35,20.0704602672219,31.9583378093315,1,0,3.80207773833559,797.739222131392,768,0,20,20.6,20,3,5,COOLING IN PROGRESS,PCM CAPACITY INSUFFICIENT
10540,175.666666666667,2.92777777777778,35,20.0704602672219,31.9640936259485,1,0,3.79488296756436,797.739222131392,768,0,20,20.6,20,3,5,COOLING IN PROGRESS,PCM CAPACITY INSUFFICIENT
10550,175.833333333333,2.93055555555556,35,20.0704602672219,31.9698385506837,1,0,3.78770181164536,797.739222131392,768,0,20,20.6,20,3,5,COOLING IN PROGRESS,PCM CAPACITY INSUFFICIENT
10560,176,2.93333333333333,35,20.0704602672219,31.9755726041482,1,0,3.78053424481481,797.739222131392,768,0,20,20.6,20,3,5,COOLING IN PROGRESS,PCM CAPACITY INSUFFICIENT
10570,176.166666666667,2.93611111111111,35,20.0704602672219,31.9812958069139,1,0,3.77338024135768,797.739222131392,768,0,20,20.6,20,3,5,COOLING IN PROGRESS,PCM CAPACITY INSUFFICIENT
10580,176.333333333333,2.93888888888889,35,20.0704602672219,31.9870081795138,1,0,3.76623977560772,797.739222131392,768,0,20,20.6,20,3,5,COOLING IN PROGRESS,PCM CAPACITY INSUFFICIENT
10590,176.5,2.94166666666667,35,20.0704602672219,31.9927097424422,1,0,3.75911282194723,797.739222131392,768,0,20,20.6,20,3,5,COOLING IN PROGRESS,PCM CAPACITY INSUFFICIENT
10600,176.666666666667,2.94444444444444,35,20.0704602672219,31.9984005161546,1,0,3.75199935480679,797.739222131392,768,0,20,20.6,20,3,5,COOLING IN PROGRESS,PCM CAPACITY INSUFFICIENT
10610,176.833333333333,2.94722222222222,35,20.0704602672219,32.0040805210675,1,0,3.74489934866559,797.739222131392,768,0,20,20.6,20,3,5,COOLING IN PROGRESS,PCM CAPACITY INSUFFICIENT
10620,177,2.95,35,20.0704602672219,32.0097497775592,1,0,3.73781277805101,797.739222131392,768,0,20,20.6,20,3,5,COOLING IN PROGRESS,PCM CAPACITY INSUFFICIENT
10630,177.166666666667,2.95277777777778,35,20.0704602672219,32.0154083059691,1,0,3.73073961753864,797.739222131392,768,0,20,20.6,20,3,5,COOLING IN PROGRESS,PCM CAPACITY INSUFFICIENT
10640,177.333333333333,2.95555555555556,35,20.0704602672219,32.0210561265982,1,0,3.7236798417522,797.739222131392,768,0,20,20.6,20,3,5,COOLING IN PROGRESS,PCM CAPACITY INSUFFICIENT
10650,177.5,2.95833333333333,35,20.0704602672219,32.0266932597093,1,0,3.71663342536343,797.739222131392,768,0,20,20.6,20,3,5,COOLING IN PROGRESS,PCM CAPACITY INSUFFICIENT
10660,177.666666666667,2.96111111111111,35,20.0704602672219,32.0323197255264,1,0,3.70960034309199,797.739222131392,768,0,20,20.6,20,3,5,COOLING IN PROGRESS,PCM CAPACITY INSUFFICIENT
10670,177.833333333333,2.96388888888889,35,20.0704602672219,32.0379355442357,1,0,3.70258056970541,797.739222131392,768,0,20,20.6,20,3,5,COOLING IN PROGRESS,PCM CAPACITY INSUFFICIENT
10680,178,2.96666666666667,35,20.0704602672219,32.0435407359849,1,0,3.69557408001892,797.739222131392,768,0,20,20.6,20,3,5,COOLING IN PROGRESS,PCM CAPACITY INSUFFICIENT
10690,178.166666666667,2.96944444444444,35,20.0704602672219,32.0491353208837,1,0,3.68858084889544,797.739222131392,768,0,20,20.6,20,3,5,COOLING IN PROGRESS,PCM CAPACITY INSUFFICIENT
10700,178.333333333333,2.97222222222222,35,20.0704602672219,32.0547193190037,1,0,3.68160085124536,797.739222131392,768,0,20,20.6,20,3,5,COOLING IN PROGRESS,PCM CAPACITY INSUFFICIENT
10710,178.5,2.975,35,20.0704602672219,32.0602927503786,1,0,3.67463406202679,797.739222131392,768,0,20,20.6,20,3,5,COOLING IN PROGRESS,PCM CAPACITY INSUFFICIENT
10720,178.666666666667,2.97777777777778,35,20.0704602672219,32.0658556350041,1,0,3.66768045624491,797.739222131392,768,0,20,20.6,20,3,5,COOLING IN PROGRESS,PCM CAPACITY INSUFFICIENT
10730,178.833333333333,2.98055555555556,35,20.0704602672219,32.071407992838,1,0,3.66074000895248,797.739222131392,768,0,20,20.6,20,3,5,COOLING IN PROGRESS,PCM CAPACITY INSUFFICIENT
10740,179,2.98333333333333,35,20.0704602672219,32.0769498438006,1,0,3.65381269524928,797.739222131392,768,0,20,20.6,20,3,5,COOLING IN PROGRESS,PCM CAPACITY INSUFFICIENT
10750,179.166666666667,2.98611111111111,35,20.0704602672219,32.0824812077742,1,0,3.64689849028231,797.739222131392,768,0,20,20.6,20,3,5,COOLING IN PROGRESS,PCM CAPACITY INSUFFICIENT
10760,179.333333333333,2.98888888888889,35,20.0704602672219,32.0880021046035,1,0,3.63999736924558,797.739222131392,768,0,20,20.6,20,3,5,COOLING IN PROGRESS,PCM CAPACITY INSUFFICIENT
10770,179.5,2.99166666666667,35,20.0704602672219,32.0935125540961,1,0,3.63310930737994,797.739222131392,768,0,20,20.6,20,3,5,COOLING IN PROGRESS,PCM CAPACITY INSUFFICIENT
10780,179.666666666667,2.99444444444444,35,20.0704602672219,32.0990125760214,1,0,3.62623427997327,797.739222131392,768,0,20,20.6,20,3,5,COOLING IN PROGRESS,PCM CAPACITY INSUFFICIENT
10790,179.833333333333,2.99722222222222,35,20.0704602672219,32.1045021901119,1,0,3.61937226236018,797.739222131392,768,0,20,20.6,20,3,5,COOLING IN PROGRESS,PCM CAPACITY INSUFFICIENT
10800,180,3,35,20.0704602672219,32.1099814160626,1,0,3.6125232299217,797.739222131392,768,0,20,20.6,20,3,5,COOLING IN PROGRESS,PCM CAPACITY INSUFFICIENT
10810,180.166666666667,3.00277777777778,35,20.0704602672219,32.1154502735314,1,0,3.60568715808576,797.739222131392,768,0,20,20.6,20,3,5,COOLING IN PROGRESS,PCM CAPACITY INSUFFICIENT
10820,180.333333333333,3.00555555555556,35,20.0704602672219,32.1209087821386,1,0,3.5988640223267,797.739222131392,768,0,20,20.6,20,3,5,COOLING IN PROGRESS,PCM CAPACITY INSUFFICIENT
10830,180.5,3.00833333333333,35,20.0704602672219,32.1263569614678,1,0,3.59205379816522,797.739222131392,768,0,20,20.6,20,3,5,COOLING IN PROGRESS,PCM CAPACITY INSUFFICIENT
10840,180.666666666667,3.01111111111111,35,20.0704602672219,32.1317948310653,1,0,3.58525646116842,797.739222131392,768,0,20,20.6,20,3,5,COOLING IN PROGRESS,PCM CAPACITY INSUFFICIENT
10850,180.833333333333,3.01388888888889,35,20.0704602672219,32.1372224104404,1,0,3.57847198694952,797.739222131392,768,0,20,20.6,20,3,5,COOLING IN PROGRESS,PCM CAPACITY INSUFFICIENT
10860,181,3.01666666666667,35,20.0704602672219,32.1426397190657,1,0,3.57170035116793,797.739222131392,768,0,20,20.6,20,3,5,COOLING IN PROGRESS,PCM CAPACITY INSUFFICIENT
10870,181.166666666667,3.01944444444444,35,20.0704602672219,32.1480467763766,1,0,3.56494152952919,797.739222131392,768,0,20,20.6,20,3,5,COOLING IN PROGRESS,PCM CAPACITY INSUFFICIENT
10880,181.333333333333,3.02222222222222,35,20.0704602672219,32.1534436017722,1,0,3.55819549778476,797.739222131392,768,0,20,20.6,20,3,5,COOLING IN PROGRESS,PCM CAPACITY INSUFFICIENT
10890,181.5,3.025,35,20.0704602672219,32.1588302146145,1,0,3.55146223173191,797.739222131392,768,0,20,20.6,20,3,5,COOLING IN PROGRESS,PCM CAPACITY INSUFFICIENT
10900,181.666666666667,3.02777777777778,35,20.0704602672219,32.1642066342289,1,0,3.54474170721392,797.739222131392,768,0,20,20.6,20,3,5,COOLING IN PROGRESS,PCM CAPACITY INSUFFICIENT
10910,181.833333333333,3.03055555555556,35,20.0704602672219,32.1695728799044,1,0,3.53803390011953,797.739222131392,768,0,20,20.6,20,3,5,COOLING IN PROGRESS,PCM CAPACITY INSUFFICIENT
10920,182,3.03333333333333,35,20.0704602672219,32.1749289708934,1,0,3.53133878638331,797.739222131392,768,0,20,20.6,20,3,5,COOLING IN PROGRESS,PCM CAPACITY INSUFFICIENT
10930,182.166666666667,3.03611111111111,35,20.0704602672219,32.1802749264118,1,0,3.52465634198522,797.739222131392,768,0,20,20.6,20,3,5,COOLING IN PROGRESS,PCM CAPACITY INSUFFICIENT
10940,182.333333333333,3.03888888888889,35,20.0704602672219,32.1856107656393,1,0,3.5179865429509,797.739222131392,768,0,20,20.6,20,3,5,COOLING IN PROGRESS,PCM CAPACITY INSUFFICIENT
10950,182.5,3.04166666666667,35,20.0704602672219,32.1909365077192,1,0,3.51132936535098,797.739222131392,768,0,20,20.6,20,3,5,COOLING IN PROGRESS,PCM CAPACITY INSUFFICIENT
10960,182.666666666667,3.04444444444444,35,20.0704602672219,32.1962521717587,1,0,3.50468478530169,797.739222131392,768,0,20,20.6,20,3,5,COOLING IN PROGRESS,PCM CAPACITY INSUFFICIENT
10970,182.833333333333,3.04722222222222,35,20.0704602672219,32.2015577768285,1,0,3.49805277896438,797.739222131392,768,0,20,20.6,20,3,5,COOLING IN PROGRESS,PCM CAPACITY INSUFFICIENT
10980,183,3.05,35,20.0704602672219,32.2068533419636,1,0,3.49143332254551,797.739222131392,768,0,20,20.6,20,3,5,COOLING IN PROGRESS,PCM CAPACITY INSUFFICIENT
10990,183.166666666667,3.05277777777778,35,20.0704602672219,32.2121388861628,1,0,3.48482639229644,797.739222131392,768,0,20,20.6,20,3,5,COOLING IN PROGRESS,PCM CAPACITY INSUFFICIENT
11000,183.333333333333,3.05555555555556,35,20.0704602672219,32.2174144283891,1,0,3.47823196451357,797.739222131392,768,0,20,20.6,20,3,5,COOLING IN PROGRESS,PCM CAPACITY INSUFFICIENT
11010,183.5,3.05833333333333,35,20.0704602672219,32.2226799875694,1,0,3.47165001553827,797.739222131392,768,0,20,20.6,20,3,5,COOLING IN PROGRESS,PCM CAPACITY INSUFFICIENT
11020,183.666666666667,3.06111111111111,35,20.0704602672219,32.2279355825948,1,0,3.46508052175655,797.739222131392,768,0,20,20.6,20,3,5,COOLING IN PROGRESS,PCM CAPACITY INSUFFICIENT
11030,183.833333333333,3.06388888888889,35,20.0704602672219,32.2331812323208,1,0,3.45852345959905,797.739222131392,768,0,20,20.6,20,3,5,COOLING IN PROGRESS,PCM CAPACITY INSUFFICIENT
11040,184,3.06666666666667,35,20.0704602672219,32.2384169555671,1,0,3.45197880554115,797.739222131392,768,0,20,20.6,20,3,5,COOLING IN PROGRESS,PCM CAPACITY INSUFFICIENT
11050,184.166666666667,3.06944444444444,35,20.0704602672219,32.2436427711179,1,0,3.44544653610263,797.739222131392,768,0,20,20.6,20,3,5,COOLING IN PROGRESS,PCM CAPACITY INSUFFICIENT
11060,184.333333333333,3.07222222222222,35,20.0704602672219,32.2488586977218,1,0,3.4389266278478,797.739222131392,768,0,20,20.6,20,3,5,COOLING IN PROGRESS,PCM CAPACITY INSUFFICIENT
11070,184.5,3.075,35,20.0704602672219,32.2540647540918,1,0,3.43241905738521,797.739222131392,768,0,20,20.6,20,3,5,COOLING IN PROGRESS,PCM CAPACITY INSUFFICIENT
11080,184.666666666667,3.07777777777778,35,20.0704602672219,32.2592609589058,1,0,3.42592380136779,797.739222131392,768,0,20,20.6,20,3,5,COOLING IN PROGRESS,PCM CAPACITY INSUFFICIENT
11090,184.833333333333,3.08055555555556,35,20.0704602672219,32.2644473308059,1,0,3.4194408364926,797.739222131392,768,0,20,20.6,20,3,5,COOLING IN PROGRESS,PCM CAPACITY INSUFFICIENT
11100,185,3.08333333333333,35,20.0704602672219,32.2696238883994,1,0,3.41297013950071,797.739222131392,768,0,20,20.6,20,3,5,COOLING IN PROGRESS,PCM CAPACITY INSUFFICIENT
11110,185.166666666667,3.08611111111111,35,20.0704602672219,32.2747906502581,1,0,3.40651168717734,797.739222131392,768,0,20,20.6,20,3,5,COOLING IN PROGRESS,PCM CAPACITY INSUFFICIENT
11120,185.333333333333,3.08888888888889,35,20.0704602672219,32.2799476349187,1,0,3.40006545635157,797.739222131392,768,0,20,20.6,20,3,5,COOLING IN PROGRESS,PCM CAPACITY INSUFFICIENT
11130,185.5,3.09166666666667,35,20.0704602672219,32.2850948608828,1,0,3.39363142389645,797.739222131392,768,0,20,20.6,20,3,5,COOLING IN PROGRESS,PCM CAPACITY INSUFFICIENT
11140,185.666666666667,3.09444444444444,35,20.0704602672219,32.2902323466172,1,0,3.38720956672855,797.739222131392,768,0,20,20.6,20,3,5,COOLING IN PROGRESS,PCM CAPACITY INSUFFICIENT
11150,185.833333333333,3.09722222222222,35,20.0704602672219,32.2953601105534,1,0,3.38079986180829,797.739222131392,768,0,20,20.6,20,3,5,COOLING IN PROGRESS,PCM CAPACITY INSUFFICIENT
11160,186,3.1,35,20.0704602672219,32.3004781710883,1,0,3.37440228613966,797.739222131392,768,0,20,20.6,20,3,5,COOLING IN PROGRESS,PCM CAPACITY INSUFFICIENT
11170,186.166666666667,3.10277777777778,35,20.0704602672219,32.3055865465839,1,0,3.36801681677015,797.739222131392,768,0,20,20.6,20,3,5,COOLING IN PROGRESS,PCM CAPACITY INSUFFICIENT
11180,186.333333333333,3.10555555555556,35,20.0704602672219,32.3106852553674,1,0,3.36164343079072,797.739222131392,768,0,20,20.6,20,3,5,COOLING IN PROGRESS,PCM CAPACITY INSUFFICIENT
11190,186.5,3.10833333333333,35,20.0704602672219,32.3157743157315,1,0,3.35528210533564,797.739222131392,768,0,20,20.6,20,3,5,COOLING IN PROGRESS,PCM CAPACITY INSUFFICIENT
11200,186.666666666667,3.11111111111111,35,20.0704602672219,32.320853745934,1,0,3.34893281758244,797.739222131392,768,0,20,20.6,20,3,5,COOLING IN PROGRESS,PCM CAPACITY INSUFFICIENT
11210,186.833333333333,3.11388888888889,35,20.0704602672219,32.3259235641985,1,0,3.34259554475191,797.739222131392,768,0,20,20.6,20,3,5,COOLING IN PROGRESS,PCM CAPACITY INSUFFICIENT
11220,187,3.11666666666667,35,20.0704602672219,32.3309837887137,1,0,3.33627026410792,797.739222131392,768,0,20,20.6,20,3,5,COOLING IN PROGRESS,PCM CAPACITY INSUFFICIENT
11230,187.166666666667,3.11944444444444,35,20.0704602672219,32.3360344376342,1,0,3.32995695295725,797.739222131392,768,0,20,20.6,20,3,5,COOLING IN PROGRESS,PCM CAPACITY INSUFFICIENT
11240,187.333333333333,3.12222222222222,35,20.0704602672219,32.3410755290802,1,0,3.32365558864979,797.739222131392,768,0,20,20.6,20,3,5,COOLING IN PROGRESS,PCM CAPACITY INSUFFICIENT
11250,187.5,3.125,35,20.0704602672219,32.3461070811374,1,0,3.3173661485782,797.739222131392,768,0,20,20.6,20,3,5,COOLING IN PROGRESS,PCM CAPACITY INSUFFICIENT
11260,187.666666666667,3.12777777777778,35,20.0704602672219,32.3511291118576,1,0,3.31108861017796,797.739222131392,768,0,20,20.6,20,3,5,COOLING IN PROGRESS,PCM CAPACITY INSUFFICIENT
11270,187.833333333333,3.13055555555556,35,20.0704602672219,32.3561416392583,1,0,3.30482295092717,797.739222131392,768,0,20,20.6,20,3,5,COOLING IN PROGRESS,PCM CAPACITY INSUFFICIENT
11280,188,3.13333333333333,35,20.0704602672219,32.3611446813227,1,0,3.29856914834659,797.739222131392,768,0,20,20.6,20,3,5,COOLING IN PROGRESS,PCM CAPACITY INSUFFICIENT
11290,188.166666666667,3.13611111111111,35,20.0704602672219,32.3661382560003,1,0,3.29232717999968,797.739222131392,768,0,20,20.6,20,3,5,COOLING IN PROGRESS,PCM CAPACITY INSUFFICIENT
11300,188.333333333333,3.13888888888889,35,20.0704602672219,32.3711223812063,1,0,3.2860970234921,797.739222131392,768,0,20,20.6,20,3,5,COOLING IN PROGRESS,PCM CAPACITY INSUFFICIENT
11310,188.5,3.14166666666667,35,20.0704602672219,32.3760970748224,1,0,3.27987865647202,797.739222131392,768,0,20,20.6,20,3,5,COOLING IN PROGRESS,PCM CAPACITY INSUFFICIENT
11320,188.666666666667,3.14444444444444,35,20.0704602672219,32.3810623546961,1,0,3.27367205662985,797.739222131392,768,0,20,20.6,20,3,5,COOLING IN PROGRESS,PCM CAPACITY INSUFFICIENT
11330,188.833333333333,3.14722222222222,35,20.0704602672219,32.3860182386414,1,0,3.26747720169825,797.739222131392,768,0,20,20.6,20,3,5,COOLING IN PROGRESS,PCM CAPACITY INSUFFICIENT
11340,189,3.15,35,20.0704602672219,32.3909647444383,1,0,3.2612940694521,797.739222131392,768,0,20,20.6,20,3,5,COOLING IN PROGRESS,PCM CAPACITY INSUFFICIENT
11350,189.166666666667,3.15277777777778,35,20.0704602672219,32.3959018898335,1,0,3.25512263770817,797.739222131392,768,0,20,20.6,20,3,5,COOLING IN PROGRESS,PCM CAPACITY INSUFFICIENT
11360,189.333333333333,3.15555555555556,35,20.0704602672219,32.4008296925397,1,0,3.24896288432534,797.739222131392,768,0,20,20.6,20,3,5,COOLING IN PROGRESS,PCM CAPACITY INSUFFICIENT
11370,189.5,3.15833333333333,35,20.0704602672219,32.4057481702365,1,0,3.24281478720434,797.739222131392,768,0,20,20.6,20,3,5,COOLING IN PROGRESS,PCM CAPACITY INSUFFICIENT
11380,189.666666666667,3.16111111111111,35,20.0704602672219,32.4106573405698,1,0,3.23667832428773,797.739222131392,768,0,20,20.6,20,3,5,COOLING IN PROGRESS,PCM CAPACITY INSUFFICIENT
11390,189.833333333333,3.16388888888889,35,20.0704602672219,32.4155572211522,1,0,3.23055347355979,797.739222131392,768,0,20,20.6,20,3,5,COOLING IN PROGRESS,PCM CAPACITY INSUFFICIENT
11400,190,3.16666666666667,35,20.0704602672219,32.4204478295629,1,0,3.22444021304642,797.739222131392,768,0,20,20.6,20,3,5,COOLING IN PROGRESS,PCM CAPACITY INSUFFICIENT
11410,190.166666666667,3.16944444444444,35,20.0704602672219,32.4253291833478,1,0,3.21833852081525,797.739222131392,768,0,20,20.6,20,3,5,COOLING IN PROGRESS,PCM CAPACITY INSUFFICIENT
11420,190.333333333333,3.17222222222222,35,20.0704602672219,32.4302013000197,1,0,3.21224837497532,797.739222131392,768,0,20,20.6,20,3,5,COOLING IN PROGRESS,PCM CAPACITY INSUFFICIENT
11430,190.5,3.175,35,20.0704602672219,32.4350641970585,1,0,3.20616975367692,797.739222131392,768,0,20,20.6,20,3,5,COOLING IN PROGRESS,PCM CAPACITY INSUFFICIENT
11440,190.666666666667,3.17777777777778,35,20.0704602672219,32.4399178919104,1,0,3.20010263511206,797.739222131392,768,0,20,20.6,20,3,5,COOLING IN PROGRESS,PCM CAPACITY INSUFFICIENT
11450,190.833333333333,3.18055555555556,35,20.0704602672219,32.444762401989,1,0,3.19404699751374,797.739222131392,768,0,20,20.6,20,3,5,COOLING IN PROGRESS,PCM CAPACITY INSUFFICIENT
11460,191,3.18333333333333,35,20.0704602672219,32.449597744675,1,0,3.18800281915626,797.739222131392,768,0,20,20.6,20,3,5,COOLING IN PROGRESS,PCM CAPACITY INSUFFICIENT
11470,191.166666666667,3.18611111111111,35,20.0704602672219,32.454423937316,1,0,3.18197007835495,797.739222131392,768,0,20,20.6,20,3,5,COOLING IN PROGRESS,PCM CAPACITY INSUFFICIENT
11480,191.333333333333,3.18888888888889,35,20.0704602672219,32.459240997227,1,0,3.17594875346622,797.739222131392,768,0,20,20.6,20,3,5,COOLING IN PROGRESS,PCM CAPACITY INSUFFICIENT
11490,191.5,3.19166666666667,35,20.0704602672219,32.46404894169,1,0,3.16993882288754,797.739222131392,768,0,20,20.6,20,3,5,COOLING IN PROGRESS,PCM CAPACITY INSUFFICIENT
11500,191.666666666667,3.19444444444444,35,20.0704602672219,32.4688477879544,1,0,3.16394026505705,797.739222131392,768,0,20,20.6,20,3,5,COOLING IN PROGRESS,PCM CAPACITY INSUFFICIENT
11510,191.833333333333,3.19722222222222,35,20.0704602672219,32.473637553237,1,0,3.15795305845379,797.739222131392,768,0,20,20.6,20,3,5,COOLING IN PROGRESS,PCM CAPACITY INSUFFICIENT
11520,192,3.2,35,20.0704602672219,32.4784182547219,1,0,3.15197718159761,797.739222131392,768,0,20,20.6,20,3,5,COOLING IN PROGRESS,PCM CAPACITY INSUFFICIENT
11530,192.166666666667,3.20277777777778,35,20.0704602672219,32.4831899095608,1,0,3.14601261304894,797.739222131392,768,0,20,20.6,20,3,5,COOLING IN PROGRESS,PCM CAPACITY INSUFFICIENT
11540,192.333333333333,3.20555555555556,35,20.0704602672219,32.487952534873,1,0,3.14005933140873,797.739222131392,768,0,20,20.6,20,3,5,COOLING IN PROGRESS,PCM CAPACITY INSUFFICIENT
11550,192.5,3.20833333333333,35,20.0704602672219,32.4927061477452,1,0,3.13411731531851,797.739222131392,768,0,20,20.6,20,3,5,COOLING IN PROGRESS,PCM CAPACITY INSUFFICIENT
11560,192.666666666667,3.21111111111111,35,20.0704602672219,32.4974507652319,1,0,3.12818654346014,797.739222131392,768,0,20,20.6,20,3,5,COOLING IN PROGRESS,PCM CAPACITY INSUFFICIENT
11570,192.833333333333,3.21388888888889,35,20.0704602672219,32.5021864043553,1,0,3.12226699455591,797.739222131392,768,0,20,20.6,20,3,5,COOLING IN PROGRESS,PCM CAPACITY INSUFFICIENT
11580,193,3.21666666666667,35,20.0704602672219,32.5069130821053,1,0,3.11635864736834,797.739222131392,768,0,20,20.6,20,3,5,COOLING IN PROGRESS,PCM CAPACITY INSUFFICIENT
11590,193.166666666667,3.21944444444444,35,20.0704602672219,32.5116308154399,1,0,3.11046148070008,797.739222131392,768,0,20,20.6,20,3,5,COOLING IN PROGRESS,PCM CAPACITY INSUFFICIENT
11600,193.333333333333,3.22222222222222,35,20.0704602672219,32.5163396212849,1,0,3.10457547339393,797.739222131392,768,0,20,20.6,20,3,5,COOLING IN PROGRESS,PCM CAPACITY INSUFFICIENT
11610,193.5,3.225,35,20.0704602672219,32.5210395165338,1,0,3.09870060433274,797.739222131392,768,0,20,20.6,20,3,5,COOLING IN PROGRESS,PCM CAPACITY INSUFFICIENT
11620,193.666666666667,3.22777777777778,35,20.0704602672219,32.5257305180485,1,0,3.09283685243942,797.739222131392,768,0,20,20.6,20,3,5,COOLING IN PROGRESS,PCM CAPACITY INSUFFICIENT
11630,193.833333333333,3.23055555555556,35,20.0704602672219,32.5304126426588,1,0,3.08698419667655,797.739222131392,768,0,20,20.6,20,3,5,COOLING IN PROGRESS,PCM CAPACITY INSUFFICIENT
11640,194,3.23333333333333,35,20.0704602672219,32.5350859071627,1,0,3.08114261604668,797.739222131392,768,0,20,20.6,20,3,5,COOLING IN PROGRESS,PCM CAPACITY INSUFFICIENT
11650,194.166666666667,3.23611111111111,35,20.0704602672219,32.5397503283263,1,0,3.07531208959206,797.739222131392,768,0,20,20.6,20,3,5,COOLING IN PROGRESS,PCM CAPACITY INSUFFICIENT
11660,194.333333333333,3.23888888888889,35,20.0704602672219,32.5444059228843,1,0,3.06949259639461,797.739222131392,768,0,20,20.6,20,3,5,COOLING IN PROGRESS,PCM CAPACITY INSUFFICIENT
11670,194.5,3.24166666666667,35,20.0704602672219,32.5490527075394,1,0,3.06368411557576,797.739222131392,768,0,20,20.6,20,3,5,COOLING IN PROGRESS,PCM CAPACITY INSUFFICIENT
11680,194.666666666667,3.24444444444444,35,20.0704602672219,32.5536906989628,1,0,3.05788662629649,797.739222131392,768,0,20,20.6,20,3,5,COOLING IN PROGRESS,PCM CAPACITY INSUFFICIENT
11690,194.833333333333,3.24722222222222,35,20.0704602672219,32.5583199137942,1,0,3.05210010775722,797.739222131392,768,0,20,20.6,20,3,5,COOLING IN PROGRESS,PCM CAPACITY INSUFFICIENT
11700,195,3.25,35,20.0704602672219,32.5629403686418,1,0,3.04632453919776,797.739222131392,768,0,20,20.6,20,3,5,COOLING IN PROGRESS,PCM CAPACITY INSUFFICIENT
11710,195.166666666667,3.25277777777778,35,20.0704602672219,32.5675520800822,1,0,3.04055989989723,797.739222131392,768,0,20,20.6,20,3,5,COOLING IN PROGRESS,PCM CAPACITY INSUFFICIENT
11720,195.333333333333,3.25555555555556,35,20.0704602672219,32.5721550646609,1,0,3.03480616917382,797.739222131392,768,0,20,20.6,20,3,5,COOLING IN PROGRESS,PCM CAPACITY INSUFFICIENT
11730,195.5,3.25833333333333,35,20.0704602672219,32.5767493388921,1,0,3.02906332638493,797.739222131392,768,0,20,20.6,20,3,5,COOLING IN PROGRESS,PCM CAPACITY INSUFFICIENT
11740,195.666666666667,3.26111111111111,35,20.0704602672219,32.5813349192583,1,0,3.0233313509271,797.739222131392,768,0,20,20.6,20,3,5,COOLING IN PROGRESS,PCM CAPACITY INSUFFICIENT
11750,195.833333333333,3.26388888888889,35,20.0704602672219,32.5859118222113,1,0,3.01761022223586,797.739222131392,768,0,20,20.6,20,3,5,COOLING IN PROGRESS,PCM CAPACITY INSUFFICIENT
11760,196,3.26666666666667,35,20.0704602672219,32.5904800641717,1,0,3.01189991978543,797.739222131392,768,0,20,20.6,20,3,5,COOLING IN PROGRESS,PCM CAPACITY INSUFFICIENT
11770,196.166666666667,3.26944444444444,35,20.0704602672219,32.5950396615287,1,0,3.00620042308918,797.739222131392,768,0,20,20.6,20,3,5,COOLING IN PROGRESS,PCM CAPACITY INSUFFICIENT
11780,196.333333333333,3.27222222222222,35,20.0704602672219,32.5995906306408,1,0,3.00051171169898,797.739222131392,768,0,20,20.6,20,3,5,COOLING IN PROGRESS,PCM CAPACITY INSUFFICIENT
11790,196.5,3.275,35,20.0704602672219,32.6041329878355,1,0,2.99483376520557,797.739222131392,768,0,20,20.6,20,3,5,COOLING IN PROGRESS,PCM CAPACITY INSUFFICIENT
11800,196.666666666667,3.27777777777778,35,20.0704602672219,32.6086667494094,1,0,2.98916656323824,797.739222131392,768,0,20,20.6,20,3,5,COOLING IN PROGRESS,PCM CAPACITY INSUFFICIENT
11810,196.833333333333,3.28055555555556,35,20.0704602672219,32.6131919316281,1,0,2.98351008546491,797.739222131392,768,0,20,20.6,20,3,5,COOLING IN PROGRESS,PCM CAPACITY INSUFFICIENT
11820,197,3.28333333333333,35,20.0704602672219,32.6177085507266,1,0,2.97786431159181,797.739222131392,768,0,20,20.6,20,3,5,COOLING IN PROGRESS,PCM CAPACITY INSUFFICIENT
11830,197.166666666667,3.28611111111111,35,20.0704602672219,32.622216622909,1,0,2.97222922136376,797.739222131392,768,0,20,20.6,20,3,5,COOLING IN PROGRESS,PCM CAPACITY INSUFFICIENT
11840,197.333333333333,3.28888888888889,35,20.0704602672219,32.626716164349,1,0,2.96660479456374,797.739222131392,768,0,20,20.6,20,3,5,COOLING IN PROGRESS,PCM CAPACITY INSUFFICIENT
11850,197.5,3.29166666666667,35,20.0704602672219,32.6312071911895,1,0,2.96099101101314,797.739222131392,768,0,20,20.6,20,3,5,COOLING IN PROGRESS,PCM CAPACITY INSUFFICIENT
11860,197.666666666667,3.29444444444444,35,20.0704602672219,32.6356897195429,1,0,2.95538785057139,797.739222131392,768,0,20,20.6,20,3,5,COOLING IN PROGRESS,PCM CAPACITY INSUFFICIENT
11870,197.833333333333,3.29722222222222,35,20.0704602672219,32.6401637654911,1,0,2.94979529313615,797.739222131392,768,0,20,20.6,20,3,5,COOLING IN PROGRESS,PCM CAPACITY INSUFFICIENT
11880,198,3.3,35,20.0704602672219,32.6446293450855,1,0,2.9442133186431,797.739222131392,768,0,20,20.6,20,3,5,COOLING IN PROGRESS,PCM CAPACITY INSUFFICIENT
11890,198.166666666667,3.30277777777778,35,20.0704602672219,32.6490864743474,1,0,2.93864190706577,797.739222131392,768,0,20,20.6,20,3,5,COOLING IN PROGRESS,PCM CAPACITY INSUFFICIENT
11900,198.333333333333,3.30555555555556,35,20.0704602672219,32.6535351692674,1,0,2.93308103841575,797.739222131392,768,0,20,20.6,20,3,5,COOLING IN PROGRESS,PCM CAPACITY INSUFFICIENT
11910,198.5,3.30833333333333,35,20.0704602672219,32.6579754458061,1,0,2.92753069274239,797.739222131392,768,0,20,20.6,20,3,5,COOLING IN PROGRESS,PCM CAPACITY INSUFFICIENT
11920,198.666666666667,3.31111111111111,35,20.0704602672219,32.6624073198938,1,0,2.92199085013278,797.739222131392,768,0,20,20.6,20,3,5,COOLING IN PROGRESS,PCM CAPACITY INSUFFICIENT
11930,198.833333333333,3.31388888888889,35,20.0704602672219,32.6668308074307,1,0,2.91646149071166,797.739222131392,768,0,20,20.6,20,3,5,COOLING IN PROGRESS,PCM CAPACITY INSUFFICIENT
11940,199,3.31666666666667,35,20.0704602672219,32.6712459242869,1,0,2.91094259464143,797.739222131392,768,0,20,20.6,20,3,5,COOLING IN PROGRESS,PCM CAPACITY INSUFFICIENT
11950,199.166666666667,3.31944444444444,35,20.0704602672219,32.6756526863024,1,0,2.90543414212202,797.739222131392,768,0,20,20.6,20,3,5,COOLING IN PROGRESS,PCM CAPACITY INSUFFICIENT
11960,199.333333333333,3.32222222222222,35,20.0704602672219,32.6800511092873,1,0,2.8999361133909,797.739222131392,768,0,20,20.6,20,3,5,COOLING IN PROGRESS,PCM CAPACITY INSUFFICIENT
11970,199.5,3.325,35,20.0704602672219,32.6844412090218,1,0,2.89444848872279,797.739222131392,768,0,20,20.6,20,3,5,COOLING IN PROGRESS,PCM CAPACITY INSUFFICIENT
11980,199.666666666667,3.32777777777778,35,20.0704602672219,32.6888230012561,1,0,2.88897124842984,797.739222131392,768,0,20,20.6,20,3,5,COOLING IN PROGRESS,PCM CAPACITY INSUFFICIENT
11990,199.833333333333,3.33055555555556,35,20.0704602672219,32.6931965017109,1,0,2.88350437286139,797.739222131392,768,0,20,20.6,20,3,5,COOLING IN PROGRESS,PCM CAPACITY INSUFFICIENT
12000,200,3.33333333333333,35,20.0704602672219,32.6975617260768,1,0,2.87804784240397,797.739222131392,768,0,20,20.6,20,3,5,COOLING IN PROGRESS,PCM CAPACITY INSUFFICIENT
12010,200.166666666667,3.33611111111111,35,20.0704602672219,32.7019186900149,1,0,2.87260163748132,797.739222131392,768,0,20,20.6,20,3,5,COOLING IN PROGRESS,PCM CAPACITY INSUFFICIENT
12020,200.333333333333,3.33888888888889,35,20.0704602672219,32.7062674091567,1,0,2.86716573855417,797.739222131392,768,0,20,20.6,20,3,5,COOLING IN PROGRESS,PCM CAPACITY INSUFFICIENT
12030,200.5,3.34166666666667,35,20.0704602672219,32.7106078991038,1,0,2.86174012612021,797.739222131392,768,0,20,20.6,20,3,5,COOLING IN PROGRESS,PCM CAPACITY INSUFFICIENT
12040,200.666666666667,3.34444444444444,35,20.0704602672219,32.7149401754288,1,0,2.85632478071404,797.739222131392,768,0,20,20.6,20,3,5,COOLING IN PROGRESS,PCM CAPACITY INSUFFICIENT
12050,200.833333333333,3.34722222222222,35,20.0704602672219,32.7192642536743,1,0,2.85091968290713,797.739222131392,768,0,20,20.6,20,3,5,COOLING IN PROGRESS,PCM CAPACITY INSUFFICIENT
12060,201,3.35,35,20.0704602672219,32.7235801493539,1,0,2.84552481330756,797.739222131392,768,0,20,20.6,20,3,5,COOLING IN PROGRESS,PCM CAPACITY INSUFFICIENT
12070,201.166666666667,3.35277777777778,35,20.0704602672219,32.7278878779517,1,0,2.84014015256034,797.739222131392,768,0,20,20.6,20,3,5,COOLING IN PROGRESS,PCM CAPACITY INSUFFICIENT
12080,201.333333333333,3.35555555555556,35,20.0704602672219,32.7321874549225,1,0,2.83476568134693,797.739222131392,768,0,20,20.6,20,3,5,COOLING IN PROGRESS,PCM CAPACITY INSUFFICIENT
12090,201.5,3.35833333333333,35,20.0704602672219,32.7364788956917,1,0,2.82940138038542,797.739222131392,768,0,20,20.6,20,3,5,COOLING IN PROGRESS,PCM CAPACITY INSUFFICIENT
12100,201.666666666667,3.36111111111111,35,20.0704602672219,32.7407622156557,1,0,2.8240472304304,797.739222131392,768,0,20,20.6,20,3,5,COOLING IN PROGRESS,PCM CAPACITY INSUFFICIENT
12110,201.833333333333,3.36388888888889,35,20.0704602672219,32.7450374301817,1,0,2.81870321227285,797.739222131392,768,0,20,20.6,20,3,5,COOLING IN PROGRESS,PCM CAPACITY INSUFFICIENT
12120,202,3.36666666666667,35,20.0704602672219,32.7493045546079,1,0,2.81336930674009,797.739222131392,768,0,20,20.6,20,3,5,COOLING IN PROGRESS,PCM CAPACITY INSUFFICIENT
12130,202.166666666667,3.36944444444444,35,20.0704602672219,32.7535636042433,1,0,2.80804549469583,797.739222131392,768,0,20,20.6,20,3,5,COOLING IN PROGRESS,PCM CAPACITY INSUFFICIENT
12140,202.333333333333,3.37222222222222,35,20.0704602672219,32.7578145943682,1,0,2.80273175703974,797.739222131392,768,0,20,20.6,20,3,5,COOLING IN PROGRESS,PCM CAPACITY INSUFFICIENT
12150,202.5,3.375,35,20.0704602672219,32.7620575402337,1,0,2.79742807470786,797.739222131392,768,0,20,20.6,20,3,5,COOLING IN PROGRESS,PCM CAPACITY INSUFFICIENT
12160,202.666666666667,3.37777777777778,35,20.0704602672219,32.7662924570622,1,0,2.79213442867225,797.739222131392,768,0,20,20.6,20,3,5,COOLING IN PROGRESS,PCM CAPACITY INSUFFICIENT
12170,202.833333333333,3.38055555555556,35,20.0704602672219,32.7705193600472,1,0,2.78685079994096,797.739222131392,768,0,20,20.6,20,3,5,COOLING IN PROGRESS,PCM CAPACITY INSUFFICIENT
12180,203,3.38333333333333,35,20.0704602672219,32.7747382643535,1,0,2.78157716955807,797.739222131392,768,0,20,20.6,20,3,5,COOLING IN PROGRESS,PCM CAPACITY INSUFFICIENT
12190,203.166666666667,3.38611111111111,35,20.0704602672219,32.7789491851173,1,0,2.77631351860334,797.739222131392,768,0,20,20.6,20,3,5,COOLING IN PROGRESS,PCM CAPACITY INSUFFICIENT
12200,203.333333333333,3.38888888888889,35,20.0704602672219,32.783152137446,1,0,2.77105982819251,797.739222131392,768,0,20,20.6,20,3,5,COOLING IN PROGRESS,PCM CAPACITY INSUFFICIENT
12210,203.5,3.39166666666667,35,20.0704602672219,32.7873471364185,1,0,2.76581607947691,797.739222131392,768,0,20,20.6,20,3,5,COOLING IN PROGRESS,PCM CAPACITY INSUFFICIENT
12220,203.666666666667,3.39444444444444,35,20.0704602672219,32.7915341970851,1,0,2.76058225364363,797.739222131392,768,0,20,20.6,20,3,5,COOLING IN PROGRESS,PCM CAPACITY INSUFFICIENT
12230,203.833333333333,3.39722222222222,35,20.0704602672219,32.7957133344678,1,0,2.75535833191531,797.739222131392,768,0,20,20.6,20,3,5,COOLING IN PROGRESS,PCM CAPACITY INSUFFICIENT
12240,204,3.4,35,20.0704602672219,32.7998845635598,1,0,2.7501442955502,797.739222131392,768,0,20,20.6,20,3,5,COOLING IN PROGRESS,PCM CAPACITY INSUFFICIENT
12250,204.166666666667,3.40277777777778,35,20.0704602672219,32.8040478993264,1,0,2.74494012584196,797.739222131392,768,0,20,20.6,20,3,5,COOLING IN PROGRESS,PCM CAPACITY INSUFFICIENT
12260,204.333333333333,3.40555555555556,35,20.0704602672219,32.8082033567043,1,0,2.73974580411963,797.739222131392,768,0,20,20.6,20,3,5,COOLING IN PROGRESS,PCM CAPACITY INSUFFICIENT
12270,204.5,3.40833333333333,35,20.0704602672219,32.8123509506019,1,0,2.73456131174767,797.739222131392,768,0,20,20.6,20,3,5,COOLING IN PROGRESS,PCM CAPACITY INSUFFICIENT
12280,204.666666666667,3.41111111111111,35,20.0704602672219,32.8164906958994,1,0,2.72938663012571,797.739222131392,768,0,20,20.6,20,3,5,COOLING IN PROGRESS,PCM CAPACITY INSUFFICIENT
12290,204.833333333333,3.41388888888889,35,20.0704602672219,32.8206226074491,1,0,2.72422174068861,797.739222131392,768,0,20,20.6,20,3,5,COOLING IN PROGRESS,PCM CAPACITY INSUFFICIENT
12300,205,3.41666666666667,35,20.0704602672219,32.8247467000749,1,0,2.71906662490642,797.739222131392,768,0,20,20.6,20,3,5,COOLING IN PROGRESS,PCM CAPACITY INSUFFICIENT
12310,205.166666666667,3.41944444444444,35,20.0704602672219,32.8288629885727,1,0,2.71392126428413,797.739222131392,768,0,20,20.6,20,3,5,COOLING IN PROGRESS,PCM CAPACITY INSUFFICIENT
12320,205.333333333333,3.42222222222222,35,20.0704602672219,32.8329714877106,1,0,2.70878564036177,797.739222131392,768,0,20,20.6,20,3,5,COOLING IN PROGRESS,PCM CAPACITY INSUFFICIENT
12330,205.5,3.425,35,20.0704602672219,32.8370722122285,1,0,2.70365973471437,797.739222131392,768,0,20,20.6,20,3,5,COOLING IN PROGRESS,PCM CAPACITY INSUFFICIENT
12340,205.666666666667,3.42777777777778,35,20.0704602672219,32.8411651768386,1,0,2.69854352895177,797.739222131392,768,0,20,20.6,20,3,5,COOLING IN PROGRESS,PCM CAPACITY INSUFFICIENT
12350,205.833333333333,3.43055555555556,35,20.0704602672219,32.845250396225,1,0,2.69343700471869,797.739222131392,768,0,20,20.6,20,3,5,COOLING IN PROGRESS,PCM CAPACITY INSUFFICIENT
12360,206,3.43333333333333,35,20.0704602672219,32.8493278850444,1,0,2.68834014369445,797.739222131392,768,0,20,20.6,20,3,5,COOLING IN PROGRESS,PCM CAPACITY INSUFFICIENT
12370,206.166666666667,3.43611111111111,35,20.0704602672219,32.8533976579255,1,0,2.68325292759311,797.739222131392,768,0,20,20.6,20,3,5,COOLING IN PROGRESS,PCM CAPACITY INSUFFICIENT
12380,206.333333333333,3.43888888888889,35,20.0704602672219,32.8574597294693,1,0,2.67817533816335,797.739222131392,768,0,20,20.6,20,3,5,COOLING IN PROGRESS,PCM CAPACITY INSUFFICIENT
12390,206.5,3.44166666666667,35,20.0704602672219,32.8615141142493,1,0,2.67310735718834,797.739222131392,768,0,20,20.6,20,3,5,COOLING IN PROGRESS,PCM CAPACITY INSUFFICIENT
12400,206.666666666667,3.44444444444444,35,20.0704602672219,32.8655608268113,1,0,2.66804896648586,797.739222131392,768,0,20,20.6,20,3,5,COOLING IN PROGRESS,PCM CAPACITY INSUFFICIENT
12410,206.833333333333,3.44722222222222,35,20.0704602672219,32.8695998816737,1,0,2.66300014790792,797.739222131392,768,0,20,20.6,20,3,5,COOLING IN PROGRESS,PCM CAPACITY INSUFFICIENT
12420,207,3.45,35,20.0704602672219,32.8736312933273,1,0,2.65796088334094,797.739222131392,768,0,20,20.6,20,3,5,COOLING IN PROGRESS,PCM CAPACITY INSUFFICIENT
12430,207.166666666667,3.45277777777778,35,20.0704602672219,32.8776550762355,1,0,2.65293115470558,797.739222131392,768,0,20,20.6,20,3,5,COOLING IN PROGRESS,PCM CAPACITY INSUFFICIENT
12440,207.333333333333,3.45555555555556,35,20.0704602672219,32.8816712448346,1,0,2.64791094395672,797.739222131392,768,0,20,20.6,20,3,5,COOLING IN PROGRESS,PCM CAPACITY INSUFFICIENT
12450,207.5,3.45833333333333,35,20.0704602672219,32.8856798135332,1,0,2.64290023308346,797.739222131392,768,0,20,20.6,20,3,5,COOLING IN PROGRESS,PCM CAPACITY INSUFFICIENT
12460,207.666666666667,3.46111111111111,35,20.0704602672219,32.8896807967128,1,0,2.63789900410901,797.739222131392,768,0,20,20.6,20,3,5,COOLING IN PROGRESS,PCM CAPACITY INSUFFICIENT
12470,207.833333333333,3.46388888888889,35,20.0704602672219,32.8936742087276,1,0,2.63290723909046,797.739222131392,768,0,20,20.6,20,3,5,COOLING IN PROGRESS,PCM CAPACITY INSUFFICIENT
12480,208,3.46666666666667,35,20.0704602672219,32.8976600639049,1,0,2.62792492011887,797.739222131392,768,0,20,20.6,20,3,5,COOLING IN PROGRESS,PCM CAPACITY INSUFFICIENT
12490,208.166666666667,3.46944444444444,35,20.0704602672219,32.9016383765446,1,0,2.62295202931931,797.739222131392,768,0,20,20.6,20,3,5,COOLING IN PROGRESS,PCM CAPACITY INSUFFICIENT
12500,208.333333333333,3.47222222222222,35,20.0704602672219,32.9056091609195,1,0,2.61798854885058,797.739222131392,768,0,20,20.6,20,3,5,COOLING IN PROGRESS,PCM CAPACITY INSUFFICIENT
12510,208.5,3.475,35,20.0704602672219,32.9095724312758,1,0,2.61303446090519,797.739222131392,768,0,20,20.6,20,3,5,COOLING IN PROGRESS,PCM CAPACITY INSUFFICIENT
12520,208.666666666667,3.47777777777778,35,20.0704602672219,32.9135282018323,1,0,2.60808974770956,797.739222131392,768,0,20,20.6,20,3,5,COOLING IN PROGRESS,PCM CAPACITY INSUFFICIENT
12530,208.833333333333,3.48055555555556,35,20.0704602672219,32.9174764867811,1,0,2.60315439152357,797.739222131392,768,0,20,20.6,20,3,5,COOLING IN PROGRESS,PCM CAPACITY INSUFFICIENT
12540,209,3.48333333333333,35,20.0704602672219,32.9214173002874,1,0,2.59822837464069,797.739222131392,768,0,20,20.6,20,3,5,COOLING IN PROGRESS,PCM CAPACITY INSUFFICIENT
12550,209.166666666667,3.48611111111111,35,20.0704602672219,32.9253506564896,1,0,2.59331167938796,797.739222131392,768,0,20,20.6,20,3,5,COOLING IN PROGRESS,PCM CAPACITY INSUFFICIENT
12560,209.333333333333,3.48888888888889,35,20.0704602672219,32.9292765694994,1,0,2.58840428812572,797.739222131392,768,0,20,20.6,20,3,5,COOLING IN PROGRESS,PCM CAPACITY INSUFFICIENT
12570,209.5,3.49166666666667,35,20.0704602672219,32.9331950534017,1,0,2.58350618324786,797.739222131392,768,0,20,20.6,20,3,5,COOLING IN PROGRESS,PCM CAPACITY INSUFFICIENT
12580,209.666666666667,3.49444444444444,35,20.0704602672219,32.9371061222549,1,0,2.57861734718142,797.739222131392,768,0,20,20.6,20,3,5,COOLING IN PROGRESS,PCM CAPACITY INSUFFICIENT
12590,209.833333333333,3.49722222222222,35,20.0704602672219,32.9410097900905,1,0,2.57373776238687,797.739222131392,768,0,20,20.6,20,3,5,COOLING IN PROGRESS,PCM CAPACITY INSUFFICIENT
12600,210,3.5,35,20.0704602672219,32.9449060709138,1,0,2.5688674113578,797.739222131392,768,0,20,20.6,20,3,5,COOLING IN PROGRESS,PCM CAPACITY INSUFFICIENT
12610,210.166666666667,3.50277777777778,35,20.0704602672219,32.9487949787033,1,0,2.56400627662089,797.739222131392,768,0,20,20.6,20,3,5,COOLING IN PROGRESS,PCM CAPACITY INSUFFICIENT
12620,210.333333333333,3.50555555555556,35,20.0704602672219,32.9526765274113,1,0,2.55915434073593,797.739222131392,768,0,20,20.6,20,3,5,COOLING IN PROGRESS,PCM CAPACITY INSUFFICIENT
12630,210.5,3.50833333333333,35,20.0704602672219,32.9565507309635,1,0,2.55431158629561,797.739222131392,768,0,20,20.6,20,3,5,COOLING IN PROGRESS,PCM CAPACITY INSUFFICIENT
12640,210.666666666667,3.51111111111111,35,20.0704602672219,32.9604176032594,1,0,2.54947799592571,797.739222131392,768,0,20,20.6,20,3,5,COOLING IN PROGRESS,PCM CAPACITY INSUFFICIENT
12650,210.833333333333,3.51388888888889,35,20.0704602672219,32.9642771581721,1,0,2.54465355228485,797.739222131392,768,0,20,20.6,20,3,5,COOLING IN PROGRESS,PCM CAPACITY INSUFFICIENT
12660,211,3.51666666666667,35,20.0704602672219,32.9681294095485,1,0,2.53983823806434,797.739222131392,768,0,20,20.6,20,3,5,COOLING IN PROGRESS,PCM CAPACITY INSUFFICIENT
12670,211.166666666667,3.51944444444444,35,20.0704602672219,32.9719743712093,1,0,2.53503203598841,797.739222131392,768,0,20,20.6,20,3,5,COOLING IN PROGRESS,PCM CAPACITY INSUFFICIENT
12680,211.333333333333,3.52222222222222,35,20.0704602672219,32.9758120569489,1,0,2.53023492881392,797.739222131392,768,0,20,20.6,20,3,5,COOLING IN PROGRESS,PCM CAPACITY INSUFFICIENT
12690,211.5,3.525,35,20.0704602672219,32.9796424805357,1,0,2.52544689933036,797.739222131392,768,0,20,20.6,20,3,5,COOLING IN PROGRESS,PCM CAPACITY INSUFFICIENT
12700,211.666666666667,3.52777777777778,35,20.0704602672219,32.9834656557122,1,0,2.52066793035976,797.739222131392,768,0,20,20.6,20,3,5,COOLING IN PROGRESS,PCM CAPACITY INSUFFICIENT
12710,211.833333333333,3.53055555555556,35,20.0704602672219,32.9872815961948,1,0,2.51589800475655,797.739222131392,768,0,20,20.6,20,3,5,COOLING IN PROGRESS,PCM CAPACITY INSUFFICIENT
12720,212,3.53333333333333,35,20.0704602672219,32.9910903156737,1,0,2.51113710540789,797.739222131392,768,0,20,20.6,20,3,5,COOLING IN PROGRESS,PCM CAPACITY INSUFFICIENT
12730,212.166666666667,3.53611111111111,35,20.0704602672219,32.9948918278135,1,0,2.5063852152331,797.739222131392,768,0,20,20.6,20,3,5,COOLING IN PROGRESS,PCM CAPACITY INSUFFICIENT
12740,212.333333333333,3.53888888888889,35,20.0704602672219,32.9986861462529,1,0,2.50164231718392,797.739222131392,768,0,20,20.6,20,3,5,COOLING IN PROGRESS,PCM CAPACITY INSUFFICIENT
12750,212.5,3.54166666666667,35,20.0704602672219,33.0024732846046,1,0,2.49690839424428,797.739222131392,768,0,20,20.6,20,3,5,COOLING IN PROGRESS,PCM CAPACITY INSUFFICIENT
12760,212.666666666667,3.54444444444444,35,20.0704602672219,33.0062532564557,1,0,2.49218342943038,797.739222131392,768,0,20,20.6,20,3,5,COOLING IN PROGRESS,PCM CAPACITY INSUFFICIENT
12770,212.833333333333,3.54722222222222,35,20.0704602672219,33.0100260753676,1,0,2.48746740579051,797.739222131392,768,0,20,20.6,20,3,5,COOLING IN PROGRESS,PCM CAPACITY INSUFFICIENT
12780,213,3.55,35,20.0704602672219,33.0137917548759,1,0,2.48276030640515,797.739222131392,768,0,20,20.6,20,3,5,COOLING IN PROGRESS,PCM CAPACITY INSUFFICIENT
12790,213.166666666667,3.55277777777778,35,20.0704602672219,33.0175503084908,1,0,2.47806211438652,797.739222131392,768,0,20,20.6,20,3,5,COOLING IN PROGRESS,PCM CAPACITY INSUFFICIENT
12800,213.333333333333,3.55555555555556,35,20.0704602672219,33.0213017496968,1,0,2.47337281287903,797.739222131392,768,0,20,20.6,20,3,5,COOLING IN PROGRESS,PCM CAPACITY INSUFFICIENT
12810,213.5,3.55833333333333,35,20.0704602672219,33.0250460919528,1,0,2.468692385059,797.739222131392,768,0,20,20.6,20,3,5,COOLING IN PROGRESS,PCM CAPACITY INSUFFICIENT
12820,213.666666666667,3.56111111111111,35,20.0704602672219,33.0287833486924,1,0,2.46402081413445,797.739222131392,768,0,20,20.6,20,3,5,COOLING IN PROGRESS,PCM CAPACITY INSUFFICIENT
12830,213.833333333333,3.56388888888889,35,20.0704602672219,33.0325135333238,1,0,2.4593580833453,797.739222131392,768,0,20,20.6,20,3,5,COOLING IN PROGRESS,PCM CAPACITY INSUFFICIENT
12840,214,3.56666666666667,35,20.0704602672219,33.0362366592295,1,0,2.45470417596314,797.739222131392,768,0,20,20.6,20,3,5,COOLING IN PROGRESS,PCM CAPACITY INSUFFICIENT
12850,214.166666666667,3.56944444444444,35,20.0704602672219,33.0399527397671,1,0,2.45005907529114,797.739222131392,768,0,20,20.6,20,3,5,COOLING IN PROGRESS,PCM CAPACITY INSUFFICIENT
12860,214.333333333333,3.57222222222222,35,20.0704602672219,33.0436617882686,1,0,2.44542276466421,797.739222131392,768,0,20,20.6,20,3,5,COOLING IN PROGRESS,PCM CAPACITY INSUFFICIENT
12870,214.5,3.575,35,20.0704602672219,33.047363818041,1,0,2.44079522744872,797.739222131392,768,0,20,20.6,20,3,5,COOLING IN PROGRESS,PCM CAPACITY INSUFFICIENT
12880,214.666666666667,3.57777777777778,35,20.0704602672219,33.0510588423661,1,0,2.43617644704242,797.739222131392,768,0,20,20.6,20,3,5,COOLING IN PROGRESS,PCM CAPACITY INSUFFICIENT
12890,214.833333333333,3.58055555555556,35,20.0704602672219,33.0547468745003,1,0,2.43156640687465,797.739222131392,768,0,20,20.6,20,3,5,COOLING IN PROGRESS,PCM CAPACITY INSUFFICIENT
12900,215,3.58333333333333,35,20.0704602672219,33.0584279276752,1,0,2.42696509040599,797.739222131392,768,0,20,20.6,20,3,5,COOLING IN PROGRESS,PCM CAPACITY INSUFFICIENT
12910,215.166666666667,3.58611111111111,35,20.0704602672219,33.0621020150973,1,0,2.42237248112836,797.739222131392,768,0,20,20.6,20,3,5,COOLING IN PROGRESS,PCM CAPACITY INSUFFICIENT
12920,215.333333333333,3.58888888888889,35,20.0704602672219,33.065769149948,1,0,2.41778856256497,797.739222131392,768,0,20,20.6,20,3,5,COOLING IN PROGRESS,PCM CAPACITY INSUFFICIENT
12930,215.5,3.59166666666667,35,20.0704602672219,33.0694293453839,1,0,2.41321331827011,797.739222131392,768,0,20,20.6,20,3,5,COOLING IN PROGRESS,PCM CAPACITY INSUFFICIENT
12940,215.666666666667,3.59444444444444,35,20.0704602672219,33.0730826145366,1,0,2.40864673182924,797.739222131392,768,0,20,20.6,20,3,5,COOLING IN PROGRESS,PCM CAPACITY INSUFFICIENT
12950,215.833333333333,3.59722222222222,35,20.0704602672219,33.0767289705129,1,0,2.40408878685891,797.739222131392,768,0,20,20.6,20,3,5,COOLING IN PROGRESS,PCM CAPACITY INSUFFICIENT
12960,216,3.6,35,20.0704602672219,33.0803684263947,1,0,2.39953946700664,797.739222131392,768,0,20,20.6,20,3,5,COOLING IN PROGRESS,PCM CAPACITY INSUFFICIENT
12970,216.166666666667,3.60277777777778,35,20.0704602672219,33.0840009952393,1,0,2.39499875595088,797.739222131392,768,0,20,20.6,20,3,5,COOLING IN PROGRESS,PCM CAPACITY INSUFFICIENT
12980,216.333333333333,3.60555555555556,35,20.0704602672219,33.0876266900792,1,0,2.39046663740096,797.739222131392,768,0,20,20.6,20,3,5,COOLING IN PROGRESS,PCM CAPACITY INSUFFICIENT
12990,216.5,3.60833333333333,35,20.0704602672219,33.0912455239224,1,0,2.38594309509701,797.739222131392,768,0,20,20.6,20,3,5,COOLING IN PROGRESS,PCM CAPACITY INSUFFICIENT
13000,216.666666666667,3.61111111111111,35,20.0704602672219,33.094857509752,1,0,2.38142811280999,797.739222131392,768,0,20,20.6,20,3,5,COOLING IN PROGRESS,PCM CAPACITY INSUFFICIENT
13010,216.833333333333,3.61388888888889,35,20.0704602672219,33.0984626605267,1,0,2.3769216743416,797.739222131392,768,0,20,20.6,20,3,5,COOLING IN PROGRESS,PCM CAPACITY INSUFFICIENT
13020,217,3.61666666666667,35,20.0704602672219,33.1020609891807,1,0,2.37242376352419,797.739222131392,768,0,20,20.6,20,3,5,COOLING IN PROGRESS,PCM CAPACITY INSUFFICIENT
13030,217.166666666667,3.61944444444444,35,20.0704602672219,33.1056525086235,1,0,2.36793436422056,797.739222131392,768,0,20,20.6,20,3,5,COOLING IN PROGRESS,PCM CAPACITY INSUFFICIENT
13040,217.333333333333,3.62222222222222,35,20.0704602672219,33.1092372317406,1,0,2.36345346032424,797.739222131392,768,0,20,20.6,20,3,5,COOLING IN PROGRESS,PCM CAPACITY INSUFFICIENT
13050,217.5,3.625,35,20.0704602672219,33.1128151713927,1,0,2.35898103575915,797.739222131392,768,0,20,20.6,20,3,5,COOLING IN PROGRESS,PCM CAPACITY INSUFFICIENT
13060,217.666666666667,3.62777777777778,35,20.0704602672219,33.1163863404164,1,0,2.35451707447954,797.739222131392,768,0,20,20.6,20,3,5,COOLING IN PROGRESS,PCM CAPACITY INSUFFICIENT
13070,217.833333333333,3.63055555555556,35,20.0704602672219,33.1199507516238,1,0,2.35006156047021,797.739222131392,768,0,20,20.6,20,3,5,COOLING IN PROGRESS,PCM CAPACITY INSUFFICIENT
13080,218,3.63333333333333,35,20.0704602672219,33.1235084178031,1,0,2.3456144777461,797.739222131392,768,0,20,20.6,20,3,5,COOLING IN PROGRESS,PCM CAPACITY INSUFFICIENT
13090,218.166666666667,3.63611111111111,35,20.0704602672219,33.127059351718,1,0,2.3411758103525,797.739222131392,768,0,20,20.6,20,3,5,COOLING IN PROGRESS,PCM CAPACITY INSUFFICIENT
13100,218.333333333333,3.63888888888889,35,20.0704602672219,33.1306035661081,1,0,2.33674554236488,797.739222131392,768,0,20,20.6,20,3,5,COOLING IN PROGRESS,PCM CAPACITY INSUFFICIENT
13110,218.5,3.64166666666667,35,20.0704602672219,33.1341410736889,1,0,2.33232365788883,797.739222131392,768,0,20,20.6,20,3,5,COOLING IN PROGRESS,PCM CAPACITY INSUFFICIENT
13120,218.666666666667,3.64444444444444,35,20.0704602672219,33.137671887152,1,0,2.32791014105995,797.739222131392,768,0,20,20.6,20,3,5,COOLING IN PROGRESS,PCM CAPACITY INSUFFICIENT
13130,218.833333333333,3.64722222222222,35,20.0704602672219,33.1411960191648,1,0,2.32350497604401,797.739222131392,768,0,20,20.6,20,3,5,COOLING IN PROGRESS,PCM CAPACITY INSUFFICIENT
13140,219,3.65,35,20.0704602672219,33.1447134823707,1,0,2.3191081470366,797.739222131392,768,0,20,20.6,20,3,5,COOLING IN PROGRESS,PCM CAPACITY INSUFFICIENT
13150,219.166666666667,3.65277777777778,35,20.0704602672219,33.1482242893894,1,0,2.31471963826325,797.739222131392,768,0,20,20.6,20,3,5,COOLING IN PROGRESS,PCM CAPACITY INSUFFICIENT
13160,219.333333333333,3.65555555555556,35,20.0704602672219,33.1517284528166,1,0,2.3103394339793,797.739222131392,768,0,20,20.6,20,3,5,COOLING IN PROGRESS,PCM CAPACITY INSUFFICIENT
13170,219.5,3.65833333333333,35,20.0704602672219,33.1552259852239,1,0,2.30596751847019,797.739222131392,768,0,20,20.6,20,3,5,COOLING IN PROGRESS,PCM CAPACITY INSUFFICIENT
13180,219.666666666667,3.66111111111111,35,20.0704602672219,33.1587168991595,1,0,2.30160387605065,797.739222131392,768,0,20,20.6,20,3,5,COOLING IN PROGRESS,PCM CAPACITY INSUFFICIENT
13190,219.833333333333,3.66388888888889,35,20.0704602672219,33.1622012071477,1,0,2.29724849106542,797.739222131392,768,0,20,20.6,20,3,5,COOLING IN PROGRESS,PCM CAPACITY INSUFFICIENT
13200,220,3.66666666666667,35,20.0704602672219,33.1656789216891,1,0,2.29290134788862,797.739222131392,768,0,20,20.6,20,3,5,COOLING IN PROGRESS,PCM CAPACITY INSUFFICIENT
13210,220.166666666667,3.66944444444444,35,20.0704602672219,33.1691500552607,1,0,2.28856243092418,797.739222131392,768,0,20,20.6,20,3,5,COOLING IN PROGRESS,PCM CAPACITY INSUFFICIENT
13220,220.333333333333,3.67222222222222,35,20.0704602672219,33.1726146203157,1,0,2.28423172460534,797.739222131392,768,0,20,20.6,20,3,5,COOLING IN PROGRESS,PCM CAPACITY INSUFFICIENT
13230,220.5,3.675,35,20.0704602672219,33.176072629284,1,0,2.27990921339496,797.739222131392,768,0,20,20.6,20,3,5,COOLING IN PROGRESS,PCM CAPACITY INSUFFICIENT
13240,220.666666666667,3.67777777777778,35,20.0704602672219,33.1795240945719,1,0,2.27559488178512,797.739222131392,768,0,20,20.6,20,3,5,COOLING IN PROGRESS,PCM CAPACITY INSUFFICIENT
13250,220.833333333333,3.68055555555556,35,20.0704602672219,33.1829690285621,1,0,2.27128871429738,797.739222131392,768,0,20,20.6,20,3,5,COOLING IN PROGRESS,PCM CAPACITY INSUFFICIENT
13260,221,3.68333333333333,35,20.0704602672219,33.1864074436139,1,0,2.26699069548264,797.739222131392,768,0,20,20.6,20,3,5,COOLING IN PROGRESS,PCM CAPACITY INSUFFICIENT
13270,221.166666666667,3.68611111111111,35,20.0704602672219,33.1898393520633,1,0,2.26270080992085,797.739222131392,768,0,20,20.6,20,3,5,COOLING IN PROGRESS,PCM CAPACITY INSUFFICIENT
13280,221.333333333333,3.68888888888889,35,20.0704602672219,33.193264766223,1,0,2.25841904222126,797.739222131392,768,0,20,20.6,20,3,5,COOLING IN PROGRESS,PCM CAPACITY INSUFFICIENT
13290,221.5,3.69166666666667,35,20.0704602672219,33.1966836983821,1,0,2.25414537702233,797.739222131392,768,0,20,20.6,20,3,5,COOLING IN PROGRESS,PCM CAPACITY INSUFFICIENT
13300,221.666666666667,3.69444444444444,35,20.0704602672219,33.2000961608069,1,0,2.24987979899137,797.739222131392,768,0,20,20.6,20,3,5,COOLING IN PROGRESS,PCM CAPACITY INSUFFICIENT
13310,221.833333333333,3.69722222222222,35,20.0704602672219,33.2035021657401,1,0,2.24562229282485,797.739222131392,768,0,20,20.6,20,3,5,COOLING IN PROGRESS,PCM CAPACITY INSUFFICIENT
13320,222,3.7,35,20.0704602672219,33.2069017254015,1,0,2.24137284324819,797.739222131392,768,0,20,20.6,20,3,5,COOLING IN PROGRESS,PCM CAPACITY INSUFFICIENT
13330,222.166666666667,3.70277777777778,35,20.0704602672219,33.2102948519875,1,0,2.23713143501568,797.739222131392,768,0,20,20.6,20,3,5,COOLING IN PROGRESS,PCM CAPACITY INSUFFICIENT
13340,222.333333333333,3.70555555555556,35,20.0704602672219,33.2136815576716,1,0,2.23289805291047,797.739222131392,768,0,20,20.6,20,3,5,COOLING IN PROGRESS,PCM CAPACITY INSUFFICIENT
13350,222.5,3.70833333333333,35,20.0704602672219,33.2170618546043,1,0,2.22867268174457,797.739222131392,768,0,20,20.6,20,3,5,COOLING IN PROGRESS,PCM CAPACITY INSUFFICIENT
13360,222.666666666667,3.71111111111111,35,20.0704602672219,33.2204357549131,1,0,2.22445530635864,797.739222131392,768,0,20,20.6,20,3,5,COOLING IN PROGRESS,PCM CAPACITY INSUFFICIENT
13370,222.833333333333,3.71388888888889,35,20.0704602672219,33.2238032707024,1,0,2.22024591162203,797.739222131392,768,0,20,20.6,20,3,5,COOLING IN PROGRESS,PCM CAPACITY INSUFFICIENT
13380,223,3.71666666666667,35,20.0704602672219,33.2271644140538,1,0,2.21604448243273,797.739222131392,768,0,20,20.6,20,3,5,COOLING IN PROGRESS,PCM CAPACITY INSUFFICIENT
13390,223.166666666667,3.71944444444444,35,20.0704602672219,33.2305191970261,1,0,2.21185100371738,797.739222131392,768,0,20,20.6,20,3,5,COOLING IN PROGRESS,PCM CAPACITY INSUFFICIENT
13400,223.333333333333,3.72222222222222,35,20.0704602672219,33.2338676316552,1,0,2.207665460431,797.739222131392,768,0,20,20.6,20,3,5,COOLING IN PROGRESS,PCM CAPACITY INSUFFICIENT
13410,223.5,3.725,35,20.0704602672219,33.2372097299541,1,0,2.20348783755732,797.739222131392,768,0,20,20.6,20,3,5,COOLING IN PROGRESS,PCM CAPACITY INSUFFICIENT
13420,223.666666666667,3.72777777777778,35,20.0704602672219,33.2405455039134,1,0,2.19931812010826,797.739222131392,768,0,20,20.6,20,3,5,COOLING IN PROGRESS,PCM CAPACITY INSUFFICIENT
13430,223.833333333333,3.73055555555556,35,20.0704602672219,33.2438749655007,1,0,2.19515629312412,797.739222131392,768,0,20,20.6,20,3,5,COOLING IN PROGRESS,PCM CAPACITY INSUFFICIENT
13440,224,3.73333333333333,35,20.0704602672219,33.2471981266611,1,0,2.19100234167365,797.739222131392,768,0,20,20.6,20,3,5,COOLING IN PROGRESS,PCM CAPACITY INSUFFICIENT
13450,224.166666666667,3.73611111111111,35,20.0704602672219,33.250514999317,1,0,2.18685625085372,797.739222131392,768,0,20,20.6,20,3,5,COOLING IN PROGRESS,PCM CAPACITY INSUFFICIENT
13460,224.333333333333,3.73888888888889,35,20.0704602672219,33.2538255953684,1,0,2.1827180057895,797.739222131392,768,0,20,20.6,20,3,5,COOLING IN PROGRESS,PCM CAPACITY INSUFFICIENT
13470,224.5,3.74166666666667,35,20.0704602672219,33.2571299266926,1,0,2.17858759163428,797.739222131392,768,0,20,20.6,20,3,5,COOLING IN PROGRESS,PCM CAPACITY INSUFFICIENT
13480,224.666666666667,3.74444444444444,35,20.0704602672219,33.2604280051445,1,0,2.17446499356933,797.739222131392,768,0,20,20.6,20,3,5,COOLING IN PROGRESS,PCM CAPACITY INSUFFICIENT
13490,224.833333333333,3.74722222222222,35,20.0704602672219,33.2637198425567,1,0,2.17035019680416,797.739222131392,768,0,20,20.6,20,3,5,COOLING IN PROGRESS,PCM CAPACITY INSUFFICIENT
13500,225,3.75,35,20.0704602672219,33.2670054507391,1,0,2.16624318657612,797.739222131392,768,0,20,20.6,20,3,5,COOLING IN PROGRESS,PCM CAPACITY INSUFFICIENT
13510,225.166666666667,3.75277777777778,35,20.0704602672219,33.2702848414796,1,0,2.16214394815056,797.739222131392,768,0,20,20.6,20,3,5,COOLING IN PROGRESS,PCM CAPACITY INSUFFICIENT
13520,225.333333333333,3.75555555555556,35,20.0704602672219,33.2735580265435,1,0,2.15805246682063,797.739222131392,768,0,20,20.6,20,3,5,COOLING IN PROGRESS,PCM CAPACITY INSUFFICIENT
13530,225.5,3.75833333333333,35,20.0704602672219,33.276825017674,1,0,2.15396872790747,797.739222131392,768,0,20,20.6,20,3,5,COOLING IN PROGRESS,PCM CAPACITY INSUFFICIENT
13540,225.666666666667,3.76111111111111,35,20.0704602672219,33.2800858265921,1,0,2.14989271675982,797.739222131392,768,0,20,20.6,20,3,5,COOLING IN PROGRESS,PCM CAPACITY INSUFFICIENT
13550,225.833333333333,3.76388888888889,35,20.0704602672219,33.2833404649966,1,0,2.14582441875427,797.739222131392,768,0,20,20.6,20,3,5,COOLING IN PROGRESS,PCM CAPACITY INSUFFICIENT
13560,226,3.76666666666667,35,20.0704602672219,33.2865889445639,1,0,2.1417638192951,797.739222131392,768,0,20,20.6,20,3,5,COOLING IN PROGRESS,PCM CAPACITY INSUFFICIENT
13570,226.166666666667,3.76944444444444,35,20.0704602672219,33.2898312769488,1,0,2.13771090381401,797.739222131392,768,0,20,20.6,20,3,5,COOLING IN PROGRESS,PCM CAPACITY INSUFFICIENT
13580,226.333333333333,3.77222222222222,35,20.0704602672219,33.2930674737836,1,0,2.13366565777052,797.739222131392,768,0,20,20.6,20,3,5,COOLING IN PROGRESS,PCM CAPACITY INSUFFICIENT
13590,226.5,3.775,35,20.0704602672219,33.2962975466787,1,0,2.12962806665161,797.739222131392,768,0,20,20.6,20,3,5,COOLING IN PROGRESS,PCM CAPACITY INSUFFICIENT
13600,226.666666666667,3.77777777777778,35,20.0704602672219,33.2995215072228,1,0,2.12559811597153,797.739222131392,768,0,20,20.6,20,3,5,COOLING IN PROGRESS,PCM CAPACITY INSUFFICIENT
13610,226.833333333333,3.78055555555556,35,20.0704602672219,33.3027393669823,1,0,2.1215757912721,797.739222131392,768,0,20,20.6,20,3,5,COOLING IN PROGRESS,PCM CAPACITY INSUFFICIENT
13620,227,3.78333333333333,35,20.0704602672219,33.305951137502,1,0,2.11756107812246,797.739222131392,768,0,20,20.6,20,3,5,COOLING IN PROGRESS,PCM CAPACITY INSUFFICIENT
13630,227.166666666667,3.78611111111111,35,20.0704602672219,33.3091568303047,1,0,2.11355396211914,797.739222131392,768,0,20,20.6,20,3,5,COOLING IN PROGRESS,PCM CAPACITY INSUFFICIENT
13640,227.333333333333,3.78888888888889,35,20.0704602672219,33.3123564568913,1,0,2.10955442888586,797.739222131392,768,0,20,20.6,20,3,5,COOLING IN PROGRESS,PCM CAPACITY INSUFFICIENT
13650,227.5,3.79166666666667,35,20.0704602672219,33.3155500287412,1,0,2.10556246407353,797.739222131392,768,0,20,20.6,20,3,5,COOLING IN PROGRESS,PCM CAPACITY INSUFFICIENT
13660,227.666666666667,3.79444444444444,35,20.0704602672219,33.3187375573118,1,0,2.10157805336021,797.739222131392,768,0,20,20.6,20,3,5,COOLING IN PROGRESS,PCM CAPACITY INSUFFICIENT
13670,227.833333333333,3.79722222222222,35,20.0704602672219,33.3219190540391,1,0,2.09760118245111,797.739222131392,768,0,20,20.6,20,3,5,COOLING IN PROGRESS,PCM CAPACITY INSUFFICIENT
13680,228,3.8,35,20.0704602672219,33.3250945303372,1,0,2.09363183707845,797.739222131392,768,0,20,20.6,20,3,5,COOLING IN PROGRESS,PCM CAPACITY INSUFFICIENT
13690,228.166666666667,3.80277777777778,35,20.0704602672219,33.3282639975988,1,0,2.08967000300148,797.739222131392,768,0,20,20.6,20,3,5,COOLING IN PROGRESS,PCM CAPACITY INSUFFICIENT
13700,228.333333333333,3.80555555555556,35,20.0704602672219,33.3314274671949,1,0,2.08571566600638,797.739222131392,768,0,20,20.6,20,3,5,COOLING IN PROGRESS,PCM CAPACITY INSUFFICIENT
13710,228.5,3.80833333333333,35,20.0704602672219,33.3345849504751,1,0,2.08176881190616,797.739222131392,768,0,20,20.6,20,3,5,COOLING IN PROGRESS,PCM CAPACITY INSUFFICIENT
13720,228.666666666667,3.81111111111111,35,20.0704602672219,33.3377364587674,1,0,2.07782942654075,797.739222131392,768,0,20,20.6,20,3,5,COOLING IN PROGRESS,PCM CAPACITY INSUFFICIENT
13730,228.833333333333,3.81388888888889,35,20.0704602672219,33.3408820033784,1,0,2.07389749577695,797.739222131392,768,0,20,20.6,20,3,5,COOLING IN PROGRESS,PCM CAPACITY INSUFFICIENT
13740,229,3.81666666666667,35,20.0704602672219,33.3440215955934,1,0,2.06997300550826,797.739222131392,768,0,20,20.6,20,3,5,COOLING IN PROGRESS,PCM CAPACITY INSUFFICIENT
13750,229.166666666667,3.81944444444444,35,20.0704602672219,33.3471552466763,1,0,2.06605594165469,797.739222131392,768,0,20,20.6,20,3,5,COOLING IN PROGRESS,PCM CAPACITY INSUFFICIENT
13760,229.333333333333,3.82222222222222,35,20.0704602672219,33.3502829678695,1,0,2.06214629016316,797.739222131392,768,0,20,20.6,20,3,5,COOLING IN PROGRESS,PCM CAPACITY INSUFFICIENT
13770,229.5,3.825,35,20.0704602672219,33.3534047703944,1,0,2.05824403700701,797.739222131392,768,0,20,20.6,20,3,5,COOLING IN PROGRESS,PCM CAPACITY INSUFFICIENT
13780,229.666666666667,3.82777777777778,35,20.0704602672219,33.3565206654511,1,0,2.05434916818618,797.739222131392,768,0,20,20.6,20,3,5,COOLING IN PROGRESS,PCM CAPACITY INSUFFICIENT
13790,229.833333333333,3.83055555555556,35,20.0704602672219,33.3596306642184,1,0,2.05046166972705,797.739222131392,768,0,20,20.6,20,3,5,COOLING IN PROGRESS,PCM CAPACITY INSUFFICIENT
13800,230,3.83333333333333,35,20.0704602672219,33.3627347778539,1,0,2.0465815276826,797.739222131392,768,0,20,20.6,20,3,5,COOLING IN PROGRESS,PCM CAPACITY INSUFFICIENT
13810,230.166666666667,3.83611111111111,35,20.0704602672219,33.3658330174944,1,0,2.042708728132,797.739222131392,768,0,20,20.6,20,3,5,COOLING IN PROGRESS,PCM CAPACITY INSUFFICIENT
13820,230.333333333333,3.83888888888889,35,20.0704602672219,33.3689253942553,1,0,2.03884325718093,797.739222131392,768,0,20,20.6,20,3,5,COOLING IN PROGRESS,PCM CAPACITY INSUFFICIENT
13830,230.5,3.84166666666667,35,20.0704602672219,33.372011919231,1,0,2.03498510096122,797.739222131392,768,0,20,20.6,20,3,5,COOLING IN PROGRESS,PCM CAPACITY INSUFFICIENT
13840,230.666666666667,3.84444444444444,35,20.0704602672219,33.3750926034951,1,0,2.03113424563112,797.739222131392,768,0,20,20.6,20,3,5,COOLING IN PROGRESS,PCM CAPACITY INSUFFICIENT
13850,230.833333333333,3.84722222222222,35,20.0704602672219,33.3781674581001,1,0,2.02729067737488,797.739222131392,768,0,20,20.6,20,3,5,COOLING IN PROGRESS,PCM CAPACITY INSUFFICIENT
13860,231,3.85,35,20.0704602672219,33.3812364940776,1,0,2.02345438240297,797.739222131392,768,0,20,20.6,20,3,5,COOLING IN PROGRESS,PCM CAPACITY INSUFFICIENT
13870,231.166666666667,3.85277777777778,35,20.0704602672219,33.3842997224384,1,0,2.01962534695201,797.739222131392,768,0,20,20.6,20,3,5,COOLING IN PROGRESS,PCM CAPACITY INSUFFICIENT
13880,231.333333333333,3.85555555555556,35,20.0704602672219,33.3873571541723,1,0,2.01580355728462,797.739222131392,768,0,20,20.6,20,3,5,COOLING IN PROGRESS,PCM CAPACITY INSUFFICIENT
13890,231.5,3.85833333333333,35,20.0704602672219,33.3904088002485,1,0,2.01198899968939,797.739222131392,768,0,20,20.6,20,3,5,COOLING IN PROGRESS,PCM CAPACITY INSUFFICIENT
13900,231.666666666667,3.86111111111111,35,20.0704602672219,33.3934546716152,1,0,2.00818166048094,797.739222131392,768,0,20,20.6,20,3,5,COOLING IN PROGRESS,PCM CAPACITY INSUFFICIENT
13910,231.833333333333,3.86388888888889,35,20.0704602672219,33.3964947792003,1,0,2.00438152599963,797.739222131392,768,0,20,20.6,20,3,5,COOLING IN PROGRESS,PCM CAPACITY INSUFFICIENT
13920,232,3.86666666666667,35,20.0704602672219,33.3995291339105,1,0,2.00058858261185,797.739222131392,768,0,20,20.6,20,3,5,COOLING IN PROGRESS,PCM CAPACITY INSUFFICIENT
13930,232.166666666667,3.86944444444444,35,20.0704602672219,33.4025577466323,1,0,1.99680281670966,797.739222131392,768,0,20,20.6,20,3,5,COOLING IN PROGRESS,PCM CAPACITY INSUFFICIENT
13940,232.333333333333,3.87222222222222,35,20.0704602672219,33.4055806282313,1,0,1.99302421471092,797.739222131392,768,0,20,20.6,20,3,5,COOLING IN PROGRESS,PCM CAPACITY INSUFFICIENT
13950,232.5,3.875,35,20.0704602672219,33.4085977895527,1,0,1.98925276305917,797.739222131392,768,0,20,20.6,20,3,5,COOLING IN PROGRESS,PCM CAPACITY INSUFFICIENT
13960,232.666666666667,3.87777777777778,35,20.0704602672219,33.4116092414211,1,0,1.98548844822362,797.739222131392,768,0,20,20.6,20,3,5,COOLING IN PROGRESS,PCM CAPACITY INSUFFICIENT
13970,232.833333333333,3.88055555555556,35,20.0704602672219,33.4146149946407,1,0,1.98173125669914,797.739222131392,768,0,20,20.6,20,3,5,COOLING IN PROGRESS,PCM CAPACITY INSUFFICIENT
13980,233,3.88333333333333,35,20.0704602672219,33.4176150599951,1,0,1.97798117500612,797.739222131392,768,0,20,20.6,20,3,5,COOLING IN PROGRESS,PCM CAPACITY INSUFFICIENT
13990,233.166666666667,3.88611111111111,35,20.0704602672219,33.4206094482477,1,0,1.97423818969037,797.739222131392,768,0,20,20.6,20,3,5,COOLING IN PROGRESS,PCM CAPACITY INSUFFICIENT
14000,233.333333333333,3.88888888888889,35,20.0704602672219,33.4235981701414,1,0,1.97050228732326,797.739222131392,768,0,20,20.6,20,3,5,COOLING IN PROGRESS,PCM CAPACITY INSUFFICIENT
14010,233.5,3.89166666666667,35,20.0704602672219,33.4265812363988,1,0,1.96677345450153,797.739222131392,768,0,20,20.6,20,3,5,COOLING IN PROGRESS,PCM CAPACITY INSUFFICIENT
14020,233.666666666667,3.89444444444444,35,20.0704602672219,33.4295586577221,1,0,1.96305167784733,797.739222131392,768,0,20,20.6,20,3,5,COOLING IN PROGRESS,PCM CAPACITY INSUFFICIENT
14030,233.833333333333,3.89722222222222,35,20.0704602672219,33.4325304447935,1,0,1.95933694400807,797.739222131392,768,0,20,20.6,20,3,5,COOLING IN PROGRESS,PCM CAPACITY INSUFFICIENT
14040,234,3.9,35,20.0704602672219,33.4354966082749,1,0,1.9556292396564,797.739222131392,768,0,20,20.6,20,3,5,COOLING IN PROGRESS,PCM CAPACITY INSUFFICIENT
14050,234.166666666667,3.90277777777778,35,20.0704602672219,33.4384571588078,1,0,1.95192855149024,797.739222131392,768,0,20,20.6,20,3,5,COOLING IN PROGRESS,PCM CAPACITY INSUFFICIENT
14060,234.333333333333,3.90555555555556,35,20.0704602672219,33.4414121070138,1,0,1.94823486623275,797.739222131392,768,0,20,20.6,20,3,5,COOLING IN PROGRESS,PCM CAPACITY INSUFFICIENT
14070,234.5,3.90833333333333,35,20.0704602672219,33.4443614634942,1,0,1.9445481706322,797.739222131392,768,0,20,20.6,20,3,5,COOLING IN PROGRESS,PCM CAPACITY INSUFFICIENT
14080,234.666666666667,3.91111111111111,35,20.0704602672219,33.4473052388306,1,0,1.94086845146174,797.739222131392,768,0,20,20.6,20,3,5,COOLING IN PROGRESS,PCM CAPACITY INSUFFICIENT
14090,234.833333333333,3.91388888888889,35,20.0704602672219,33.4502434435842,1,0,1.93719569551973,797.739222131392,768,0,20,20.6,20,3,5,COOLING IN PROGRESS,PCM CAPACITY INSUFFICIENT
14100,235,3.91666666666667,35,20.0704602672219,33.4531760882964,1,0,1.9335298896295,797.739222131392,768,0,20,20.6,20,3,5,COOLING IN PROGRESS,PCM CAPACITY INSUFFICIENT
14110,235.166666666667,3.91944444444444,35,20.0704602672219,33.4561031834886,1,0,1.92987102063926,797.739222131392,768,0,20,20.6,20,3,5,COOLING IN PROGRESS,PCM CAPACITY INSUFFICIENT
14120,235.333333333333,3.92222222222222,35,20.0704602672219,33.4590247396623,1,0,1.92621907542215,797.739222131392,768,0,20,20.6,20,3,5,COOLING IN PROGRESS,PCM CAPACITY INSUFFICIENT
14130,235.5,3.925,35,20.0704602672219,33.4619407672991,1,0,1.92257404087616,797.739222131392,768,0,20,20.6,20,3,5,COOLING IN PROGRESS,PCM CAPACITY INSUFFICIENT
14140,235.666666666667,3.92777777777778,35,20.0704602672219,33.4648512768608,1,0,1.91893590392405,797.739222131392,768,0,20,20.6,20,3,5,COOLING IN PROGRESS,PCM CAPACITY INSUFFICIENT
14150,235.833333333333,3.93055555555556,35,20.0704602672219,33.4677562787894,1,0,1.91530465151329,797.739222131392,768,0,20,20.6,20,3,5,COOLING IN PROGRESS,PCM CAPACITY INSUFFICIENT
14160,236,3.93333333333333,35,20.0704602672219,33.4706557835072,1,0,1.91168027061602,797.739222131392,768,0,20,20.6,20,3,5,COOLING IN PROGRESS,PCM CAPACITY INSUFFICIENT
14170,236.166666666667,3.93611111111111,35,20.0704602672219,33.4735498014167,1,0,1.90806274822918,797.739222131392,768,0,20,20.6,20,3,5,COOLING IN PROGRESS,PCM CAPACITY INSUFFICIENT
14180,236.333333333333,3.93888888888889,35,20.0704602672219,33.4764383429006,1,0,1.90445207137421,797.739222131392,768,0,20,20.6,20,3,5,COOLING IN PROGRESS,PCM CAPACITY INSUFFICIENT
14190,236.5,3.94166666666667,35,20.0704602672219,33.4793214183223,1,0,1.9008482270971,797.739222131392,768,0,20,20.6,20,3,5,COOLING IN PROGRESS,PCM CAPACITY INSUFFICIENT
14200,236.666666666667,3.94444444444444,35,20.0704602672219,33.4821990380252,1,0,1.8972512024685,797.739222131392,768,0,20,20.6,20,3,5,COOLING IN PROGRESS,PCM CAPACITY INSUFFICIENT
14210,236.833333333333,3.94722222222222,35,20.0704602672219,33.4850712123334,1,0,1.89366098458327,797.739222131392,768,0,20,20.6,20,3,5,COOLING IN PROGRESS,PCM CAPACITY INSUFFICIENT
14220,237,3.95,35,20.0704602672219,33.4879379515513,1,0,1.89007756056089,797.739222131392,768,0,20,20.6,20,3,5,COOLING IN PROGRESS,PCM CAPACITY INSUFFICIENT
14230,237.166666666667,3.95277777777778,35,20.0704602672219,33.4907992659639,1,0,1.88650091754514,797.739222131392,768,0,20,20.6,20,3,5,COOLING IN PROGRESS,PCM CAPACITY INSUFFICIENT
14240,237.333333333333,3.95555555555556,35,20.0704602672219,33.4936551658367,1,0,1.88293104270414,797.739222131392,768,0,20,20.6,20,3,5,COOLING IN PROGRESS,PCM CAPACITY INSUFFICIENT
14250,237.5,3.95833333333333,35,20.0704602672219,33.4965056614157,1,0,1.8793679232304,797.739222131392,768,0,20,20.6,20,3,5,COOLING IN PROGRESS,PCM CAPACITY INSUFFICIENT
14260,237.666666666667,3.96111111111111,35,20.0704602672219,33.4993507629277,1,0,1.8758115463404,797.739222131392,768,0,20,20.6,20,3,5,COOLING IN PROGRESS,PCM CAPACITY INSUFFICIENT
14270,237.833333333333,3.96388888888889,35,20.0704602672219,33.5021904805799,1,0,1.87226189927509,797.739222131392,768,0,20,20.6,20,3,5,COOLING IN PROGRESS,PCM CAPACITY INSUFFICIENT
14280,238,3.96666666666667,35,20.0704602672219,33.5050248245604,1,0,1.86871896929948,797.739222131392,768,0,20,20.6,20,3,5,COOLING IN PROGRESS,PCM CAPACITY INSUFFICIENT
14290,238.166666666667,3.96944444444444,35,20.0704602672219,33.507853805038,1,0,1.86518274370252,797.739222131392,768,0,20,20.6,20,3,5,COOLING IN PROGRESS,PCM CAPACITY INSUFFICIENT
14300,238.333333333333,3.97222222222222,35,20.0704602672219,33.510677432162,1,0,1.86165320979744,797.739222131392,768,0,20,20.6,20,3,5,COOLING IN PROGRESS,PCM CAPACITY INSUFFICIENT
14310,238.5,3.975,35,20.0704602672219,33.5134957160629,1,0,1.85813035492135,797.739222131392,768,0,20,20.6,20,3,5,COOLING IN PROGRESS,PCM CAPACITY INSUFFICIENT
14320,238.666666666667,3.97777777777778,35,20.0704602672219,33.5163086668517,1,0,1.85461416643534,797.739222131392,768,0,20,20.6,20,3,5,COOLING IN PROGRESS,PCM CAPACITY INSUFFICIENT
14330,238.833333333333,3.98055555555556,35,20.0704602672219,33.5191162946205,1,0,1.85110463172433,797.739222131392,768,0,20,20.6,20,3,5,COOLING IN PROGRESS,PCM CAPACITY INSUFFICIENT
14340,239,3.98333333333333,35,20.0704602672219,33.5219186094422,1,0,1.84760173819731,797.739222131392,768,0,20,20.6,20,3,5,COOLING IN PROGRESS,PCM CAPACITY INSUFFICIENT
14350,239.166666666667,3.98611111111111,35,20.0704602672219,33.5247156213704,1,0,1.84410547328701,797.739222131392,768,0,20,20.6,20,3,5,COOLING IN PROGRESS,PCM CAPACITY INSUFFICIENT
14360,239.333333333333,3.98888888888889,35,20.0704602672219,33.5275073404401,1,0,1.84061582444989,797.739222131392,768,0,20,20.6,20,3,5,COOLING IN PROGRESS,PCM CAPACITY INSUFFICIENT
14370,239.5,3.99166666666667,35,20.0704602672219,33.5302937766671,1,0,1.83713277916617,797.739222131392,768,0,20,20.6,20,3,5,COOLING IN PROGRESS,PCM CAPACITY INSUFFICIENT
14380,239.666666666667,3.99444444444444,35,20.0704602672219,33.5330749400481,1,0,1.83365632493985,797.739222131392,768,0,20,20.6,20,3,5,COOLING IN PROGRESS,PCM CAPACITY INSUFFICIENT
14390,239.833333333333,3.99722222222222,35,20.0704602672219,33.5358508405613,1,0,1.83018644929838,797.739222131392,768,0,20,20.6,20,3,5,COOLING IN PROGRESS,PCM CAPACITY INSUFFICIENT
14400,240,4,35,20.0704602672219,33.5386214881656,1,0,1.82672313979301,797.739222131392,768,0,20,20.6,20,3,5,COOLING IN PROGRESS,PCM CAPACITY INSUFFICIENT
14410,240.166666666667,4.00277777777778,35,20.0704602672219,33.5413868928012,1,0,1.82326638399854,797.739222131392,768,0,20,20.6,20,3,5,COOLING IN PROGRESS,PCM CAPACITY INSUFFICIENT
14420,240.333333333333,4.00555555555556,35,20.0704602672219,33.5441470643895,1,0,1.81981616951306,797.739222131392,768,0,20,20.6,20,3,5,COOLING IN PROGRESS,PCM CAPACITY INSUFFICIENT
14430,240.5,4.00833333333333,35,20.0704602672219,33.5469020128333,1,0,1.81637248395838,797.739222131392,768,0,20,20.6,20,3,5,COOLING IN PROGRESS,PCM CAPACITY INSUFFICIENT
14440,240.666666666667,4.01111111111111,35,20.0704602672219,33.5496517480163,1,0,1.81293531497957,797.739222131392,768,0,20,20.6,20,3,5,COOLING IN PROGRESS,PCM CAPACITY INSUFFICIENT
14450,240.833333333333,4.01388888888889,35,20.0704602672219,33.5523962798038,1,0,1.8095046502452,797.739222131392,768,0,20,20.6,20,3,5,COOLING IN PROGRESS,PCM CAPACITY INSUFFICIENT
14460,241,4.01666666666667,35,20.0704602672219,33.5551356180423,1,0,1.80608047744707,797.739222131392,768,0,20,20.6,20,3,5,COOLING IN PROGRESS,PCM CAPACITY INSUFFICIENT
14470,241.166666666667,4.01944444444444,35,20.0704602672219,33.5578697725597,1,0,1.80266278430036,797.739222131392,768,0,20,20.6,20,3,5,COOLING IN PROGRESS,PCM CAPACITY INSUFFICIENT
14480,241.333333333333,4.02222222222222,35,20.0704602672219,33.5605987531652,1,0,1.79925155854345,797.739222131392,768,0,20,20.6,20,3,5,COOLING IN PROGRESS,PCM CAPACITY INSUFFICIENT
14490,241.5,4.025,35,20.0704602672219,33.5633225696497,1,0,1.79584678793793,797.739222131392,768,0,20,20.6,20,3,5,COOLING IN PROGRESS,PCM CAPACITY INSUFFICIENT
14500,241.666666666667,4.02777777777778,35,20.0704602672219,33.5660412317852,1,0,1.79244846026853,797.739222131392,768,0,20,20.6,20,3,5,COOLING IN PROGRESS,PCM CAPACITY INSUFFICIENT
14510,241.833333333333,4.03055555555556,35,20.0704602672219,33.5687547493255,1,0,1.78905656334312,797.739222131392,768,0,20,20.6,20,3,5,COOLING IN PROGRESS,PCM CAPACITY INSUFFICIENT
14520,242,4.03333333333333,35,20.0704602672219,33.5714631320059,1,0,1.78567108499264,797.739222131392,768,0,20,20.6,20,3,5,COOLING IN PROGRESS,PCM CAPACITY INSUFFICIENT
14530,242.166666666667,4.03611111111111,35,20.0704602672219,33.5741663895431,1,0,1.7822920130711,797.739222131392,768,0,20,20.6,20,3,5,COOLING IN PROGRESS,PCM CAPACITY INSUFFICIENT
14540,242.333333333333,4.03888888888889,35,20.0704602672219,33.5768645316357,1,0,1.77891933545543,797.739222131392,768,0,20,20.6,20,3,5,COOLING IN PROGRESS,PCM CAPACITY INSUFFICIENT
14550,242.5,4.04166666666667,35,20.0704602672219,33.5795575679637,1,0,1.77555304004537,797.739222131392,768,0,20,20.6,20,3,5,COOLING IN PROGRESS,PCM CAPACITY INSUFFICIENT
14560,242.666666666667,4.04444444444444,35,20.0704602672219,33.5822455081889,1,0,1.77219311476389,797.739222131392,768,0,20,20.6,20,3,5,COOLING IN PROGRESS,PCM CAPACITY INSUFFICIENT
14570,242.833333333333,4.04722222222222,35,20.0704602672219,33.5849283619548,1,0,1.76883954755656,797.739222131392,768,0,20,20.6,20,3,5,COOLING IN PROGRESS,PCM CAPACITY INSUFFICIENT
14580,243,4.05,35,20.0704602672219,33.5876061388866,1,0,1.7654923263918,797.739222131392,768,0,20,20.6,20,3,5,COOLING IN PROGRESS,PCM CAPACITY INSUFFICIENT
14590,243.166666666667,4.05277777777778,35,20.0704602672219,33.5902788485913,1,0,1.76215143926092,797.739222131392,768,0,20,20.6,20,3,5,COOLING IN PROGRESS,PCM CAPACITY INSUFFICIENT
14600,243.333333333333,4.05555555555556,35,20.0704602672219,33.5929465006578,1,0,1.75881687417776,797.739222131392,768,0,20,20.6,20,3,5,COOLING IN PROGRESS,PCM CAPACITY INSUFFICIENT
14610,243.5,4.05833333333333,35,20.0704602672219,33.5956091046568,1,0,1.75548861917903,797.739222131392,768,0,20,20.6,20,3,5,COOLING IN PROGRESS,PCM CAPACITY INSUFFICIENT
14620,243.666666666667,4.06111111111111,35,20.0704602672219,33.5982666701408,1,0,1.75216666232399,797.739222131392,768,0,20,20.6,20,3,5,COOLING IN PROGRESS,PCM CAPACITY INSUFFICIENT
14630,243.833333333333,4.06388888888889,35,20.0704602672219,33.6009192066444,1,0,1.74885099169445,797.739222131392,768,0,20,20.6,20,3,5,COOLING IN PROGRESS,PCM CAPACITY INSUFFICIENT
14640,244,4.06666666666667,35,20.0704602672219,33.6035667236842,1,0,1.74554159539476,797.739222131392,768,0,20,20.6,20,3,5,COOLING IN PROGRESS,PCM CAPACITY INSUFFICIENT
14650,244.166666666667,4.06944444444444,35,20.0704602672219,33.6062092307584,1,0,1.74223846155195,797.739222131392,768,0,20,20.6,20,3,5,COOLING IN PROGRESS,PCM CAPACITY INSUFFICIENT
14660,244.333333333333,4.07222222222222,35,20.0704602672219,33.6088467373477,1,0,1.73894157831535,797.739222131392,768,0,20,20.6,20,3,5,COOLING IN PROGRESS,PCM CAPACITY INSUFFICIENT
14670,244.5,4.075,35,20.0704602672219,33.6114792529146,1,0,1.7356509338568,797.739222131392,768,0,20,20.6,20,3,5,COOLING IN PROGRESS,PCM CAPACITY INSUFFICIENT
14680,244.666666666667,4.07777777777778,35,20.0704602672219,33.6141067869036,1,0,1.73236651637049,797.739222131392,768,0,20,20.6,20,3,5,COOLING IN PROGRESS,PCM CAPACITY INSUFFICIENT
14690,244.833333333333,4.08055555555556,35,20.0704602672219,33.6167293487416,1,0,1.72908831407301,797.739222131392,768,0,20,20.6,20,3,5,COOLING IN PROGRESS,PCM CAPACITY INSUFFICIENT
14700,245,4.08333333333333,35,20.0704602672219,33.6193469478375,1,0,1.72581631520317,797.739222131392,768,0,20,20.6,20,3,5,COOLING IN PROGRESS,PCM CAPACITY INSUFFICIENT
14710,245.166666666667,4.08611111111111,35,20.0704602672219,33.6219595935824,1,0,1.72255050802203,797.739222131392,768,0,20,20.6,20,3,5,COOLING IN PROGRESS,PCM CAPACITY INSUFFICIENT
14720,245.333333333333,4.08888888888889,35,20.0704602672219,33.6245672953497,1,0,1.71929088081293,797.739222131392,768,0,20,20.6,20,3,5,COOLING IN PROGRESS,PCM CAPACITY INSUFFICIENT
14730,245.5,4.09166666666667,35,20.0704602672219,33.6271700624949,1,0,1.71603742188136,797.739222131392,768,0,20,20.6,20,3,5,COOLING IN PROGRESS,PCM CAPACITY INSUFFICIENT
14740,245.666666666667,4.09444444444444,35,20.0704602672219,33.6297679043561,1,0,1.71279011955485,797.739222131392,768,0,20,20.6,20,3,5,COOLING IN PROGRESS,PCM CAPACITY INSUFFICIENT
14750,245.833333333333,4.09722222222222,35,20.0704602672219,33.6323608302535,1,0,1.70954896218315,797.739222131392,768,0,20,20.6,20,3,5,COOLING IN PROGRESS,PCM CAPACITY INSUFFICIENT
14760,246,4.1,35,20.0704602672219,33.6349488494896,1,0,1.706313938138,797.739222131392,768,0,20,20.6,20,3,5,COOLING IN PROGRESS,PCM CAPACITY INSUFFICIENT
14770,246.166666666667,4.10277777777778,35,20.0704602672219,33.6375319713495,1,0,1.70308503581317,797.739222131392,768,0,20,20.6,20,3,5,COOLING IN PROGRESS,PCM CAPACITY INSUFFICIENT
14780,246.333333333333,4.10555555555556,35,20.0704602672219,33.6401102051005,1,0,1.69986224362434,797.739222131392,768,0,20,20.6,20,3,5,COOLING IN PROGRESS,PCM CAPACITY INSUFFICIENT
14790,246.5,4.10833333333333,35,20.0704602672219,33.6426835599927,1,0,1.69664555000914,797.739222131392,768,0,20,20.6,20,3,5,COOLING IN PROGRESS,PCM CAPACITY INSUFFICIENT
14800,246.666666666667,4.11111111111111,35,20.0704602672219,33.6452520452584,1,0,1.693434943427,797.739222131392,768,0,20,20.6,20,3,5,COOLING IN PROGRESS,PCM CAPACITY INSUFFICIENT
14810,246.833333333333,4.11388888888889,35,20.0704602672219,33.6478156701125,1,0,1.69023041235944,797.739222131392,768,0,20,20.6,20,3,5,COOLING IN PROGRESS,PCM CAPACITY INSUFFICIENT
14820,247,4.11666666666667,35,20.0704602672219,33.6503744437524,1,0,1.68703194530952,797.739222131392,768,0,20,20.6,20,3,5,COOLING IN PROGRESS,PCM CAPACITY INSUFFICIENT
14830,247.166666666667,4.11944444444444,35,20.0704602672219,33.6529283753583,1,0,1.68383953080212,797.739222131392,768,0,20,20.6,20,3,5,COOLING IN PROGRESS,PCM CAPACITY INSUFFICIENT
14840,247.333333333333,4.12222222222222,35,20.0704602672219,33.6554774740929,1,0,1.68065315738386,797.739222131392,768,0,20,20.6,20,3,5,COOLING IN PROGRESS,PCM CAPACITY INSUFFICIENT
14850,247.5,4.125,35,20.0704602672219,33.6580217491016,1,0,1.67747281362304,797.739222131392,768,0,20,20.6,20,3,5,COOLING IN PROGRESS,PCM CAPACITY INSUFFICIENT
14860,247.666666666667,4.12777777777778,35,20.0704602672219,33.6605612095123,1,0,1.67429848810961,797.739222131392,768,0,20,20.6,20,3,5,COOLING IN PROGRESS,PCM CAPACITY INSUFFICIENT
14870,247.833333333333,4.13055555555556,35,20.0704602672219,33.663095864436,1,0,1.67113016945503,797.739222131392,768,0,20,20.6,20,3,5,COOLING IN PROGRESS,PCM CAPACITY INSUFFICIENT
14880,248,4.13333333333333,35,20.0704602672219,33.6656257229661,1,0,1.6679678462924,797.739222131392,768,0,20,20.6,20,3,5,COOLING IN PROGRESS,PCM CAPACITY INSUFFICIENT
14890,248.166666666667,4.13611111111111,35,20.0704602672219,33.668150794179,1,0,1.66481150727625,797.739222131392,768,0,20,20.6,20,3,5,COOLING IN PROGRESS,PCM CAPACITY INSUFFICIENT
14900,248.333333333333,4.13888888888889,35,20.0704602672219,33.6706710871338,1,0,1.66166114108274,797.739222131392,768,0,20,20.6,20,3,5,COOLING IN PROGRESS,PCM CAPACITY INSUFFICIENT
14910,248.5,4.14166666666667,35,20.0704602672219,33.6731866108726,1,0,1.6585167364092,797.739222131392,768,0,20,20.6,20,3,5,COOLING IN PROGRESS,PCM CAPACITY INSUFFICIENT
14920,248.666666666667,4.14444444444444,35,20.0704602672219,33.6756973744203,1,0,1.65537828197461,797.739222131392,768,0,20,20.6,20,3,5,COOLING IN PROGRESS,PCM CAPACITY INSUFFICIENT
14930,248.833333333333,4.14722222222222,35,20.0704602672219,33.6782033867847,1,0,1.65224576651907,797.739222131392,768,0,20,20.6,20,3,5,COOLING IN PROGRESS,PCM CAPACITY INSUFFICIENT
14940,249,4.15,35,20.0704602672219,33.6807046569567,1,0,1.64911917880414,797.739222131392,768,0,20,20.6,20,3,5,COOLING IN PROGRESS,PCM CAPACITY INSUFFICIENT
14950,249.166666666667,4.15277777777778,35,20.0704602672219,33.6832011939099,1,0,1.64599850761263,797.739222131392,768,0,20,20.6,20,3,5,COOLING IN PROGRESS,PCM CAPACITY INSUFFICIENT
14960,249.333333333333,4.15555555555556,35,20.0704602672219,33.6856930066012,1,0,1.6428837417485,797.739222131392,768,0,20,20.6,20,3,5,COOLING IN PROGRESS,PCM CAPACITY INSUFFICIENT
14970,249.5,4.15833333333333,35,20.0704602672219,33.6881801039704,1,0,1.63977487003702,797.739222131392,768,0,20,20.6,20,3,5,COOLING IN PROGRESS,PCM CAPACITY INSUFFICIENT
14980,249.666666666667,4.16111111111111,35,20.0704602672219,33.6906624949404,1,0,1.63667188132445,797.739222131392,768,0,20,20.6,20,3,5,COOLING IN PROGRESS,PCM CAPACITY INSUFFICIENT
14990,249.833333333333,4.16388888888889,35,20.0704602672219,33.6931401884173,1,0,1.63357476447832,797.739222131392,768,0,20,20.6,20,3,5,COOLING IN PROGRESS,PCM CAPACITY INSUFFICIENT
15000,250,4.16666666666667,35,20.0704602672219,33.6956131932904,1,0,1.63048350838703,797.739222131392,768,0,20,20.6,20,3,5,COOLING IN PROGRESS,PCM CAPACITY INSUFFICIENT
15010,250.166666666667,4.16944444444444,35,20.0704602672219,33.6980815184318,1,0,1.62739810196022,797.739222131392,768,0,20,20.6,20,3,5,COOLING IN PROGRESS,PCM CAPACITY INSUFFICIENT
15020,250.333333333333,4.17222222222222,35,20.0704602672219,33.7005451726973,1,0,1.62431853412834,797.739222131392,768,0,20,20.6,20,3,5,COOLING IN PROGRESS,PCM CAPACITY INSUFFICIENT
15030,250.5,4.175,35,20.0704602672219,33.7030041649257,1,0,1.62124479384293,797.739222131392,768,0,20,20.6,20,3,5,COOLING IN PROGRESS,PCM CAPACITY INSUFFICIENT
15040,250.666666666667,4.17777777777778,35,20.0704602672219,33.7054585039389,1,0,1.61817687007639,797.739222131392,768,0,20,20.6,20,3,5,COOLING IN PROGRESS,PCM CAPACITY INSUFFICIENT
15050,250.833333333333,4.18055555555556,35,20.0704602672219,33.7079081985425,1,0,1.61511475182193,797.739222131392,768,0,20,20.6,20,3,5,COOLING IN PROGRESS,PCM CAPACITY INSUFFICIENT
15060,251,4.18333333333333,35,20.0704602672219,33.7103532575251,1,0,1.61205842809365,797.739222131392,768,0,20,20.6,20,3,5,COOLING IN PROGRESS,PCM CAPACITY INSUFFICIENT
15070,251.166666666667,4.18611111111111,35,20.0704602672219,33.7127936896589,1,0,1.60900788792632,797.739222131392,768,0,20,20.6,20,3,5,COOLING IN PROGRESS,PCM CAPACITY INSUFFICIENT
15080,251.333333333333,4.18888888888889,35,20.0704602672219,33.7152295036995,1,0,1.60596312037566,797.739222131392,768,0,20,20.6,20,3,5,COOLING IN PROGRESS,PCM CAPACITY INSUFFICIENT
15090,251.5,4.19166666666667,35,20.0704602672219,33.7176607083856,1,0,1.60292411451801,797.739222131392,768,0,20,20.6,20,3,5,COOLING IN PROGRESS,PCM CAPACITY INSUFFICIENT
15100,251.666666666667,4.19444444444444,35,20.0704602672219,33.7200873124398,1,0,1.5998908594503,797.739222131392,768,0,20,20.6,20,3,5,COOLING IN PROGRESS,PCM CAPACITY INSUFFICIENT
15110,251.833333333333,4.19722222222222,35,20.0704602672219,33.7225093245678,1,0,1.59686334429026,797.739222131392,768,0,20,20.6,20,3,5,COOLING IN PROGRESS,PCM CAPACITY INSUFFICIENT
15120,252,4.2,35,20.0704602672219,33.7249267534593,1,0,1.59384155817593,797.739222131392,768,0,20,20.6,20,3,5,COOLING IN PROGRESS,PCM CAPACITY INSUFFICIENT
15130,252.166666666667,4.20277777777778,35,20.0704602672219,33.727339607787,1,0,1.59082549026627,797.739222131392,768,0,20,20.6,20,3,5,COOLING IN PROGRESS,PCM CAPACITY INSUFFICIENT
15140,252.333333333333,4.20555555555556,35,20.0704602672219,33.7297478962076,1,0,1.58781512974056,797.739222131392,768,0,20,20.6,20,3,5,COOLING IN PROGRESS,PCM CAPACITY INSUFFICIENT
15150,252.5,4.20833333333333,35,20.0704602672219,33.7321516273613,1,0,1.58481046579843,797.739222131392,768,0,20,20.6,20,3,5,COOLING IN PROGRESS,PCM CAPACITY INSUFFICIENT
15160,252.666666666667,4.21111111111111,35,20.0704602672219,33.7345508098719,1,0,1.58181148766016,797.739222131392,768,0,20,20.6,20,3,5,COOLING IN PROGRESS,PCM CAPACITY INSUFFICIENT
15170,252.833333333333,4.21388888888889,35,20.0704602672219,33.7369454523469,1,0,1.57881818456636,797.739222131392,768,0,20,20.6,20,3,5,COOLING IN PROGRESS,PCM CAPACITY INSUFFICIENT
15180,253,4.21666666666667,35,20.0704602672219,33.7393355633776,1,0,1.57583054577804,797.739222131392,768,0,20,20.6,20,3,5,COOLING IN PROGRESS,PCM CAPACITY INSUFFICIENT
15190,253.166666666667,4.21944444444444,35,20.0704602672219,33.7417211515388,1,0,1.57284856057645,797.739222131392,768,0,20,20.6,20,3,5,COOLING IN PROGRESS,PCM CAPACITY INSUFFICIENT
15200,253.333333333333,4.22222222222222,35,20.0704602672219,33.7441022253895,1,0,1.56987221826311,797.739222131392,768,0,20,20.6,20,3,5,COOLING IN PROGRESS,PCM CAPACITY INSUFFICIENT
15210,253.5,4.225,35,20.0704602672219,33.7464787934721,1,0,1.56690150815987,797.739222131392,768,0,20,20.6,20,3,5,COOLING IN PROGRESS,PCM CAPACITY INSUFFICIENT
15220,253.666666666667,4.22777777777778,35,20.0704602672219,33.748850864313,1,0,1.56393641960878,797.739222131392,768,0,20,20.6,20,3,5,COOLING IN PROGRESS,PCM CAPACITY INSUFFICIENT
15230,253.833333333333,4.23055555555556,35,20.0704602672219,33.7512184464224,1,0,1.56097694197204,797.739222131392,768,0,20,20.6,20,3,5,COOLING IN PROGRESS,PCM CAPACITY INSUFFICIENT
15240,254,4.23333333333333,35,20.0704602672219,33.7535815482945,1,0,1.55802306463189,797.739222131392,768,0,20,20.6,20,3,5,COOLING IN PROGRESS,PCM CAPACITY INSUFFICIENT
15250,254.166666666667,4.23611111111111,35,20.0704602672219,33.7559401784073,1,0,1.55507477699086,797.739222131392,768,0,20,20.6,20,3,5,COOLING IN PROGRESS,PCM CAPACITY INSUFFICIENT
15260,254.333333333333,4.23888888888889,35,20.0704602672219,33.7582943452229,1,0,1.55213206847137,797.739222131392,768,0,20,20.6,20,3,5,COOLING IN PROGRESS,PCM CAPACITY INSUFFICIENT
15270,254.5,4.24166666666667,35,20.0704602672219,33.7606440571873,1,0,1.54919492851583,797.739222131392,768,0,20,20.6,20,3,5,COOLING IN PROGRESS,PCM CAPACITY INSUFFICIENT
15280,254.666666666667,4.24444444444444,35,20.0704602672219,33.7629893227305,1,0,1.54626334658682,797.739222131392,768,0,20,20.6,20,3,5,COOLING IN PROGRESS,PCM CAPACITY INSUFFICIENT
15290,254.833333333333,4.24722222222222,35,20.0704602672219,33.7653301502667,1,0,1.54333731216664,797.739222131392,768,0,20,20.6,20,3,5,COOLING IN PROGRESS,PCM CAPACITY INSUFFICIENT
15300,255,4.25,35,20.0704602672219,33.7676665481939,1,0,1.54041681475762,797.739222131392,768,0,20,20.6,20,3,5,COOLING IN PROGRESS,PCM CAPACITY INSUFFICIENT
15310,255.166666666667,4.25277777777778,35,20.0704602672219,33.7699985248944,1,0,1.53750184388201,797.739222131392,768,0,20,20.6,20,3,5,COOLING IN PROGRESS,PCM CAPACITY INSUFFICIENT
15320,255.333333333333,4.25555555555556,35,20.0704602672219,33.7723260887347,1,0,1.53459238908168,797.739222131392,768,0,20,20.6,20,3,5,COOLING IN PROGRESS,PCM CAPACITY INSUFFICIENT
15330,255.5,4.25833333333333,35,20.0704602672219,33.7746492480653,1,0,1.53168843991843,797.739222131392,768,0,20,20.6,20,3,5,COOLING IN PROGRESS,PCM CAPACITY INSUFFICIENT
15340,255.666666666667,4.26111111111111,35,20.0704602672219,33.7769680112209,1,0,1.52878998597387,797.739222131392,768,0,20,20.6,20,3,5,COOLING IN PROGRESS,PCM CAPACITY INSUFFICIENT
15350,255.833333333333,4.26388888888889,35,20.0704602672219,33.7792823865206,1,0,1.52589701684922,797.739222131392,768,0,20,20.6,20,3,5,COOLING IN PROGRESS,PCM CAPACITY INSUFFICIENT
15360,256,4.26666666666667,35,20.0704602672219,33.7815923822677,1,0,1.52300952216541,797.739222131392,768,0,20,20.6,20,3,5,COOLING IN PROGRESS,PCM CAPACITY INSUFFICIENT
15370,256.166666666667,4.26944444444444,35,20.0704602672219,33.7838980067495,1,0,1.52012749156308,797.739222131392,768,0,20,20.6,20,3,5,COOLING IN PROGRESS,PCM CAPACITY INSUFFICIENT
15380,256.333333333333,4.27222222222222,35,20.0704602672219,33.7861992682381,1,0,1.51725091470237,797.739222131392,768,0,20,20.6,20,3,5,COOLING IN PROGRESS,PCM CAPACITY INSUFFICIENT
15390,256.5,4.275,35,20.0704602672219,33.7884961749896,1,0,1.51437978126295,797.739222131392,768,0,20,20.6,20,3,5,COOLING IN PROGRESS,PCM CAPACITY INSUFFICIENT
15400,256.666666666667,4.27777777777778,35,20.0704602672219,33.7907887352447,1,0,1.51151408094417,797.739222131392,768,0,20,20.6,20,3,5,COOLING IN PROGRESS,PCM CAPACITY INSUFFICIENT
15410,256.833333333333,4.28055555555556,35,20.0704602672219,33.7930769572282,1,0,1.50865380346477,797.739222131392,768,0,20,20.6,20,3,5,COOLING IN PROGRESS,PCM CAPACITY INSUFFICIENT
15420,257,4.28333333333333,35,20.0704602672219,33.7953608491496,1,0,1.50579893856299,797.739222131392,768,0,20,20.6,20,3,5,COOLING IN PROGRESS,PCM CAPACITY INSUFFICIENT
15430,257.166666666667,4.28611111111111,35,20.0704602672219,33.7976404192029,1,0,1.5029494759964,797.739222131392,768,0,20,20.6,20,3,5,COOLING IN PROGRESS,PCM CAPACITY INSUFFICIENT
15440,257.333333333333,4.28888888888889,35,20.0704602672219,33.7999156755663,1,0,1.50010540554213,797.739222131392,768,0,20,20.6,20,3,5,COOLING IN PROGRESS,PCM CAPACITY INSUFFICIENT
15450,257.5,4.29166666666667,35,20.0704602672219,33.8021866264029,1,0,1.49726671699643,797.739222131392,768,0,20,20.6,20,3,5,COOLING IN PROGRESS,PCM CAPACITY INSUFFICIENT
15460,257.666666666667,4.29444444444444,35,20.0704602672219,33.8044532798599,1,0,1.4944334001751,797.739222131392,768,0,20,20.6,20,3,5,COOLING IN PROGRESS,PCM CAPACITY INSUFFICIENT
15470,257.833333333333,4.29722222222222,35,20.0704602672219,33.8067156440696,1,0,1.49160544491295,797.739222131392,768,0,20,20.6,20,3,5,COOLING IN PROGRESS,PCM CAPACITY INSUFFICIENT
15480,258,4.3,35,20.0704602672219,33.8089737271486,1,0,1.48878284106424,797.739222131392,768,0,20,20.6,20,3,5,COOLING IN PROGRESS,PCM CAPACITY INSUFFICIENT
15490,258.166666666667,4.30277777777778,35,20.0704602672219,33.8112275371981,1,0,1.48596557850238,797.739222131392,768,0,20,20.6,20,3,5,COOLING IN PROGRESS,PCM CAPACITY INSUFFICIENT
15500,258.333333333333,4.30555555555556,35,20.0704602672219,33.8134770823041,1,0,1.48315364711988,797.739222131392,768,0,20,20.6,20,3,5,COOLING IN PROGRESS,PCM CAPACITY INSUFFICIENT
15510,258.5,4.30833333333333,35,20.0704602672219,33.8157223705373,1,0,1.48034703682837,797.739222131392,768,0,20,20.6,20,3,5,COOLING IN PROGRESS,PCM CAPACITY INSUFFICIENT
15520,258.666666666667,4.31111111111111,35,20.0704602672219,33.8179634099531,1,0,1.47754573755863,797.739222131392,768,0,20,20.6,20,3,5,COOLING IN PROGRESS,PCM CAPACITY INSUFFICIENT
15530,258.833333333333,4.31388888888889,35,20.0704602672219,33.8202002085916,1,0,1.47474973926046,797.739222131392,768,0,20,20.6,20,3,5,COOLING IN PROGRESS,PCM CAPACITY INSUFFICIENT
15540,259,4.31666666666667,35,20.0704602672219,33.8224327744778,1,0,1.47195903190275,797.739222131392,768,0,20,20.6,20,3,5,COOLING IN PROGRESS,PCM CAPACITY INSUFFICIENT
15550,259.166666666667,4.31944444444444,35,20.0704602672219,33.8246611156213,1,0,1.46917360547334,797.739222131392,768,0,20,20.6,20,3,5,COOLING IN PROGRESS,PCM CAPACITY INSUFFICIENT
15560,259.333333333333,4.32222222222222,35,20.0704602672219,33.8268852400168,1,0,1.46639344997894,797.739222131392,768,0,20,20.6,20,3,5,COOLING IN PROGRESS,PCM CAPACITY INSUFFICIENT
15570,259.5,4.325,35,20.0704602672219,33.8291051556439,1,0,1.46361855544518,797.739222131392,768,0,20,20.6,20,3,5,COOLING IN PROGRESS,PCM CAPACITY INSUFFICIENT
15580,259.666666666667,4.32777777777778,35,20.0704602672219,33.8313208704667,1,0,1.46084891191666,797.739222131392,768,0,20,20.6,20,3,5,COOLING IN PROGRESS,PCM CAPACITY INSUFFICIENT
15590,259.833333333333,4.33055555555556,35,20.0704602672219,33.8335323924346,1,0,1.45808450945677,797.739222131392,768,0,20,20.6,20,3,5,COOLING IN PROGRESS,PCM CAPACITY INSUFFICIENT
15600,260,4.33333333333333,35,20.0704602672219,33.8357397294819,1,0,1.45532533814767,797.739222131392,768,0,20,20.6,20,3,5,COOLING IN PROGRESS,PCM CAPACITY INSUFFICIENT
15610,260.166666666667,4.33611111111111,35,20.0704602672219,33.8379428895277,1,0,1.45257138809036,797.739222131392,768,0,20,20.6,20,3,5,COOLING IN PROGRESS,PCM CAPACITY INSUFFICIENT
15620,260.333333333333,4.33888888888889,35,20.0704602672219,33.8401418804764,1,0,1.44982264940449,797.739222131392,768,0,20,20.6,20,3,5,COOLING IN PROGRESS,PCM CAPACITY INSUFFICIENT
15630,260.5,4.34166666666667,35,20.0704602672219,33.8423367102172,1,0,1.44707911222848,797.739222131392,768,0,20,20.6,20,3,5,COOLING IN PROGRESS,PCM CAPACITY INSUFFICIENT
15640,260.666666666667,4.34444444444444,35,20.0704602672219,33.8445273866246,1,0,1.4443407667193,797.739222131392,768,0,20,20.6,20,3,5,COOLING IN PROGRESS,PCM CAPACITY INSUFFICIENT
15650,260.833333333333,4.34722222222222,35,20.0704602672219,33.8467139175578,1,0,1.44160760305272,797.739222131392,768,0,20,20.6,20,3,5,COOLING IN PROGRESS,PCM CAPACITY INSUFFICIENT
15660,261,4.35,35,20.0704602672219,33.8488963108616,1,0,1.43887961142295,797.739222131392,768,0,20,20.6,20,3,5,COOLING IN PROGRESS,PCM CAPACITY INSUFFICIENT
15670,261.166666666667,4.35277777777778,35,20.0704602672219,33.8510745743658,1,0,1.43615678204276,797.739222131392,768,0,20,20.6,20,3,5,COOLING IN PROGRESS,PCM CAPACITY INSUFFICIENT
15680,261.333333333333,4.35555555555556,35,20.0704602672219,33.8532487158851,1,0,1.43343910514357,797.739222131392,768,0,20,20.6,20,3,5,COOLING IN PROGRESS,PCM CAPACITY INSUFFICIENT
15690,261.5,4.35833333333333,35,20.0704602672219,33.8554187432198,1,0,1.4307265709752,797.739222131392,768,0,20,20.6,20,3,5,COOLING IN PROGRESS,PCM CAPACITY INSUFFICIENT
15700,261.666666666667,4.36111111111111,35,20.0704602672219,33.8575846641552,1,0,1.42801916980597,797.739222131392,768,0,20,20.6,20,3,5,COOLING IN PROGRESS,PCM CAPACITY INSUFFICIENT
15710,261.833333333333,4.36388888888889,35,20.0704602672219,33.8597464864621,1,0,1.42531689192243,797.739222131392,768,0,20,20.6,20,3,5,COOLING IN PROGRESS,PCM CAPACITY INSUFFICIENT
15720,262,4.36666666666667,35,20.0704602672219,33.8619042178962,1,0,1.42261972762978,797.739222131392,768,0,20,20.6,20,3,5,COOLING IN PROGRESS,PCM CAPACITY INSUFFICIENT
15730,262.166666666667,4.36944444444444,35,20.0704602672219,33.8640578661989,1,0,1.41992766725139,797.739222131392,768,0,20,20.6,20,3,5,COOLING IN PROGRESS,PCM CAPACITY INSUFFICIENT
15740,262.333333333333,4.37222222222222,35,20.0704602672219,33.8662074390968,1,0,1.41724070112902,797.739222131392,768,0,20,20.6,20,3,5,COOLING IN PROGRESS,PCM CAPACITY INSUFFICIENT
15750,262.5,4.375,35,20.0704602672219,33.8683529443019,1,0,1.41455881962264,797.739222131392,768,0,20,20.6,20,3,5,COOLING IN PROGRESS,PCM CAPACITY INSUFFICIENT
15760,262.666666666667,4.37777777777778,35,20.0704602672219,33.8704943895116,1,0,1.41188201311055,797.739222131392,768,0,20,20.6,20,3,5,COOLING IN PROGRESS,PCM CAPACITY INSUFFICIENT
15770,262.833333333333,4.38055555555556,35,20.0704602672219,33.8726317824087,1,0,1.40921027198916,797.739222131392,768,0,20,20.6,20,3,5,COOLING IN PROGRESS,PCM CAPACITY INSUFFICIENT
15780,263,4.38333333333333,35,20.0704602672219,33.8747651306615,1,0,1.40654358667307,797.739222131392,768,0,20,20.6,20,3,5,COOLING IN PROGRESS,PCM CAPACITY INSUFFICIENT
15790,263.166666666667,4.38611111111111,35,20.0704602672219,33.8768944419239,1,0,1.4038819475951,797.739222131392,768,0,20,20.6,20,3,5,COOLING IN PROGRESS,PCM CAPACITY INSUFFICIENT
15800,263.333333333333,4.38888888888889,35,20.0704602672219,33.8790197238351,1,0,1.40122534520616,797.739222131392,768,0,20,20.6,20,3,5,COOLING IN PROGRESS,PCM CAPACITY INSUFFICIENT
15810,263.5,4.39166666666667,35,20.0704602672219,33.8811409840199,1,0,1.39857376997511,797.739222131392,768,0,20,20.6,20,3,5,COOLING IN PROGRESS,PCM CAPACITY INSUFFICIENT
15820,263.666666666667,4.39444444444444,35,20.0704602672219,33.8832582300889,1,0,1.39592721238891,797.739222131392,768,0,20,20.6,20,3,5,COOLING IN PROGRESS,PCM CAPACITY INSUFFICIENT
15830,263.833333333333,4.39722222222222,35,20.0704602672219,33.8853714696379,1,0,1.39328566295262,797.739222131392,768,0,20,20.6,20,3,5,COOLING IN PROGRESS,PCM CAPACITY INSUFFICIENT
15840,264,4.4,35,20.0704602672219,33.8874807102487,1,0,1.39064911218917,797.739222131392,768,0,20,20.6,20,3,5,COOLING IN PROGRESS,PCM CAPACITY INSUFFICIENT
15850,264.166666666667,4.40277777777778,35,20.0704602672219,33.8895859594885,1,0,1.38801755063941,797.739222131392,768,0,20,20.6,20,3,5,COOLING IN PROGRESS,PCM CAPACITY INSUFFICIENT
15860,264.333333333333,4.40555555555556,35,20.0704602672219,33.8916872249103,1,0,1.38539096886218,797.739222131392,768,0,20,20.6,20,3,5,COOLING IN PROGRESS,PCM CAPACITY INSUFFICIENT
15870,264.5,4.40833333333333,35,20.0704602672219,33.8937845140527,1,0,1.38276935743409,797.739222131392,768,0,20,20.6,20,3,5,COOLING IN PROGRESS,PCM CAPACITY INSUFFICIENT
15880,264.666666666667,4.41111111111111,35,20.0704602672219,33.8958778344403,1,0,1.38015270694959,797.739222131392,768,0,20,20.6,20,3,5,COOLING IN PROGRESS,PCM CAPACITY INSUFFICIENT
15890,264.833333333333,4.41388888888889,35,20.0704602672219,33.8979671935832,1,0,1.37754100802095,797.739222131392,768,0,20,20.6,20,3,5,COOLING IN PROGRESS,PCM CAPACITY INSUFFICIENT
15900,265,4.41666666666667,35,20.0704602672219,33.9000525989773,1,0,1.37493425127832,797.739222131392,768,0,20,20.6,20,3,5,COOLING IN PROGRESS,PCM CAPACITY INSUFFICIENT
15910,265.166666666667,4.41944444444444,35,20.0704602672219,33.9021340581045,1,0,1.37233242736937,797.739222131392,768,0,20,20.6,20,3,5,COOLING IN PROGRESS,PCM CAPACITY INSUFFICIENT
15920,265.333333333333,4.42222222222222,35,20.0704602672219,33.9042115784324,1,0,1.36973552695956,797.739222131392,768,0,20,20.6,20,3,5,COOLING IN PROGRESS,PCM CAPACITY INSUFFICIENT
15930,265.5,4.425,35,20.0704602672219,33.9062851674143,1,0,1.36714354073212,797.739222131392,768,0,20,20.6,20,3,5,COOLING IN PROGRESS,PCM CAPACITY INSUFFICIENT
15940,265.666666666667,4.42777777777778,35,20.0704602672219,33.9083548324898,1,0,1.36455645938771,797.739222131392,768,0,20,20.6,20,3,5,COOLING IN PROGRESS,PCM CAPACITY INSUFFICIENT
15950,265.833333333333,4.43055555555556,35,20.0704602672219,33.9104205810842,1,0,1.36197427364469,797.739222131392,768,0,20,20.6,20,3,5,COOLING IN PROGRESS,PCM CAPACITY INSUFFICIENT
15960,266,4.43333333333333,35,20.0704602672219,33.9124824206088,1,0,1.35939697423902,797.739222131392,768,0,20,20.6,20,3,5,COOLING IN PROGRESS,PCM CAPACITY INSUFFICIENT
15970,266.166666666667,4.43611111111111,35,20.0704602672219,33.9145403584606,1,0,1.35682455192423,797.739222131392,768,0,20,20.6,20,3,5,COOLING IN PROGRESS,PCM CAPACITY INSUFFICIENT
15980,266.333333333333,4.43888888888889,35,20.0704602672219,33.9165944020231,1,0,1.35425699747119,797.739222131392,768,0,20,20.6,20,3,5,COOLING IN PROGRESS,PCM CAPACITY INSUFFICIENT
15990,266.5,4.44166666666667,35,20.0704602672219,33.9186445586653,1,0,1.35169430166831,797.739222131392,768,0,20,20.6,20,3,5,COOLING IN PROGRESS,PCM CAPACITY INSUFFICIENT
16000,266.666666666667,4.44444444444444,35,20.0704602672219,33.9206908357428,1,0,1.34913645532149,797.739222131392,768,0,20,20.6,20,3,5,COOLING IN PROGRESS,PCM CAPACITY INSUFFICIENT
16010,266.833333333333,4.44722222222222,35,20.0704602672219,33.9227332405968,1,0,1.346583449254,797.739222131392,768,0,20,20.6,20,3,5,COOLING IN PROGRESS,PCM CAPACITY INSUFFICIENT
16020,267,4.45,35,20.0704602672219,33.9247717805549,1,0,1.34403527430636,797.739222131392,768,0,20,20.6,20,3,5,COOLING IN PROGRESS,PCM CAPACITY INSUFFICIENT
16030,267.166666666667,4.45277777777778,35,20.0704602672219,33.9268064629307,1,0,1.34149192133657,797.739222131392,768,0,20,20.6,20,3,5,COOLING IN PROGRESS,PCM CAPACITY INSUFFICIENT
16040,267.333333333333,4.45555555555556,35,20.0704602672219,33.9288372950241,1,0,1.3389533812199,797.739222131392,768,0,20,20.6,20,3,5,COOLING IN PROGRESS,PCM CAPACITY INSUFFICIENT
16050,267.5,4.45833333333333,35,20.0704602672219,33.9308642841209,1,0,1.33641964484887,797.739222131392,768,0,20,20.6,20,3,5,COOLING IN PROGRESS,PCM CAPACITY INSUFFICIENT
16060,267.666666666667,4.46111111111111,35,20.0704602672219,33.9328874374935,1,0,1.33389070313315,797.739222131392,768,0,20,20.6,20,3,5,COOLING IN PROGRESS,PCM CAPACITY INSUFFICIENT
16070,267.833333333333,4.46388888888889,35,20.0704602672219,33.9349067624002,1,0,1.3313665469998,797.739222131392,768,0,20,20.6,20,3,5,COOLING IN PROGRESS,PCM CAPACITY INSUFFICIENT
16080,268,4.46666666666667,35,20.0704602672219,33.9369222660857,1,0,1.32884716739282,797.739222131392,768,0,20,20.6,20,3,5,COOLING IN PROGRESS,PCM CAPACITY INSUFFICIENT
16090,268.166666666667,4.46944444444444,35,20.0704602672219,33.9389339557812,1,0,1.32633255527352,797.739222131392,768,0,20,20.6,20,3,5,COOLING IN PROGRESS,PCM CAPACITY INSUFFICIENT
16100,268.333333333333,4.47222222222222,35,20.0704602672219,33.9409418387038,1,0,1.32382270162022,797.739222131392,768,0,20,20.6,20,3,5,COOLING IN PROGRESS,PCM CAPACITY INSUFFICIENT
16110,268.5,4.475,35,20.0704602672219,33.9429459220572,1,0,1.32131759742846,797.739222131392,768,0,20,20.6,20,3,5,COOLING IN PROGRESS,PCM CAPACITY INSUFFICIENT
16120,268.666666666667,4.47777777777778,35,20.0704602672219,33.9449462130315,1,0,1.31881723371057,797.739222131392,768,0,20,20.6,20,3,5,COOLING IN PROGRESS,PCM CAPACITY INSUFFICIENT
16130,268.833333333333,4.48055555555556,35,20.0704602672219,33.9469427188031,1,0,1.31632160149612,797.739222131392,768,0,20,20.6,20,3,5,COOLING IN PROGRESS,PCM CAPACITY INSUFFICIENT
16140,269,4.48333333333333,35,20.0704602672219,33.9489354465348,1,0,1.31383069183149,797.739222131392,768,0,20,20.6,20,3,5,COOLING IN PROGRESS,PCM CAPACITY INSUFFICIENT
16150,269.166666666667,4.48611111111111,35,20.0704602672219,33.9509244033759,1,0,1.31134449578018,797.739222131392,768,0,20,20.6,20,3,5,COOLING IN PROGRESS,PCM CAPACITY INSUFFICIENT
16160,269.333333333333,4.48888888888889,35,20.0704602672219,33.9529095964621,1,0,1.3088630044224,797.739222131392,768,0,20,20.6,20,3,5,COOLING IN PROGRESS,PCM CAPACITY INSUFFICIENT
16170,269.5,4.49166666666667,35,20.0704602672219,33.9548910329157,1,0,1.30638620885538,797.739222131392,768,0,20,20.6,20,3,5,COOLING IN PROGRESS,PCM CAPACITY INSUFFICIENT
16180,269.666666666667,4.49444444444444,35,20.0704602672219,33.9568687198454,1,0,1.30391410019319,797.739222131392,768,0,20,20.6,20,3,5,COOLING IN PROGRESS,PCM CAPACITY INSUFFICIENT
16190,269.833333333333,4.49722222222222,35,20.0704602672219,33.9588426643467,1,0,1.30144666956661,797.739222131392,768,0,20,20.6,20,3,5,COOLING IN PROGRESS,PCM CAPACITY INSUFFICIENT
16200,270,4.5,35,20.0704602672219,33.9608128735014,1,0,1.29898390812327,797.739222131392,768,0,20,20.6,20,3,5,COOLING IN PROGRESS,PCM CAPACITY INSUFFICIENT
16210,270.166666666667,4.50277777777778,35,20.0704602672219,33.9627793543779,1,0,1.29652580702763,797.739222131392,768,0,20,20.6,20,3,5,COOLING IN PROGRESS,PCM CAPACITY INSUFFICIENT
16220,270.333333333333,4.50555555555556,35,20.0704602672219,33.9647421140314,1,0,1.29407235746072,797.739222131392,768,0,20,20.6,20,3,5,COOLING IN PROGRESS,PCM CAPACITY INSUFFICIENT
16230,270.5,4.50833333333333,35,20.0704602672219,33.9667011595037,1,0,1.29162355062036,797.739222131392,768,0,20,20.6,20,3,5,COOLING IN PROGRESS,PCM CAPACITY INSUFFICIENT
16240,270.666666666667,4.51111111111111,35,20.0704602672219,33.9686564978232,1,0,1.28917937772098,797.739222131392,768,0,20,20.6,20,3,5,COOLING IN PROGRESS,PCM CAPACITY INSUFFICIENT
16250,270.833333333333,4.51388888888889,35,20.0704602672219,33.9706081360051,1,0,1.28673982999363,797.739222131392,768,0,20,20.6,20,3,5,COOLING IN PROGRESS,PCM CAPACITY INSUFFICIENT
16260,271,4.51666666666667,35,20.0704602672219,33.9725560810512,1,0,1.28430489868604,797.739222131392,768,0,20,20.6,20,3,5,COOLING IN PROGRESS,PCM CAPACITY INSUFFICIENT
16270,271.166666666667,4.51944444444444,35,20.0704602672219,33.9745003399501,1,0,1.2818745750624,797.739222131392,768,0,20,20.6,20,3,5,COOLING IN PROGRESS,PCM CAPACITY INSUFFICIENT
16280,271.333333333333,4.52222222222222,35,20.0704602672219,33.9764409196772,1,0,1.27944885040349,797.739222131392,768,0,20,20.6,20,3,5,COOLING IN PROGRESS,PCM CAPACITY INSUFFICIENT
16290,271.5,4.525,35,20.0704602672219,33.9783778271948,1,0,1.27702771600654,797.739222131392,768,0,20,20.6,20,3,5,COOLING IN PROGRESS,PCM CAPACITY INSUFFICIENT
16300,271.666666666667,4.52777777777778,35,20.0704602672219,33.9803110694518,1,0,1.27461116318528,797.739222131392,768,0,20,20.6,20,3,5,COOLING IN PROGRESS,PCM CAPACITY INSUFFICIENT
16310,271.833333333333,4.53055555555556,35,20.0704602672219,33.9822406533841,1,0,1.27219918326992,797.739222131392,768,0,20,20.6,20,3,5,COOLING IN PROGRESS,PCM CAPACITY INSUFFICIENT
16320,272,4.53333333333333,35,20.0704602672219,33.9841665859145,1,0,1.26979176760694,797.739222131392,768,0,20,20.6,20,3,5,COOLING IN PROGRESS,PCM CAPACITY INSUFFICIENT
16330,272.166666666667,4.53611111111111,35,20.0704602672219,33.9860888739525,1,0,1.26738890755938,797.739222131392,768,0,20,20.6,20,3,5,COOLING IN PROGRESS,PCM CAPACITY INSUFFICIENT
16340,272.333333333333,4.53888888888889,35,20.0704602672219,33.9880075243948,1,0,1.26499059450653,797.739222131392,768,0,20,20.6,20,3,5,COOLING IN PROGRESS,PCM CAPACITY INSUFFICIENT
16350,272.5,4.54166666666667,35,20.0704602672219,33.9899225441249,1,0,1.26259681984392,797.739222131392,768,0,20,20.6,20,3,5,COOLING IN PROGRESS,PCM CAPACITY INSUFFICIENT
16360,272.666666666667,4.54444444444444,35,20.0704602672219,33.9918339400133,1,0,1.26020757498343,797.739222131392,768,0,20,20.6,20,3,5,COOLING IN PROGRESS,PCM CAPACITY INSUFFICIENT
16370,272.833333333333,4.54722222222222,35,20.0704602672219,33.9937417189173,1,0,1.25782285135333,797.739222131392,768,0,20,20.6,20,3,5,COOLING IN PROGRESS,PCM CAPACITY INSUFFICIENT
16380,273,4.55,35,20.0704602672219,33.9956458876817,1,0,1.25544264039788,797.739222131392,768,0,20,20.6,20,3,5,COOLING IN PROGRESS,PCM CAPACITY INSUFFICIENT
16390,273.166666666667,4.55277777777778,35,20.0704602672219,33.9975464531379,1,0,1.25306693357762,797.739222131392,768,0,20,20.6,20,3,5,COOLING IN PROGRESS,PCM CAPACITY INSUFFICIENT
16400,273.333333333333,4.55555555555556,35,20.0704602672219,33.9994434221045,1,0,1.25069572236931,797.739222131392,768,0,20,20.6,20,3,5,COOLING IN PROGRESS,PCM CAPACITY INSUFFICIENT
16410,273.5,4.55833333333333,35,20.0704602672219,34.0013368013874,1,0,1.24832899826576,797.739222131392,768,0,20,20.6,20,3,5,COOLING IN PROGRESS,PCM CAPACITY INSUFFICIENT
16420,273.666666666667,4.56111111111111,35,20.0704602672219,34.0032265977793,1,0,1.24596675277587,797.739222131392,768,0,20,20.6,20,3,5,COOLING IN PROGRESS,PCM CAPACITY INSUFFICIENT
16430,273.833333333333,4.56388888888889,35,20.0704602672219,34.0051128180603,1,0,1.24360897742465,797.739222131392,768,0,20,20.6,20,3,5,COOLING IN PROGRESS,PCM CAPACITY INSUFFICIENT
16440,274,4.56666666666667,35,20.0704602672219,34.0069954689974,1,0,1.24125566375323,797.739222131392,768,0,20,20.6,20,3,5,COOLING IN PROGRESS,PCM CAPACITY INSUFFICIENT
16450,274.166666666667,4.56944444444444,35,20.0704602672219,34.0088745573451,1,0,1.23890680331858,797.739222131392,768,0,20,20.6,20,3,5,COOLING IN PROGRESS,PCM CAPACITY INSUFFICIENT
16460,274.333333333333,4.57222222222222,35,20.0704602672219,34.0107500898451,1,0,1.23656238769363,797.739222131392,768,0,20,20.6,20,3,5,COOLING IN PROGRESS,PCM CAPACITY INSUFFICIENT
16470,274.5,4.575,35,20.0704602672219,34.012622073226,1,0,1.23422240846752,797.739222131392,768,0,20,20.6,20,3,5,COOLING IN PROGRESS,PCM CAPACITY INSUFFICIENT
16480,274.666666666667,4.57777777777778,35,20.0704602672219,34.0144905142039,1,0,1.2318868572451,797.739222131392,768,0,20,20.6,20,3,5,COOLING IN PROGRESS,PCM CAPACITY INSUFFICIENT
16490,274.833333333333,4.58055555555556,35,20.0704602672219,34.0163554194823,1,0,1.22955572564709,797.739222131392,768,0,20,20.6,20,3,5,COOLING IN PROGRESS,PCM CAPACITY INSUFFICIENT
16500,275,4.58333333333333,35,20.0704602672219,34.0182167957519,1,0,1.22722900531011,797.739222131392,768,0,20,20.6,20,3,5,COOLING IN PROGRESS,PCM CAPACITY INSUFFICIENT
16510,275.166666666667,4.58611111111111,35,20.0704602672219,34.0200746496906,1,0,1.22490668788672,797.739222131392,768,0,20,20.6,20,3,5,COOLING IN PROGRESS,PCM CAPACITY INSUFFICIENT
16520,275.333333333333,4.58888888888889,35,20.0704602672219,34.0219289879639,1,0,1.22258876504507,797.739222131392,768,0,20,20.6,20,3,5,COOLING IN PROGRESS,PCM CAPACITY INSUFFICIENT
16530,275.5,4.59166666666667,35,20.0704602672219,34.0237798172247,1,0,1.22027522846917,797.739222131392,768,0,20,20.6,20,3,5,COOLING IN PROGRESS,PCM CAPACITY INSUFFICIENT
16540,275.666666666667,4.59444444444444,35,20.0704602672219,34.0256271441129,1,0,1.21796606985888,797.739222131392,768,0,20,20.6,20,3,5,COOLING IN PROGRESS,PCM CAPACITY INSUFFICIENT
16550,275.833333333333,4.59722222222222,35,20.0704602672219,34.0274709752564,1,0,1.21566128092954,797.739222131392,768,0,20,20.6,20,3,5,COOLING IN PROGRESS,PCM CAPACITY INSUFFICIENT
16560,276,4.6,35,20.0704602672219,34.0293113172701,1,0,1.21336085341242,797.739222131392,768,0,20,20.6,20,3,5,COOLING IN PROGRESS,PCM CAPACITY INSUFFICIENT
16570,276.166666666667,4.60277777777778,35,20.0704602672219,34.0311481767567,1,0,1.21106477905414,797.739222131392,768,0,20,20.6,20,3,5,COOLING IN PROGRESS,PCM CAPACITY INSUFFICIENT
16580,276.333333333333,4.60555555555556,35,20.0704602672219,34.0329815603062,1,0,1.20877304961724,797.739222131392,768,0,20,20.6,20,3,5,COOLING IN PROGRESS,PCM CAPACITY INSUFFICIENT
16590,276.5,4.60833333333333,35,20.0704602672219,34.0348114744963,1,0,1.20648565687965,797.739222131392,768,0,20,20.6,20,3,5,COOLING IN PROGRESS,PCM CAPACITY INSUFFICIENT
16600,276.666666666667,4.61111111111111,35,20.0704602672219,34.036637925892,1,0,1.20420259263496,797.739222131392,768,0,20,20.6,20,3,5,COOLING IN PROGRESS,PCM CAPACITY INSUFFICIENT
16610,276.833333333333,4.61388888888889,35,20.0704602672219,34.0384609210462,1,0,1.2019238486922,797.739222131392,768,0,20,20.6,20,3,5,COOLING IN PROGRESS,PCM CAPACITY INSUFFICIENT
16620,277,4.61666666666667,35,20.0704602672219,34.0402804664992,1,0,1.19964941687599,797.739222131392,768,0,20,20.6,20,3,5,COOLING IN PROGRESS,PCM CAPACITY INSUFFICIENT
16630,277.166666666667,4.61944444444444,35,20.0704602672219,34.0420965687789,1,0,1.19737928902637,797.739222131392,768,0,20,20.6,20,3,5,COOLING IN PROGRESS,PCM CAPACITY INSUFFICIENT
16640,277.333333333333,4.62222222222222,35,20.0704602672219,34.043909234401,1,0,1.19511345699879,797.739222131392,768,0,20,20.6,20,3,5,COOLING IN PROGRESS,PCM CAPACITY INSUFFICIENT
16650,277.5,4.625,35,20.0704602672219,34.0457184698686,1,0,1.19285191266426,797.739222131392,768,0,20,20.6,20,3,5,COOLING IN PROGRESS,PCM CAPACITY INSUFFICIENT
16660,277.666666666667,4.62777777777778,35,20.0704602672219,34.0475242816728,1,0,1.190594647909,797.739222131392,768,0,20,20.6,20,3,5,COOLING IN PROGRESS,PCM CAPACITY INSUFFICIENT
16670,277.833333333333,4.63055555555556,35,20.0704602672219,34.0493266762922,1,0,1.18834165463469,797.739222131392,768,0,20,20.6,20,3,5,COOLING IN PROGRESS,PCM CAPACITY INSUFFICIENT
16680,278,4.63333333333333,35,20.0704602672219,34.0511256601934,1,0,1.18609292475819,797.739222131392,768,0,20,20.6,20,3,5,COOLING IN PROGRESS,PCM CAPACITY INSUFFICIENT
16690,278.166666666667,4.63611111111111,35,20.0704602672219,34.0529212398306,1,0,1.1838484502118,797.739222131392,768,0,20,20.6,20,3,5,COOLING IN PROGRESS,PCM CAPACITY INSUFFICIENT
16700,278.333333333333,4.63888888888889,35,20.0704602672219,34.0547134216455,1,0,1.18160822294313,797.739222131392,768,0,20,20.6,20,3,5,COOLING IN PROGRESS,PCM CAPACITY INSUFFICIENT
16710,278.5,4.64166666666667,35,20.0704602672219,34.0565022120681,1,0,1.1793722349149,797.739222131392,768,0,20,20.6,20,3,5,COOLING IN PROGRESS,PCM CAPACITY INSUFFICIENT
16720,278.666666666667,4.64444444444444,35,20.0704602672219,34.0582876175159,1,0,1.17714047810507,797.739222131392,768,0,20,20.6,20,3,5,COOLING IN PROGRESS,PCM CAPACITY INSUFFICIENT
16730,278.833333333333,4.64722222222222,35,20.0704602672219,34.0600696443946,1,0,1.17491294450678,797.739222131392,768,0,20,20.6,20,3,5,COOLING IN PROGRESS,PCM CAPACITY INSUFFICIENT
16740,279,4.65,35,20.0704602672219,34.0618482990973,1,0,1.17268962612837,797.739222131392,768,0,20,20.6,20,3,5,COOLING IN PROGRESS,PCM CAPACITY INSUFFICIENT
16750,279.166666666667,4.65277777777778,35,20.0704602672219,34.0636235880054,1,0,1.17047051499325,797.739222131392,768,0,20,20.6,20,3,5,COOLING IN PROGRESS,PCM CAPACITY INSUFFICIENT
16760,279.333333333333,4.65555555555556,35,20.0704602672219,34.065395517488,1,0,1.16825560313995,797.739222131392,768,0,20,20.6,20,3,5,COOLING IN PROGRESS,PCM CAPACITY INSUFFICIENT
16770,279.5,4.65833333333333,35,20.0704602672219,34.0671640939023,1,0,1.16604488262208,797.739222131392,768,0,20,20.6,20,3,5,COOLING IN PROGRESS,PCM CAPACITY INSUFFICIENT
16780,279.666666666667,4.66111111111111,35,20.0704602672219,34.0689293235934,1,0,1.16383834550824,797.739222131392,768,0,20,20.6,20,3,5,COOLING IN PROGRESS,PCM CAPACITY INSUFFICIENT
16790,279.833333333333,4.66388888888889,35,20.0704602672219,34.0706912128944,1,0,1.16163598388203,797.739222131392,768,0,20,20.6,20,3,5,COOLING IN PROGRESS,PCM CAPACITY INSUFFICIENT
16800,280,4.66666666666667,35,20.0704602672219,34.0724497681263,1,0,1.15943778984213,797.739222131392,768,0,20,20.6,20,3,5,COOLING IN PROGRESS,PCM CAPACITY INSUFFICIENT
16810,280.166666666667,4.66944444444444,35,20.0704602672219,34.0742049955983,1,0,1.15724375550208,797.739222131392,768,0,20,20.6,20,3,5,COOLING IN PROGRESS,PCM CAPACITY INSUFFICIENT
16820,280.333333333333,4.67222222222222,35,20.0704602672219,34.0759569016077,1,0,1.15505387299034,797.739222131392,768,0,20,20.6,20,3,5,COOLING IN PROGRESS,PCM CAPACITY INSUFFICIENT
16830,280.5,4.675,35,20.0704602672219,34.0777054924397,1,0,1.15286813445039,797.739222131392,768,0,20,20.6,20,3,5,COOLING IN PROGRESS,PCM CAPACITY INSUFFICIENT
16840,280.666666666667,4.67777777777778,35,20.0704602672219,34.0794507743677,1,0,1.15068653204041,797.739222131392,768,0,20,20.6,20,3,5,COOLING IN PROGRESS,PCM CAPACITY INSUFFICIENT
16850,280.833333333333,4.68055555555556,35,20.0704602672219,34.0811927536532,1,0,1.14850905793352,797.739222131392,768,0,20,20.6,20,3,5,COOLING IN PROGRESS,PCM CAPACITY INSUFFICIENT
16860,281,4.68333333333333,35,20.0704602672219,34.0829314365459,1,0,1.14633570431767,797.739222131392,768,0,20,20.6,20,3,5,COOLING IN PROGRESS,PCM CAPACITY INSUFFICIENT
16870,281.166666666667,4.68611111111111,35,20.0704602672219,34.0846668292837,1,0,1.14416646339543,797.739222131392,768,0,20,20.6,20,3,5,COOLING IN PROGRESS,PCM CAPACITY INSUFFICIENT
16880,281.333333333333,4.68888888888889,35,20.0704602672219,34.0863989380926,1,0,1.14200132738429,797.739222131392,768,0,20,20.6,20,3,5,COOLING IN PROGRESS,PCM CAPACITY INSUFFICIENT
16890,281.5,4.69166666666667,35,20.0704602672219,34.0881277691868,1,0,1.13984028851651,797.739222131392,768,0,20,20.6,20,3,5,COOLING IN PROGRESS,PCM CAPACITY INSUFFICIENT
16900,281.666666666667,4.69444444444444,35,20.0704602672219,34.0898533287689,1,0,1.13768333903883,797.739222131392,768,0,20,20.6,20,3,5,COOLING IN PROGRESS,PCM CAPACITY INSUFFICIENT
16910,281.833333333333,4.69722222222222,35,20.0704602672219,34.0915756230297,1,0,1.1355304712129,797.739222131392,768,0,20,20.6,20,3,5,COOLING IN PROGRESS,PCM CAPACITY INSUFFICIENT
16920,282,4.7,35,20.0704602672219,34.0932946581481,1,0,1.13338167731486,797.739222131392,768,0,20,20.6,20,3,5,COOLING IN PROGRESS,PCM CAPACITY INSUFFICIENT
16930,282.166666666667,4.70277777777778,35,20.0704602672219,34.0950104402916,1,0,1.13123694963546,797.739222131392,768,0,20,20.6,20,3,5,COOLING IN PROGRESS,PCM CAPACITY INSUFFICIENT
16940,282.333333333333,4.70555555555556,35,20.0704602672219,34.0967229756159,1,0,1.12909628048014,797.739222131392,768,0,20,20.6,20,3,5,COOLING IN PROGRESS,PCM CAPACITY INSUFFICIENT
16950,282.5,4.70833333333333,35,20.0704602672219,34.0984322702649,1,0,1.12695966216888,797.739222131392,768,0,20,20.6,20,3,5,COOLING IN PROGRESS,PCM CAPACITY INSUFFICIENT
16960,282.666666666667,4.71111111111111,35,20.0704602672219,34.1001383303711,1,0,1.1248270870361,797.739222131392,768,0,20,20.6,20,3,5,COOLING IN PROGRESS,PCM CAPACITY INSUFFICIENT
16970,282.833333333333,4.71388888888889,35,20.0704602672219,34.1018411620554,1,0,1.12269854743079,797.739222131392,768,0,20,20.6,20,3,5,COOLING IN PROGRESS,PCM CAPACITY INSUFFICIENT
16980,283,4.71666666666667,35,20.0704602672219,34.1035407714268,1,0,1.12057403571645,797.739222131392,768,0,20,20.6,20,3,5,COOLING IN PROGRESS,PCM CAPACITY INSUFFICIENT
16990,283.166666666667,4.71944444444444,35,20.0704602672219,34.1052371645832,1,0,1.118453544271,797.739222131392,768,0,20,20.6,20,3,5,COOLING IN PROGRESS,PCM CAPACITY INSUFFICIENT
17000,283.333333333333,4.72222222222222,35,20.0704602672219,34.1069303476106,1,0,1.11633706548677,797.739222131392,768,0,20,20.6,20,3,5,COOLING IN PROGRESS,PCM CAPACITY INSUFFICIENT
17010,283.5,4.725,35,20.0704602672219,34.1086203265836,1,0,1.11422459177048,797.739222131392,768,0,20,20.6,20,3,5,COOLING IN PROGRESS,PCM CAPACITY INSUFFICIENT
17020,283.666666666667,4.72777777777778,35,20.0704602672219,34.1103071075654,1,0,1.11211611554321,797.739222131392,768,0,20,20.6,20,3,5,COOLING IN PROGRESS,PCM CAPACITY INSUFFICIENT
17030,283.833333333333,4.73055555555556,35,20.0704602672219,34.1119906966076,1,0,1.11001162924047,797.739222131392,768,0,20,20.6,20,3,5,COOLING IN PROGRESS,PCM CAPACITY INSUFFICIENT
17040,284,4.73333333333333,35,20.0704602672219,34.1136710997504,1,0,1.10791112531205,797.739222131392,768,0,20,20.6,20,3,5,COOLING IN PROGRESS,PCM CAPACITY INSUFFICIENT
17050,284.166666666667,4.73611111111111,35,20.0704602672219,34.1153483230225,1,0,1.10581459622193,797.739222131392,768,0,20,20.6,20,3,5,COOLING IN PROGRESS,PCM CAPACITY INSUFFICIENT
17060,284.333333333333,4.73888888888889,35,20.0704602672219,34.1170223724413,1,0,1.10372203444839,797.739222131392,768,0,20,20.6,20,3,5,COOLING IN PROGRESS,PCM CAPACITY INSUFFICIENT
17070,284.5,4.74166666666667,35,20.0704602672219,34.1186932540128,1,0,1.10163343248397,797.739222131392,768,0,20,20.6,20,3,5,COOLING IN PROGRESS,PCM CAPACITY INSUFFICIENT
17080,284.666666666667,4.74444444444444,35,20.0704602672219,34.1203609737316,1,0,1.09954878283544,797.739222131392,768,0,20,20.6,20,3,5,COOLING IN PROGRESS,PCM CAPACITY INSUFFICIENT
17090,284.833333333333,4.74722222222222,35,20.0704602672219,34.122025537581,1,0,1.09746807802376,797.739222131392,768,0,20,20.6,20,3,5,COOLING IN PROGRESS,PCM CAPACITY INSUFFICIENT
17100,285,4.75,35,20.0704602672219,34.1236869515327,1,0,1.09539131058409,797.739222131392,768,0,20,20.6,20,3,5,COOLING IN PROGRESS,PCM CAPACITY INSUFFICIENT
17110,285.166666666667,4.75277777777778,35,20.0704602672219,34.1253452215475,1,0,1.0933184730656,797.739222131392,768,0,20,20.6,20,3,5,COOLING IN PROGRESS,PCM CAPACITY INSUFFICIENT
17120,285.333333333333,4.75555555555556,35,20.0704602672219,34.1270003535748,1,0,1.0912495580315,797.739222131392,768,0,20,20.6,20,3,5,COOLING IN PROGRESS,PCM CAPACITY INSUFFICIENT
17130,285.5,4.75833333333333,35,20.0704602672219,34.1286523535526,1,0,1.08918455805919,797.739222131392,768,0,20,20.6,20,3,5,COOLING IN PROGRESS,PCM CAPACITY INSUFFICIENT
17140,285.666666666667,4.76111111111111,35,20.0704602672219,34.1303012274079,1,0,1.08712346574016,797.739222131392,768,0,20,20.6,20,3,5,COOLING IN PROGRESS,PCM CAPACITY INSUFFICIENT
17150,285.833333333333,4.76388888888889,35,20.0704602672219,34.1319469810561,1,0,1.08506627367989,797.739222131392,768,0,20,20.6,20,3,5,COOLING IN PROGRESS,PCM CAPACITY INSUFFICIENT
17160,286,4.76666666666667,35,20.0704602672219,34.1335896204018,1,0,1.08301297449771,797.739222131392,768,0,20,20.6,20,3,5,COOLING IN PROGRESS,PCM CAPACITY INSUFFICIENT
17170,286.166666666667,4.76944444444444,35,20.0704602672219,34.1352291513383,1,0,1.08096356082708,797.739222131392,768,0,20,20.6,20,3,5,COOLING IN PROGRESS,PCM CAPACITY INSUFFICIENT
17180,286.333333333333,4.77222222222222,35,20.0704602672219,34.1368655797477,1,0,1.07891802531531,797.739222131392,768,0,20,20.6,20,3,5,COOLING IN PROGRESS,PCM CAPACITY INSUFFICIENT
17190,286.5,4.775,35,20.0704602672219,34.138498911501,1,0,1.07687636062375,797.739222131392,768,0,20,20.6,20,3,5,COOLING IN PROGRESS,PCM CAPACITY INSUFFICIENT
17200,286.666666666667,4.77777777777778,35,20.0704602672219,34.1401291524581,1,0,1.07483855942744,797.739222131392,768,0,20,20.6,20,3,5,COOLING IN PROGRESS,PCM CAPACITY INSUFFICIENT
17210,286.833333333333,4.78055555555556,35,20.0704602672219,34.1417563084677,1,0,1.0728046144154,797.739222131392,768,0,20,20.6,20,3,5,COOLING IN PROGRESS,PCM CAPACITY INSUFFICIENT
17220,287,4.78333333333333,35,20.0704602672219,34.1433803853676,1,0,1.07077451829051,797.739222131392,768,0,20,20.6,20,3,5,COOLING IN PROGRESS,PCM CAPACITY INSUFFICIENT
17230,287.166666666667,4.78611111111111,35,20.0704602672219,34.1450013889844,1,0,1.06874826376945,797.739222131392,768,0,20,20.6,20,3,5,COOLING IN PROGRESS,PCM CAPACITY INSUFFICIENT
17240,287.333333333333,4.78888888888889,35,20.0704602672219,34.1466193251339,1,0,1.06672584358263,797.739222131392,768,0,20,20.6,20,3,5,COOLING IN PROGRESS,PCM CAPACITY INSUFFICIENT
17250,287.5,4.79166666666667,35,20.0704602672219,34.1482341996206,1,0,1.06470725047419,797.739222131392,768,0,20,20.6,20,3,5,COOLING IN PROGRESS,PCM CAPACITY INSUFFICIENT
17260,287.666666666667,4.79444444444444,35,20.0704602672219,34.1498460182383,1,0,1.06269247720206,797.739222131392,768,0,20,20.6,20,3,5,COOLING IN PROGRESS,PCM CAPACITY INSUFFICIENT
17270,287.833333333333,4.79722222222222,35,20.0704602672219,34.1514547867696,1,0,1.06068151653798,797.739222131392,768,0,20,20.6,20,3,5,COOLING IN PROGRESS,PCM CAPACITY INSUFFICIENT
17280,288,4.8,35,20.0704602672219,34.1530605109863,1,0,1.05867436126712,797.739222131392,768,0,20,20.6,20,3,5,COOLING IN PROGRESS,PCM CAPACITY INSUFFICIENT
17290,288.166666666667,4.80277777777778,35,20.0704602672219,34.1546631966492,1,0,1.05667100418845,797.739222131392,768,0,20,20.6,20,3,5,COOLING IN PROGRESS,PCM CAPACITY INSUFFICIENT
17300,288.333333333333,4.80555555555556,35,20.0704602672219,34.1562628495083,1,0,1.05467143811461,797.739222131392,768,0,20,20.6,20,3,5,COOLING IN PROGRESS,PCM CAPACITY INSUFFICIENT
17310,288.5,4.80833333333333,35,20.0704602672219,34.1578594753026,1,0,1.05267565587175,797.739222131392,768,0,20,20.6,20,3,5,COOLING IN PROGRESS,PCM CAPACITY INSUFFICIENT
17320,288.666666666667,4.81111111111111,35,20.0704602672219,34.1594530797603,1,0,1.05068365029964,797.739222131392,768,0,20,20.6,20,3,5,COOLING IN PROGRESS,PCM CAPACITY INSUFFICIENT
17330,288.833333333333,4.81388888888889,35,20.0704602672219,34.1610436685988,1,0,1.04869541425154,797.739222131392,768,0,20,20.6,20,3,5,COOLING IN PROGRESS,PCM CAPACITY INSUFFICIENT
17340,289,4.81666666666667,35,20.0704602672219,34.1626312475245,1,0,1.04671094059433,797.739222131392,768,0,20,20.6,20,3,5,COOLING IN PROGRESS,PCM CAPACITY INSUFFICIENT
17350,289.166666666667,4.81944444444444,35,20.0704602672219,34.1642158222333,1,0,1.04473022220832,797.739222131392,768,0,20,20.6,20,3,5,COOLING IN PROGRESS,PCM CAPACITY INSUFFICIENT
17360,289.333333333333,4.82222222222222,35,20.0704602672219,34.1657973984101,1,0,1.04275325198733,797.739222131392,768,0,20,20.6,20,3,5,COOLING IN PROGRESS,PCM CAPACITY INSUFFICIENT
17370,289.5,4.825,35,20.0704602672219,34.1673759817292,1,0,1.04078002283856,797.739222131392,768,0,20,20.6,20,3,5,COOLING IN PROGRESS,PCM CAPACITY INSUFFICIENT
17380,289.666666666667,4.82777777777778,35,20.0704602672219,34.1689515778538,1,0,1.03881052768278,797.739222131392,768,0,20,20.6,20,3,5,COOLING IN PROGRESS,PCM CAPACITY INSUFFICIENT
17390,289.833333333333,4.83055555555556,35,20.0704602672219,34.1705241924368,1,0,1.03684475945401,797.739222131392,768,0,20,20.6,20,3,5,COOLING IN PROGRESS,PCM CAPACITY INSUFFICIENT
17400,290,4.83333333333333,35,20.0704602672219,34.1720938311203,1,0,1.03488271109967,797.739222131392,768,0,20,20.6,20,3,5,COOLING IN PROGRESS,PCM CAPACITY INSUFFICIENT
17410,290.166666666667,4.83611111111111,35,20.0704602672219,34.1736604995356,1,0,1.03292437558052,797.739222131392,768,0,20,20.6,20,3,5,COOLING IN PROGRESS,PCM CAPACITY INSUFFICIENT
17420,290.333333333333,4.83888888888889,35,20.0704602672219,34.1752242033034,1,0,1.0309697458707,797.739222131392,768,0,20,20.6,20,3,5,COOLING IN PROGRESS,PCM CAPACITY INSUFFICIENT
17430,290.5,4.84166666666667,35,20.0704602672219,34.1767849480339,1,0,1.02901881495768,797.739222131392,768,0,20,20.6,20,3,5,COOLING IN PROGRESS,PCM CAPACITY INSUFFICIENT
17440,290.666666666667,4.84444444444444,35,20.0704602672219,34.1783427393264,1,0,1.02707157584204,797.739222131392,768,0,20,20.6,20,3,5,COOLING IN PROGRESS,PCM CAPACITY INSUFFICIENT
17450,290.833333333333,4.84722222222222,35,20.0704602672219,34.1798975827698,1,0,1.0251280215377,797.739222131392,768,0,20,20.6,20,3,5,COOLING IN PROGRESS,PCM CAPACITY INSUFFICIENT
17460,291,4.85,35,20.0704602672219,34.1814494839425,1,0,1.02318814507182,797.739222131392,768,0,20,20.6,20,3,5,COOLING IN PROGRESS,PCM CAPACITY INSUFFICIENT
17470,291.166666666667,4.85277777777778,35,20.0704602672219,34.1829984484122,1,0,1.02125193948473,797.739222131392,768,0,20,20.6,20,3,5,COOLING IN PROGRESS,PCM CAPACITY INSUFFICIENT
17480,291.333333333333,4.85555555555556,35,20.0704602672219,34.1845444817361,1,0,1.01931939782993,797.739222131392,768,0,20,20.6,20,3,5,COOLING IN PROGRESS,PCM CAPACITY INSUFFICIENT
17490,291.5,4.85833333333333,35,20.0704602672219,34.1860875894607,1,0,1.01739051317407,797.739222131392,768,0,20,20.6,20,3,5,COOLING IN PROGRESS,PCM CAPACITY INSUFFICIENT
17500,291.666666666667,4.86111111111111,35,20.0704602672219,34.1876277771225,1,0,1.01546527859686,797.739222131392,768,0,20,20.6,20,3,5,COOLING IN PROGRESS,PCM CAPACITY INSUFFICIENT
17510,291.833333333333,4.86388888888889,35,20.0704602672219,34.189165050247,1,0,1.01354368719119,797.739222131392,768,0,20,20.6,20,3,5,COOLING IN PROGRESS,PCM CAPACITY INSUFFICIENT
17520,292,4.86666666666667,35,20.0704602672219,34.1906994143496,1,0,1.01162573206301,797.739222131392,768,0,20,20.6,20,3,5,COOLING IN PROGRESS,PCM CAPACITY INSUFFICIENT
17530,292.166666666667,4.86944444444444,35,20.0704602672219,34.192230874935,1,0,1.0097114063313,797.739222131392,768,0,20,20.6,20,3,5,COOLING IN PROGRESS,PCM CAPACITY INSUFFICIENT
17540,292.333333333333,4.87222222222222,35,20.0704602672219,34.1937594374976,1,0,1.00780070312804,797.739222131392,768,0,20,20.6,20,3,5,COOLING IN PROGRESS,PCM CAPACITY INSUFFICIENT
17550,292.5,4.875,35,20.0704602672219,34.1952851075214,1,0,1.00589361559822,797.739222131392,768,0,20,20.6,20,3,5,COOLING IN PROGRESS,PCM CAPACITY INSUFFICIENT
17560,292.666666666667,4.87777777777778,35,20.0704602672219,34.1968078904801,1,0,1.00399013689986,797.739222131392,768,0,20,20.6,20,3,5,COOLING IN PROGRESS,PCM CAPACITY INSUFFICIENT
17570,292.833333333333,4.88055555555556,35,20.0704602672219,34.1983277918369,1,0,1.00209026020387,797.739222131392,768,0,20,20.6,20,3,5,COOLING IN PROGRESS,PCM CAPACITY INSUFFICIENT
17580,293,4.88333333333333,35,20.0704602672219,34.1998448170448,1,0,1.00019397869398,797.739222131392,768,0,20,20.6,20,3,5,COOLING IN PROGRESS,PCM CAPACITY INSUFFICIENT
17590,293.166666666667,4.88611111111111,35,20.0704602672219,34.2013589715463,1,0,0.998301285567074,797.739222131392,768,0,20,20.6,20,3,5,COOLING IN PROGRESS,PCM CAPACITY INSUFFICIENT
17600,293.333333333333,4.88888888888889,35,20.0704602672219,34.2028702607739,1,0,0.996412174032626,797.739222131392,768,0,20,20.6,20,3,5,COOLING IN PROGRESS,PCM CAPACITY INSUFFICIENT
17610,293.5,4.89166666666667,35,20.0704602672219,34.2043786901494,1,0,0.994526637313209,797.739222131392,768,0,20,20.6,20,3,5,COOLING IN PROGRESS,PCM CAPACITY INSUFFICIENT
17620,293.666666666667,4.89444444444444,35,20.0704602672219,34.2058842650847,1,0,0.992644668644065,797.739222131392,768,0,20,20.6,20,3,5,COOLING IN PROGRESS,PCM CAPACITY INSUFFICIENT
17630,293.833333333333,4.89722222222222,35,20.0704602672219,34.2073869909814,1,0,0.990766261273199,797.739222131392,768,0,20,20.6,20,3,5,COOLING IN PROGRESS,PCM CAPACITY INSUFFICIENT
17640,294,4.9,35,20.0704602672219,34.2088868732307,1,0,0.98889140846163,797.739222131392,768,0,20,20.6,20,3,5,COOLING IN PROGRESS,PCM CAPACITY INSUFFICIENT
17650,294.166666666667,4.90277777777778,35,20.0704602672219,34.2103839172137,1,0,0.987020103482852,797.739222131392,768,0,20,20.6,20,3,5,COOLING IN PROGRESS,PCM CAPACITY INSUFFICIENT
17660,294.333333333333,4.90555555555556,35,20.0704602672219,34.2118781283014,1,0,0.985152339623232,797.739222131392,768,0,20,20.6,20,3,5,COOLING IN PROGRESS,PCM CAPACITY INSUFFICIENT
17670,294.5,4.90833333333333,35,20.0704602672219,34.2133695118546,1,0,0.983288110181793,797.739222131392,768,0,20,20.6,20,3,5,COOLING IN PROGRESS,PCM CAPACITY INSUFFICIENT
17680,294.666666666667,4.91111111111111,35,20.0704602672219,34.2148580732238,1,0,0.981427408470275,797.739222131392,768,0,20,20.6,20,3,5,COOLING IN PROGRESS,PCM CAPACITY INSUFFICIENT
17690,294.833333333333,4.91388888888889,35,20.0704602672219,34.2163438177494,1,0,0.979570227813191,797.739222131392,768,0,20,20.6,20,3,5,COOLING IN PROGRESS,PCM CAPACITY INSUFFICIENT
17700,295,4.91666666666667,35,20.0704602672219,34.217826750762,1,0,0.977716561547446,797.739222131392,768,0,20,20.6,20,3,5,COOLING IN PROGRESS,PCM CAPACITY INSUFFICIENT
17710,295.166666666667,4.91944444444444,35,20.0704602672219,34.2193068775819,1,0,0.975866403022652,797.739222131392,768,0,20,20.6,20,3,5,COOLING IN PROGRESS,PCM CAPACITY INSUFFICIENT
17720,295.333333333333,4.92222222222222,35,20.0704602672219,34.2207842035192,1,0,0.974019745601051,797.739222131392,768,0,20,20.6,20,3,5,COOLING IN PROGRESS,PCM CAPACITY INSUFFICIENT
17730,295.5,4.925,35,20.0704602672219,34.2222587338741,1,0,0.972176582657367,797.739222131392,768,0,20,20.6,20,3,5,COOLING IN PROGRESS,PCM CAPACITY INSUFFICIENT
17740,295.666666666667,4.92777777777778,35,20.0704602672219,34.2237304739368,1,0,0.970336907578959,797.739222131392,768,0,20,20.6,20,3,5,COOLING IN PROGRESS,PCM CAPACITY INSUFFICIENT
17750,295.833333333333,4.93055555555556,35,20.0704602672219,34.2251994289875,1,0,0.96850071376565,797.739222131392,768,0,20,20.6,20,3,5,COOLING IN PROGRESS,PCM CAPACITY INSUFFICIENT
17760,296,4.93333333333333,35,20.0704602672219,34.2266656042962,1,0,0.966667994629757,797.739222131392,768,0,20,20.6,20,3,5,COOLING IN PROGRESS,PCM CAPACITY INSUFFICIENT
17770,296.166666666667,4.93611111111111,35,20.0704602672219,34.2281290051232,1,0,0.96483874359599,797.739222131392,768,0,20,20.6,20,3,5,COOLING IN PROGRESS,PCM CAPACITY INSUFFICIENT
17780,296.333333333333,4.93888888888889,35,20.0704602672219,34.2295896367187,1,0,0.963012954101643,797.739222131392,768,0,20,20.6,20,3,5,COOLING IN PROGRESS,PCM CAPACITY INSUFFICIENT
17790,296.5,4.94166666666667,35,20.0704602672219,34.2310475043229,1,0,0.961190619596328,797.739222131392,768,0,20,20.6,20,3,5,COOLING IN PROGRESS,PCM CAPACITY INSUFFICIENT
17800,296.666666666667,4.94444444444444,35,20.0704602672219,34.2325026131664,1,0,0.95937173354204,797.739222131392,768,0,20,20.6,20,3,5,COOLING IN PROGRESS,PCM CAPACITY INSUFFICIENT
17810,296.833333333333,4.94722222222222,35,20.0704602672219,34.2339549684694,1,0,0.957556289413262,797.739222131392,768,0,20,20.6,20,3,5,COOLING IN PROGRESS,PCM CAPACITY INSUFFICIENT
17820,297,4.95,35,20.0704602672219,34.2354045754426,1,0,0.95574428069674,797.739222131392,768,0,20,20.6,20,3,5,COOLING IN PROGRESS,PCM CAPACITY INSUFFICIENT
17830,297.166666666667,4.95277777777778,35,20.0704602672219,34.2368514392868,1,0,0.953935700891453,797.739222131392,768,0,20,20.6,20,3,5,COOLING IN PROGRESS,PCM CAPACITY INSUFFICIENT
17840,297.333333333333,4.95555555555556,35,20.0704602672219,34.2382955651929,1,0,0.95213054350884,797.739222131392,768,0,20,20.6,20,3,5,COOLING IN PROGRESS,PCM CAPACITY INSUFFICIENT
17850,297.5,4.95833333333333,35,20.0704602672219,34.2397369583419,1,0,0.950328802072677,797.739222131392,768,0,20,20.6,20,3,5,COOLING IN PROGRESS,PCM CAPACITY INSUFFICIENT
17860,297.666666666667,4.96111111111111,35,20.0704602672219,34.241175623905,1,0,0.948530470118731,797.739222131392,768,0,20,20.6,20,3,5,COOLING IN PROGRESS,PCM CAPACITY INSUFFICIENT
17870,297.833333333333,4.96388888888889,35,20.0704602672219,34.2426115670439,1,0,0.946735541195185,797.739222131392,768,0,20,20.6,20,3,5,COOLING IN PROGRESS,PCM CAPACITY INSUFFICIENT
17880,298,4.96666666666667,35,20.0704602672219,34.24404479291,1,0,0.944944008862443,797.739222131392,768,0,20,20.6,20,3,5,COOLING IN PROGRESS,PCM CAPACITY INSUFFICIENT
17890,298.166666666667,4.96944444444444,35,20.0704602672219,34.2454753066456,1,0,0.943155866692971,797.739222131392,768,0,20,20.6,20,3,5,COOLING IN PROGRESS,PCM CAPACITY INSUFFICIENT
17900,298.333333333333,4.97222222222222,35,20.0704602672219,34.2469031133827,1,0,0.94137110827158,797.739222131392,768,0,20,20.6,20,3,5,COOLING IN PROGRESS,PCM CAPACITY INSUFFICIENT
17910,298.5,4.975,35,20.0704602672219,34.248328218244,1,0,0.939589727195038,797.739222131392,768,0,20,20.6,20,3,5,COOLING IN PROGRESS,PCM CAPACITY INSUFFICIENT
17920,298.666666666667,4.97777777777778,35,20.0704602672219,34.2497506263422,1,0,0.937811717072297,797.739222131392,768,0,20,20.6,20,3,5,COOLING IN PROGRESS,PCM CAPACITY INSUFFICIENT
17930,298.833333333333,4.98055555555556,35,20.0704602672219,34.2511703427805,1,0,0.936037071524396,797.739222131392,768,0,20,20.6,20,3,5,COOLING IN PROGRESS,PCM CAPACITY INSUFFICIENT
17940,299,4.98333333333333,35,20.0704602672219,34.2525873726523,1,0,0.934265784184589,797.739222131392,768,0,20,20.6,20,3,5,COOLING IN PROGRESS,PCM CAPACITY INSUFFICIENT
17950,299.166666666667,4.98611111111111,35,20.0704602672219,34.2540017210416,1,0,0.932497848697942,797.739222131392,768,0,20,20.6,20,3,5,COOLING IN PROGRESS,PCM CAPACITY INSUFFICIENT
17960,299.333333333333,4.98888888888889,35,20.0704602672219,34.2554133930226,1,0,0.930733258721705,797.739222131392,768,0,20,20.6,20,3,5,COOLING IN PROGRESS,PCM CAPACITY INSUFFICIENT
17970,299.5,4.99166666666667,35,20.0704602672219,34.25682239366,1,0,0.928972007925042,797.739222131392,768,0,20,20.6,20,3,5,COOLING IN PROGRESS,PCM CAPACITY INSUFFICIENT
17980,299.666666666667,4.99444444444444,35,20.0704602672219,34.2582287280087,1,0,0.927214089989103,797.739222131392,768,0,20,20.6,20,3,5,COOLING IN PROGRESS,PCM CAPACITY INSUFFICIENT
17990,299.833333333333,4.99722222222222,35,20.0704602672219,34.2596324011143,1,0,0.925459498607104,797.739222131392,768,0,20,20.6,20,3,5,COOLING IN PROGRESS,PCM CAPACITY INSUFFICIENT
18000,300,5,35,20.0704602672219,34.2610334180127,1,0,0.923708227484106,797.739222131392,768,0,20,20.6,20,3,5,COOLING IN PROGRESS,PCM CAPACITY INSUFFICIENT
18010,300.166666666667,5.00277777777778,35,20.0704602672219,34.2624317837303,1,0,0.921960270337081,797.739222131392,768,0,20,20.6,20,3,5,COOLING IN PROGRESS,PCM CAPACITY INSUFFICIENT
18020,300.333333333333,5.00555555555556,35,20.0704602672219,34.2638275032841,1,0,0.920215620894904,797.739222131392,768,0,20,20.6,20,3,5,COOLING IN PROGRESS,PCM CAPACITY INSUFFICIENT
18030,300.5,5.00833333333333,35,20.0704602672219,34.2652205816813,1,0,0.918474272898404,797.739222131392,768,0,20,20.6,20,3,5,COOLING IN PROGRESS,PCM CAPACITY INSUFFICIENT
18040,300.666666666667,5.01111111111111,35,20.0704602672219,34.26661102392,1,0,0.916736220100045,797.739222131392,768,0,20,20.6,20,3,5,COOLING IN PROGRESS,PCM CAPACITY INSUFFICIENT
18050,300.833333333333,5.01388888888889,35,20.0704602672219,34.2679988349886,1,0,0.915001456264246,797.739222131392,768,0,20,20.6,20,3,5,COOLING IN PROGRESS,PCM CAPACITY INSUFFICIENT
18060,301,5.01666666666667,35,20.0704602672219,34.2693840198662,1,0,0.913269975167283,797.739222131392,768,0,20,20.6,20,3,5,COOLING IN PROGRESS,PCM CAPACITY INSUFFICIENT
18070,301.166666666667,5.01944444444444,35,20.0704602672219,34.2707665835224,1,0,0.911541770597051,797.739222131392,768,0,20,20.6,20,3,5,COOLING IN PROGRESS,PCM CAPACITY INSUFFICIENT
18080,301.333333333333,5.02222222222222,35,20.0704602672219,34.2721465309173,1,0,0.909816836353379,797.739222131392,768,0,20,20.6,20,3,5,COOLING IN PROGRESS,PCM CAPACITY INSUFFICIENT
18090,301.5,5.025,35,20.0704602672219,34.2735238670017,1,0,0.908095166247822,797.739222131392,768,0,20,20.6,20,3,5,COOLING IN PROGRESS,PCM CAPACITY INSUFFICIENT
18100,301.666666666667,5.02777777777778,35,20.0704602672219,34.2748985967173,1,0,0.906376754103357,797.739222131392,768,0,20,20.6,20,3,5,COOLING IN PROGRESS,PCM CAPACITY INSUFFICIENT
18110,301.833333333333,5.03055555555556,35,20.0704602672219,34.276270724996,1,0,0.904661593755041,797.739222131392,768,0,20,20.6,20,3,5,COOLING IN PROGRESS,PCM CAPACITY INSUFFICIENT
18120,302,5.03333333333333,35,20.0704602672219,34.2776402567606,1,0,0.902949679049296,797.739222131392,768,0,20,20.6,20,3,5,COOLING IN PROGRESS,PCM CAPACITY INSUFFICIENT
18130,302.166666666667,5.03611111111111,35,20.0704602672219,34.2790071969245,1,0,0.901241003844353,797.739222131392,768,0,20,20.6,20,3,5,COOLING IN PROGRESS,PCM CAPACITY INSUFFICIENT
18140,302.333333333333,5.03888888888889,35,20.0704602672219,34.280371550392,1,0,0.899535562010021,797.739222131392,768,0,20,20.6,20,3,5,COOLING IN PROGRESS,PCM CAPACITY INSUFFICIENT
18150,302.5,5.04166666666667,35,20.0704602672219,34.2817333220579,1,0,0.897833347427675,797.739222131392,768,0,20,20.6,20,3,5,COOLING IN PROGRESS,PCM CAPACITY INSUFFICIENT
18160,302.666666666667,5.04444444444444,35,20.0704602672219,34.2830925168077,1,0,0.896134353990359,797.739222131392,768,0,20,20.6,20,3,5,COOLING IN PROGRESS,PCM CAPACITY INSUFFICIENT
18170,302.833333333333,5.04722222222222,35,20.0704602672219,34.2844491395179,1,0,0.894438575602612,797.739222131392,768,0,20,20.6,20,3,5,COOLING IN PROGRESS,PCM CAPACITY INSUFFICIENT
18180,303,5.05,35,20.0704602672219,34.2858031950557,1,0,0.89274600618042,797.739222131392,768,0,20,20.6,20,3,5,COOLING IN PROGRESS,PCM CAPACITY INSUFFICIENT
18190,303.166666666667,5.05277777777778,35,20.0704602672219,34.2871546882788,1,0,0.891056639651486,797.739222131392,768,0,20,20.6,20,3,5,COOLING IN PROGRESS,PCM CAPACITY INSUFFICIENT
18200,303.333333333333,5.05555555555556,35,20.0704602672219,34.2885036240361,1,0,0.889370469954915,797.739222131392,768,0,20,20.6,20,3,5,COOLING IN PROGRESS,PCM CAPACITY INSUFFICIENT
18210,303.5,5.05833333333333,35,20.0704602672219,34.289850007167,1,0,0.887687491041227,797.739222131392,768,0,20,20.6,20,3,5,COOLING IN PROGRESS,PCM CAPACITY INSUFFICIENT
18220,303.666666666667,5.06111111111111,35,20.0704602672219,34.2911938425022,1,0,0.886007696872282,797.739222131392,768,0,20,20.6,20,3,5,COOLING IN PROGRESS,PCM CAPACITY INSUFFICIENT
18230,303.833333333333,5.06388888888889,35,20.0704602672219,34.2925351348626,1,0,0.884331081421728,797.739222131392,768,0,20,20.6,20,3,5,COOLING IN PROGRESS,PCM CAPACITY INSUFFICIENT
18240,304,5.06666666666667,35,20.0704602672219,34.2938738890606,1,0,0.882657638674207,797.739222131392,768,0,20,20.6,20,3,5,COOLING IN PROGRESS,PCM CAPACITY INSUFFICIENT
18250,304.166666666667,5.06944444444444,35,20.0704602672219,34.2952101098992,1,0,0.88098736262598,797.739222131392,768,0,20,20.6,20,3,5,COOLING IN PROGRESS,PCM CAPACITY INSUFFICIENT
18260,304.333333333333,5.07222222222222,35,20.0704602672219,34.2965438021722,1,0,0.879320247284703,797.739222131392,768,0,20,20.6,20,3,5,COOLING IN PROGRESS,PCM CAPACITY INSUFFICIENT
18270,304.5,5.075,35,20.0704602672219,34.2978749706646,1,0,0.877656286669204,797.739222131392,768,0,20,20.6,20,3,5,COOLING IN PROGRESS,PCM CAPACITY INSUFFICIENT
18280,304.666666666667,5.07777777777778,35,20.0704602672219,34.2992036201522,1,0,0.875995474809743,797.739222131392,768,0,20,20.6,20,3,5,COOLING IN PROGRESS,PCM CAPACITY INSUFFICIENT
18290,304.833333333333,5.08055555555556,35,20.0704602672219,34.3005297554018,1,0,0.874337805747762,797.739222131392,768,0,20,20.6,20,3,5,COOLING IN PROGRESS,PCM CAPACITY INSUFFICIENT
18300,305,5.08333333333333,35,20.0704602672219,34.301853381171,1,0,0.87268327353625,797.739222131392,768,0,20,20.6,20,3,5,COOLING IN PROGRESS,PCM CAPACITY INSUFFICIENT
18310,305.166666666667,5.08611111111111,35,20.0704602672219,34.3031745022087,1,0,0.871031872239074,797.739222131392,768,0,20,20.6,20,3,5,COOLING IN PROGRESS,PCM CAPACITY INSUFFICIENT
18320,305.333333333333,5.08888888888889,35,20.0704602672219,34.3044931232547,1,0,0.869383595931641,797.739222131392,768,0,20,20.6,20,3,5,COOLING IN PROGRESS,PCM CAPACITY INSUFFICIENT
18330,305.5,5.09166666666667,35,20.0704602672219,34.3058092490397,1,0,0.867738438700396,797.739222131392,768,0,20,20.6,20,3,5,COOLING IN PROGRESS,PCM CAPACITY INSUFFICIENT
18340,305.666666666667,5.09444444444444,35,20.0704602672219,34.3071228842856,1,0,0.866096394643021,797.739222131392,768,0,20,20.6,20,3,5,COOLING IN PROGRESS,PCM CAPACITY INSUFFICIENT
18350,305.833333333333,5.09722222222222,35,20.0704602672219,34.3084340337052,1,0,0.864457457868477,797.739222131392,768,0,20,20.6,20,3,5,COOLING IN PROGRESS,PCM CAPACITY INSUFFICIENT
18360,306,5.1,35,20.0704602672219,34.3097427020027,1,0,0.862821622496668,797.739222131392,768,0,20,20.6,20,3,5,COOLING IN PROGRESS,PCM CAPACITY INSUFFICIENT
18370,306.166666666667,5.10277777777778,35,20.0704602672219,34.311048893873,1,0,0.861188882658723,797.739222131392,768,0,20,20.6,20,3,5,COOLING IN PROGRESS,PCM CAPACITY INSUFFICIENT
18380,306.333333333333,5.10555555555556,35,20.0704602672219,34.3123526140025,1,0,0.85955923249692,797.739222131392,768,0,20,20.6,20,3,5,COOLING IN PROGRESS,PCM CAPACITY INSUFFICIENT
18390,306.5,5.10833333333333,35,20.0704602672219,34.3136538670683,1,0,0.857932666164594,797.739222131392,768,0,20,20.6,20,3,5,COOLING IN PROGRESS,PCM CAPACITY INSUFFICIENT
18400,306.666666666667,5.11111111111111,35,20.0704602672219,34.3149526577391,1,0,0.856309177826091,797.739222131392,768,0,20,20.6,20,3,5,COOLING IN PROGRESS,PCM CAPACITY INSUFFICIENT
18410,306.833333333333,5.11388888888889,35,20.0704602672219,34.3162489906745,1,0,0.854688761656934,797.739222131392,768,0,20,20.6,20,3,5,COOLING IN PROGRESS,PCM CAPACITY INSUFFICIENT
18420,307,5.11666666666667,35,20.0704602672219,34.3175428705252,1,0,0.853071411843516,797.739222131392,768,0,20,20.6,20,3,5,COOLING IN PROGRESS,PCM CAPACITY INSUFFICIENT
18430,307.166666666667,5.11944444444444,35,20.0704602672219,34.3188343019334,1,0,0.851457122583286,797.739222131392,768,0,20,20.6,20,3,5,COOLING IN PROGRESS,PCM CAPACITY INSUFFICIENT
18440,307.333333333333,5.12222222222222,35,20.0704602672219,34.3201232895323,1,0,0.849845888084646,797.739222131392,768,0,20,20.6,20,3,5,COOLING IN PROGRESS,PCM CAPACITY INSUFFICIENT
18450,307.5,5.125,35,20.0704602672219,34.3214098379464,1,0,0.848237702567047,797.739222131392,768,0,20,20.6,20,3,5,COOLING IN PROGRESS,PCM CAPACITY INSUFFICIENT
18460,307.666666666667,5.12777777777778,35,20.0704602672219,34.3226939517914,1,0,0.846632560260794,797.739222131392,768,0,20,20.6,20,3,5,COOLING IN PROGRESS,PCM CAPACITY INSUFFICIENT
18470,307.833333333333,5.13055555555556,35,20.0704602672219,34.3239756356743,1,0,0.845030455407159,797.739222131392,768,0,20,20.6,20,3,5,COOLING IN PROGRESS,PCM CAPACITY INSUFFICIENT
18480,308,5.13333333333333,35,20.0704602672219,34.3252548941934,1,0,0.84343138225826,797.739222131392,768,0,20,20.6,20,3,5,COOLING IN PROGRESS,PCM CAPACITY INSUFFICIENT
18490,308.166666666667,5.13611111111111,35,20.0704602672219,34.3265317319382,1,0,0.841835335077192,797.739222131392,768,0,20,20.6,20,3,5,COOLING IN PROGRESS,PCM CAPACITY INSUFFICIENT
18500,308.333333333333,5.13888888888889,35,20.0704602672219,34.3278061534898,1,0,0.840242308137782,797.739222131392,768,0,20,20.6,20,3,5,COOLING IN PROGRESS,PCM CAPACITY INSUFFICIENT
18510,308.5,5.14166666666667,35,20.0704602672219,34.3290781634202,1,0,0.838652295724778,797.739222131392,768,0,20,20.6,20,3,5,COOLING IN PROGRESS,PCM CAPACITY INSUFFICIENT
18520,308.666666666667,5.14444444444444,35,20.0704602672219,34.3303477662931,1,0,0.837065292133676,797.739222131392,768,0,20,20.6,20,3,5,COOLING IN PROGRESS,PCM CAPACITY INSUFFICIENT
18530,308.833333333333,5.14722222222222,35,20.0704602672219,34.3316149666633,1,0,0.835481291670828,797.739222131392,768,0,20,20.6,20,3,5,COOLING IN PROGRESS,PCM CAPACITY INSUFFICIENT
18540,309,5.15,35,20.0704602672219,34.3328797690773,1,0,0.833900288653338,797.739222131392,768,0,20,20.6,20,3,5,COOLING IN PROGRESS,PCM CAPACITY INSUFFICIENT
18550,309.166666666667,5.15277777777778,35,20.0704602672219,34.3341421780728,1,0,0.832322277408988,797.739222131392,768,0,20,20.6,20,3,5,COOLING IN PROGRESS,PCM CAPACITY INSUFFICIENT
18560,309.333333333333,5.15555555555556,35,20.0704602672219,34.3354021981788,1,0,0.83074725227644,797.739222131392,768,0,20,20.6,20,3,5,COOLING IN PROGRESS,PCM CAPACITY INSUFFICIENT
18570,309.5,5.15833333333333,35,20.0704602672219,34.336659833916,1,0,0.829175207604997,797.739222131392,768,0,20,20.6,20,3,5,COOLING IN PROGRESS,PCM CAPACITY INSUFFICIENT
18580,309.666666666667,5.16111111111111,35,20.0704602672219,34.3379150897964,1,0,0.827606137754557,797.739222131392,768,0,20,20.6,20,3,5,COOLING IN PROGRESS,PCM CAPACITY INSUFFICIENT
18590,309.833333333333,5.16388888888889,35,20.0704602672219,34.3391679703232,1,0,0.826040037095961,797.739222131392,768,0,20,20.6,20,3,5,COOLING IN PROGRESS,PCM CAPACITY INSUFFICIENT
18600,310,5.16666666666667,35,20.0704602672219,34.3404184799916,1,0,0.824476900010502,797.739222131392,768,0,20,20.6,20,3,5,COOLING IN PROGRESS,PCM CAPACITY INSUFFICIENT
18610,310.166666666667,5.16944444444444,35,20.0704602672219,34.341666623288,1,0,0.822916720890037,797.739222131392,768,0,20,20.6,20,3,5,COOLING IN PROGRESS,PCM CAPACITY INSUFFICIENT
18620,310.333333333333,5.17222222222222,35,20.0704602672219,34.3429124046903,1,0,0.821359494137175,797.739222131392,768,0,20,20.6,20,3,5,COOLING IN PROGRESS,PCM CAPACITY INSUFFICIENT
18630,310.5,5.175,35,20.0704602672219,34.3441558286679,1,0,0.81980521416507,797.739222131392,768,0,20,20.6,20,3,5,COOLING IN PROGRESS,PCM CAPACITY INSUFFICIENT
18640,310.666666666667,5.17777777777778,35,20.0704602672219,34.345396899682,1,0,0.818253875397463,797.739222131392,768,0,20,20.6,20,3,5,COOLING IN PROGRESS,PCM CAPACITY INSUFFICIENT
18650,310.833333333333,5.18055555555556,35,20.0704602672219,34.3466356221851,1,0,0.816705472268584,797.739222131392,768,0,20,20.6,20,3,5,COOLING IN PROGRESS,PCM CAPACITY INSUFFICIENT
18660,311,5.18333333333333,35,20.0704602672219,34.3478720006213,1,0,0.815159999223329,797.739222131392,768,0,20,20.6,20,3,5,COOLING IN PROGRESS,PCM CAPACITY INSUFFICIENT
18670,311.166666666667,5.18611111111111,35,20.0704602672219,34.3491060394264,1,0,0.813617450716961,797.739222131392,768,0,20,20.6,20,3,5,COOLING IN PROGRESS,PCM CAPACITY INSUFFICIENT
18680,311.333333333333,5.18888888888889,35,20.0704602672219,34.3503377430277,1,0,0.812077821215347,797.739222131392,768,0,20,20.6,20,3,5,COOLING IN PROGRESS,PCM CAPACITY INSUFFICIENT
18690,311.5,5.19166666666667,35,20.0704602672219,34.3515671158442,1,0,0.810541105194744,797.739222131392,768,0,20,20.6,20,3,5,COOLING IN PROGRESS,PCM CAPACITY INSUFFICIENT
18700,311.666666666667,5.19444444444444,35,20.0704602672219,34.3527941622864,1,0,0.809007297141946,797.739222131392,768,0,20,20.6,20,3,5,COOLING IN PROGRESS,PCM CAPACITY INSUFFICIENT
18710,311.833333333333,5.19722222222222,35,20.0704602672219,34.3540188867568,1,0,0.807476391554056,797.739222131392,768,0,20,20.6,20,3,5,COOLING IN PROGRESS,PCM CAPACITY INSUFFICIENT
18720,312,5.2,35,20.0704602672219,34.355241293649,1,0,0.80594838293873,797.739222131392,768,0,20,20.6,20,3,5,COOLING IN PROGRESS,PCM CAPACITY INSUFFICIENT
18730,312.166666666667,5.20277777777778,35,20.0704602672219,34.3564613873489,1,0,0.804423265813927,797.739222131392,768,0,20,20.6,20,3,5,COOLING IN PROGRESS,PCM CAPACITY INSUFFICIENT
18740,312.333333333333,5.20555555555556,35,20.0704602672219,34.3576791722336,1,0,0.802901034707979,797.739222131392,768,0,20,20.6,20,3,5,COOLING IN PROGRESS,PCM CAPACITY INSUFFICIENT
18750,312.5,5.20833333333333,35,20.0704602672219,34.3588946526723,1,0,0.801381684159619,797.739222131392,768,0,20,20.6,20,3,5,COOLING IN PROGRESS,PCM CAPACITY INSUFFICIENT
18760,312.666666666667,5.21111111111111,35,20.0704602672219,34.3601078330257,1,0,0.799865208717865,797.739222131392,768,0,20,20.6,20,3,5,COOLING IN PROGRESS,PCM CAPACITY INSUFFICIENT
18770,312.833333333333,5.21388888888889,35,20.0704602672219,34.3613187176463,1,0,0.798351602942127,797.739222131392,768,0,20,20.6,20,3,5,COOLING IN PROGRESS,PCM CAPACITY INSUFFICIENT
18780,313,5.21666666666667,35,20.0704602672219,34.3625273108784,1,0,0.796840861402037,797.739222131392,768,0,20,20.6,20,3,5,COOLING IN PROGRESS,PCM CAPACITY INSUFFICIENT
18790,313.166666666667,5.21944444444444,35,20.0704602672219,34.363733617058,1,0,0.795332978677505,797.739222131392,768,0,20,20.6,20,3,5,COOLING IN PROGRESS,PCM CAPACITY INSUFFICIENT
18800,313.333333333333,5.22222222222222,35,20.0704602672219,34.364937640513,1,0,0.793827949358725,797.739222131392,768,0,20,20.6,20,3,5,COOLING IN PROGRESS,PCM CAPACITY INSUFFICIENT
18810,313.5,5.225,35,20.0704602672219,34.3661393855631,1,0,0.792325768046105,797.739222131392,768,0,20,20.6,20,3,5,COOLING IN PROGRESS,PCM CAPACITY INSUFFICIENT
18820,313.666666666667,5.22777777777778,35,20.0704602672219,34.3673388565197,1,0,0.790826429350338,797.739222131392,768,0,20,20.6,20,3,5,COOLING IN PROGRESS,PCM CAPACITY INSUFFICIENT
18830,313.833333333333,5.23055555555556,35,20.0704602672219,34.3685360576862,1,0,0.789329927892286,797.739222131392,768,0,20,20.6,20,3,5,COOLING IN PROGRESS,PCM CAPACITY INSUFFICIENT
18840,314,5.23333333333333,35,20.0704602672219,34.3697309933576,1,0,0.787836258302956,797.739222131392,768,0,20,20.6,20,3,5,COOLING IN PROGRESS,PCM CAPACITY INSUFFICIENT
18850,314.166666666667,5.23611111111111,35,20.0704602672219,34.3709236678212,1,0,0.786345415223533,797.739222131392,768,0,20,20.6,20,3,5,COOLING IN PROGRESS,PCM CAPACITY INSUFFICIENT
18860,314.333333333333,5.23888888888889,35,20.0704602672219,34.3721140853557,1,0,0.784857393305325,797.739222131392,768,0,20,20.6,20,3,5,COOLING IN PROGRESS,PCM CAPACITY INSUFFICIENT
18870,314.5,5.24166666666667,35,20.0704602672219,34.3733022502322,1,0,0.783372187209732,797.739222131392,768,0,20,20.6,20,3,5,COOLING IN PROGRESS,PCM CAPACITY INSUFFICIENT
18880,314.666666666667,5.24444444444444,35,20.0704602672219,34.3744881667133,1,0,0.781889791608315,797.739222131392,768,0,20,20.6,20,3,5,COOLING IN PROGRESS,PCM CAPACITY INSUFFICIENT
18890,314.833333333333,5.24722222222222,35,20.0704602672219,34.3756718390538,1,0,0.780410201182731,797.739222131392,768,0,20,20.6,20,3,5,COOLING IN PROGRESS,PCM CAPACITY INSUFFICIENT
18900,315,5.25,35,20.0704602672219,34.3768532715003,1,0,0.778933410624649,797.739222131392,768,0,20,20.6,20,3,5,COOLING IN PROGRESS,PCM CAPACITY INSUFFICIENT
18910,315.166666666667,5.25277777777778,35,20.0704602672219,34.3780324682913,1,0,0.777459414635846,797.739222131392,768,0,20,20.6,20,3,5,COOLING IN PROGRESS,PCM CAPACITY INSUFFICIENT
18920,315.333333333333,5.25555555555556,35,20.0704602672219,34.3792094336576,1,0,0.775988207928027,797.739222131392,768,0,20,20.6,20,3,5,COOLING IN PROGRESS,PCM CAPACITY INSUFFICIENT
18930,315.5,5.25833333333333,35,20.0704602672219,34.3803841718216,1,0,0.774519785223013,797.739222131392,768,0,20,20.6,20,3,5,COOLING IN PROGRESS,PCM CAPACITY INSUFFICIENT
18940,315.666666666667,5.26111111111111,35,20.0704602672219,34.381556686998,1,0,0.77305414125254,797.739222131392,768,0,20,20.6,20,3,5,COOLING IN PROGRESS,PCM CAPACITY INSUFFICIENT
18950,315.833333333333,5.26388888888889,35,20.0704602672219,34.3827269833933,1,0,0.771591270758325,797.739222131392,768,0,20,20.6,20,3,5,COOLING IN PROGRESS,PCM CAPACITY INSUFFICIENT
18960,316,5.26666666666667,35,20.0704602672219,34.3838950652063,1,0,0.770131168492068,797.739222131392,768,0,20,20.6,20,3,5,COOLING IN PROGRESS,PCM CAPACITY INSUFFICIENT
18970,316.166666666667,5.26944444444444,35,20.0704602672219,34.3850609366277,1,0,0.768673829215416,797.739222131392,768,0,20,20.6,20,3,5,COOLING IN PROGRESS,PCM CAPACITY INSUFFICIENT
18980,316.333333333333,5.27222222222222,35,20.0704602672219,34.3862246018402,1,0,0.767219247699771,797.739222131392,768,0,20,20.6,20,3,5,COOLING IN PROGRESS,PCM CAPACITY INSUFFICIENT
18990,316.5,5.275,35,20.0704602672219,34.3873860650187,1,0,0.765767418726684,797.739222131392,768,0,20,20.6,20,3,5,COOLING IN PROGRESS,PCM CAPACITY INSUFFICIENT
19000,316.666666666667,5.27777777777778,35,20.0704602672219,34.3885453303301,1,0,0.764318337087353,797.739222131392,768,0,20,20.6,20,3,5,COOLING IN PROGRESS,PCM CAPACITY INSUFFICIENT
19010,316.833333333333,5.28055555555556,35,20.0704602672219,34.3897024019336,1,0,0.762871997582995,797.739222131392,768,0,20,20.6,20,3,5,COOLING IN PROGRESS,PCM CAPACITY INSUFFICIENT
19020,317,5.28333333333333,35,20.0704602672219,34.3908572839804,1,0,0.761428395024506,797.739222131392,768,0,20,20.6,20,3,5,COOLING IN PROGRESS,PCM CAPACITY INSUFFICIENT
19030,317.166666666667,5.28611111111111,35,20.0704602672219,34.3920099806138,1,0,0.759987524232795,797.739222131392,768,0,20,20.6,20,3,5,COOLING IN PROGRESS,PCM CAPACITY INSUFFICIENT
19040,317.333333333333,5.28888888888889,35,20.0704602672219,34.3931604959692,1,0,0.758549380038449,797.739222131392,768,0,20,20.6,20,3,5,COOLING IN PROGRESS,PCM CAPACITY INSUFFICIENT
19050,317.5,5.29166666666667,35,20.0704602672219,34.3943088341745,1,0,0.757113957281828,797.739222131392,768,0,20,20.6,20,3,5,COOLING IN PROGRESS,PCM CAPACITY INSUFFICIENT
19060,317.666666666667,5.29444444444444,35,20.0704602672219,34.3954549993495,1,0,0.755681250813129,797.739222131392,768,0,20,20.6,20,3,5,COOLING IN PROGRESS,PCM CAPACITY INSUFFICIENT
19070,317.833333333333,5.29722222222222,35,20.0704602672219,34.3965989956063,1,0,0.754251255492173,797.739222131392,768,0,20,20.6,20,3,5,COOLING IN PROGRESS,PCM CAPACITY INSUFFICIENT
19080,318,5.3,35,20.0704602672219,34.3977408270491,1,0,0.752823966188618,797.739222131392,768,0,20,20.6,20,3,5,COOLING IN PROGRESS,PCM CAPACITY INSUFFICIENT
19090,318.166666666667,5.30277777777778,35,20.0704602672219,34.3988804977745,1,0,0.751399377781858,797.739222131392,768,0,20,20.6,20,3,5,COOLING IN PROGRESS,PCM CAPACITY INSUFFICIENT
19100,318.333333333333,5.30555555555556,35,20.0704602672219,34.4000180118714,1,0,0.749977485160773,797.739222131392,768,0,20,20.6,20,3,5,COOLING IN PROGRESS,PCM CAPACITY INSUFFICIENT
19110,318.5,5.30833333333333,35,20.0704602672219,34.4011533734206,1,0,0.748558283224208,797.739222131392,768,0,20,20.6,20,3,5,COOLING IN PROGRESS,PCM CAPACITY INSUFFICIENT
19120,318.666666666667,5.31111111111111,35,20.0704602672219,34.4022865864956,1,0,0.747141766880439,797.739222131392,768,0,20,20.6,20,3,5,COOLING IN PROGRESS,PCM CAPACITY INSUFFICIENT
19130,318.833333333333,5.31388888888889,35,20.0704602672219,34.403417655162,1,0,0.745727931047444,797.739222131392,768,0,20,20.6,20,3,5,COOLING IN PROGRESS,PCM CAPACITY INSUFFICIENT
19140,319,5.31666666666667,35,20.0704602672219,34.4045465834777,1,0,0.744316770652844,797.739222131392,768,0,20,20.6,20,3,5,COOLING IN PROGRESS,PCM CAPACITY INSUFFICIENT
19150,319.166666666667,5.31944444444444,35,20.0704602672219,34.405673375493,1,0,0.742908280633792,797.739222131392,768,0,20,20.6,20,3,5,COOLING IN PROGRESS,PCM CAPACITY INSUFFICIENT
19160,319.333333333333,5.32222222222222,35,20.0704602672219,34.4067980352503,1,0,0.741502455937102,797.739222131392,768,0,20,20.6,20,3,5,COOLING IN PROGRESS,PCM CAPACITY INSUFFICIENT
19170,319.5,5.325,35,20.0704602672219,34.4079205667847,1,0,0.740099291519112,797.739222131392,768,0,20,20.6,20,3,5,COOLING IN PROGRESS,PCM CAPACITY INSUFFICIENT
19180,319.666666666667,5.32777777777778,35,20.0704602672219,34.4090409741234,1,0,0.738698782345715,797.739222131392,768,0,20,20.6,20,3,5,COOLING IN PROGRESS,PCM CAPACITY INSUFFICIENT
19190,319.833333333333,5.33055555555556,35,20.0704602672219,34.4101592612861,1,0,0.737300923392334,797.739222131392,768,0,20,20.6,20,3,5,COOLING IN PROGRESS,PCM CAPACITY INSUFFICIENT
19200,320,5.33333333333333,35,20.0704602672219,34.4112754322849,1,0,0.735905709643863,797.739222131392,768,0,20,20.6,20,3,5,COOLING IN PROGRESS,PCM CAPACITY INSUFFICIENT
19210,320.166666666667,5.33611111111111,35,20.0704602672219,34.4123894911242,1,0,0.734513136094721,797.739222131392,768,0,20,20.6,20,3,5,COOLING IN PROGRESS,PCM CAPACITY INSUFFICIENT
19220,320.333333333333,5.33888888888889,35,20.0704602672219,34.413501441801,1,0,0.7331231977488,797.739222131392,768,0,20,20.6,20,3,5,COOLING IN PROGRESS,PCM CAPACITY INSUFFICIENT
19230,320.5,5.34166666666667,35,20.0704602672219,34.4146112883045,1,0,0.731735889619385,797.739222131392,768,0,20,20.6,20,3,5,COOLING IN PROGRESS,PCM CAPACITY INSUFFICIENT
19240,320.666666666667,5.34444444444444,35,20.0704602672219,34.4157190346165,1,0,0.730351206729356,797.739222131392,768,0,20,20.6,20,3,5,COOLING IN PROGRESS,PCM CAPACITY INSUFFICIENT
19250,320.833333333333,5.34722222222222,35,20.0704602672219,34.4168246847113,1,0,0.728969144110838,797.739222131392,768,0,20,20.6,20,3,5,COOLING IN PROGRESS,PCM CAPACITY INSUFFICIENT
19260,321,5.35,35,20.0704602672219,34.4179282425556,1,0,0.727589696805442,797.739222131392,768,0,20,20.6,20,3,5,COOLING IN PROGRESS,PCM CAPACITY INSUFFICIENT
19270,321.166666666667,5.35277777777778,35,20.0704602672219,34.4190297121087,1,0,0.726212859864113,797.739222131392,768,0,20,20.6,20,3,5,COOLING IN PROGRESS,PCM CAPACITY INSUFFICIENT
19280,321.333333333333,5.35555555555556,35,20.0704602672219,34.4201290973223,1,0,0.724838628347095,797.739222131392,768,0,20,20.6,20,3,5,COOLING IN PROGRESS,PCM CAPACITY INSUFFICIENT
19290,321.5,5.35833333333333,35,20.0704602672219,34.4212264021406,1,0,0.723466997324262,797.739222131392,768,0,20,20.6,20,3,5,COOLING IN PROGRESS,PCM CAPACITY INSUFFICIENT
19300,321.666666666667,5.36111111111111,35,20.0704602672219,34.4223216305004,1,0,0.722097961874528,797.739222131392,768,0,20,20.6,20,3,5,COOLING IN PROGRESS,PCM CAPACITY INSUFFICIENT
19310,321.833333333333,5.36388888888889,35,20.0704602672219,34.4234147863309,1,0,0.720731517086328,797.739222131392,768,0,20,20.6,20,3,5,COOLING IN PROGRESS,PCM CAPACITY INSUFFICIENT
19320,322,5.36666666666667,35,20.0704602672219,34.4245058735543,1,0,0.719367658057175,797.739222131392,768,0,20,20.6,20,3,5,COOLING IN PROGRESS,PCM CAPACITY INSUFFICIENT
19330,322.166666666667,5.36944444444444,35,20.0704602672219,34.4255948960848,1,0,0.718006379893996,797.739222131392,768,0,20,20.6,20,3,5,COOLING IN PROGRESS,PCM CAPACITY INSUFFICIENT
19340,322.333333333333,5.37222222222222,35,20.0704602672219,34.4266818578296,1,0,0.716647677712965,797.739222131392,768,0,20,20.6,20,3,5,COOLING IN PROGRESS,PCM CAPACITY INSUFFICIENT
19350,322.5,5.375,35,20.0704602672219,34.4277667626885,1,0,0.715291546639421,797.739222131392,768,0,20,20.6,20,3,5,COOLING IN PROGRESS,PCM CAPACITY INSUFFICIENT
19360,322.666666666667,5.37777777777778,35,20.0704602672219,34.4288496145535,1,0,0.713937981808073,797.739222131392,768,0,20,20.6,20,3,5,COOLING IN PROGRESS,PCM CAPACITY INSUFFICIENT
19370,322.833333333333,5.38055555555556,35,20.0704602672219,34.4299304173098,1,0,0.712586978362744,797.739222131392,768,0,20,20.6,20,3,5,COOLING IN PROGRESS,PCM CAPACITY INSUFFICIENT
19380,323,5.38333333333333,35,20.0704602672219,34.4310091748348,1,0,0.711238531456448,797.739222131392,768,0,20,20.6,20,3,5,COOLING IN PROGRESS,PCM CAPACITY INSUFFICIENT
19390,323.166666666667,5.38611111111111,35,20.0704602672219,34.4320858909989,1,0,0.709892636251341,797.739222131392,768,0,20,20.6,20,3,5,COOLING IN PROGRESS,PCM CAPACITY INSUFFICIENT
19400,323.333333333333,5.38888888888889,35,20.0704602672219,34.433160569665,1,0,0.708549287918769,797.739222131392,768,0,20,20.6,20,3,5,COOLING IN PROGRESS,PCM CAPACITY INSUFFICIENT
19410,323.5,5.39166666666667,35,20.0704602672219,34.4342332146885,1,0,0.707208481639334,797.739222131392,768,0,20,20.6,20,3,5,COOLING IN PROGRESS,PCM CAPACITY INSUFFICIENT
19420,323.666666666667,5.39444444444444,35,20.0704602672219,34.435303829918,1,0,0.705870212602502,797.739222131392,768,0,20,20.6,20,3,5,COOLING IN PROGRESS,PCM CAPACITY INSUFFICIENT
19430,323.833333333333,5.39722222222222,35,20.0704602672219,34.4363724191944,1,0,0.704534476007028,797.739222131392,768,0,20,20.6,20,3,5,COOLING IN PROGRESS,PCM CAPACITY INSUFFICIENT
19440,324,5.4,35,20.0704602672219,34.4374389863515,1,0,0.703201267060685,797.739222131392,768,0,20,20.6,20,3,5,COOLING IN PROGRESS,PCM CAPACITY INSUFFICIENT
19450,324.166666666667,5.40277777777778,35,20.0704602672219,34.4385035352157,1,0,0.701870580980373,797.739222131392,768,0,20,20.6,20,3,5,COOLING IN PROGRESS,PCM CAPACITY INSUFFICIENT
19460,324.333333333333,5.40555555555556,35,20.0704602672219,34.4395660696064,1,0,0.700542412992053,797.739222131392,768,0,20,20.6,20,3,5,COOLING IN PROGRESS,PCM CAPACITY INSUFFICIENT
19470,324.5,5.40833333333333,35,20.0704602672219,34.4406265933355,1,0,0.699216758330596,797.739222131392,768,0,20,20.6,20,3,5,COOLING IN PROGRESS,PCM CAPACITY INSUFFICIENT
19480,324.666666666667,5.41111111111111,35,20.0704602672219,34.441685110208,1,0,0.697893612240037,797.739222131392,768,0,20,20.6,20,3,5,COOLING IN PROGRESS,PCM CAPACITY INSUFFICIENT
19490,324.833333333333,5.41388888888889,35,20.0704602672219,34.4427416240214,1,0,0.696572969973301,797.739222131392,768,0,20,20.6,20,3,5,COOLING IN PROGRESS,PCM CAPACITY INSUFFICIENT
19500,325,5.41666666666667,35,20.0704602672219,34.4437961385662,1,0,0.695254826792304,797.739222131392,768,0,20,20.6,20,3,5,COOLING IN PROGRESS,PCM CAPACITY INSUFFICIENT
19510,325.166666666667,5.41944444444444,35,20.0704602672219,34.4448486576256,1,0,0.693939177967993,797.739222131392,768,0,20,20.6,20,3,5,COOLING IN PROGRESS,PCM CAPACITY INSUFFICIENT
19520,325.333333333333,5.42222222222222,35,20.0704602672219,34.4458991849758,1,0,0.692626018780258,797.739222131392,768,0,20,20.6,20,3,5,COOLING IN PROGRESS,PCM CAPACITY INSUFFICIENT
19530,325.5,5.425,35,20.0704602672219,34.4469477243857,1,0,0.691315344517847,797.739222131392,768,0,20,20.6,20,3,5,COOLING IN PROGRESS,PCM CAPACITY INSUFFICIENT
19540,325.666666666667,5.42777777777778,35,20.0704602672219,34.4479942796172,1,0,0.690007150478547,797.739222131392,768,0,20,20.6,20,3,5,COOLING IN PROGRESS,PCM CAPACITY INSUFFICIENT
19550,325.833333333333,5.43055555555556,35,20.0704602672219,34.4490388544249,1,0,0.688701431968894,797.739222131392,768,0,20,20.6,20,3,5,COOLING IN PROGRESS,PCM CAPACITY INSUFFICIENT
19560,326,5.43333333333333,35,20.0704602672219,34.4500814525565,1,0,0.687398184304335,797.739222131392,768,0,20,20.6,20,3,5,COOLING IN PROGRESS,PCM CAPACITY INSUFFICIENT
19570,326.166666666667,5.43611111111111,35,20.0704602672219,34.4511220777526,1,0,0.686097402809303,797.739222131392,768,0,20,20.6,20,3,5,COOLING IN PROGRESS,PCM CAPACITY INSUFFICIENT
19580,326.333333333333,5.43888888888889,35,20.0704602672219,34.4521607337464,1,0,0.68479908281704,797.739222131392,768,0,20,20.6,20,3,5,COOLING IN PROGRESS,PCM CAPACITY INSUFFICIENT
19590,326.5,5.44166666666667,35,20.0704602672219,34.4531974242644,1,0,0.683503219669532,797.739222131392,768,0,20,20.6,20,3,5,COOLING IN PROGRESS,PCM CAPACITY INSUFFICIENT
19600,326.666666666667,5.44444444444444,35,20.0704602672219,34.4542321530259,1,0,0.682209808717573,797.739222131392,768,0,20,20.6,20,3,5,COOLING IN PROGRESS,PCM CAPACITY INSUFFICIENT
19610,326.833333333333,5.44722222222222,35,20.0704602672219,34.4552649237434,1,0,0.680918845320777,797.739222131392,768,0,20,20.6,20,3,5,COOLING IN PROGRESS,PCM CAPACITY INSUFFICIENT
19620,327,5.45,35,20.0704602672219,34.4562957401218,1,0,0.679630324847746,797.739222131392,768,0,20,20.6,20,3,5,COOLING IN PROGRESS,PCM CAPACITY INSUFFICIENT
19630,327.166666666667,5.45277777777778,35,20.0704602672219,34.4573246058595,1,0,0.678344242675601,797.739222131392,768,0,20,20.6,20,3,5,COOLING IN PROGRESS,PCM CAPACITY INSUFFICIENT
19640,327.333333333333,5.45555555555556,35,20.0704602672219,34.4583515246478,1,0,0.677060594190273,797.739222131392,768,0,20,20.6,20,3,5,COOLING IN PROGRESS,PCM CAPACITY INSUFFICIENT
19650,327.5,5.45833333333333,35,20.0704602672219,34.4593765001709,1,0,0.675779374786334,797.739222131392,768,0,20,20.6,20,3,5,COOLING IN PROGRESS,PCM CAPACITY INSUFFICIENT
19660,327.666666666667,5.46111111111111,35,20.0704602672219,34.4603995361061,1,0,0.674500579867328,797.739222131392,768,0,20,20.6,20,3,5,COOLING IN PROGRESS,PCM CAPACITY INSUFFICIENT
19670,327.833333333333,5.46388888888889,35,20.0704602672219,34.4614206361238,1,0,0.673224204845209,797.739222131392,768,0,20,20.6,20,3,5,COOLING IN PROGRESS,PCM CAPACITY INSUFFICIENT
19680,328,5.46666666666667,35,20.0704602672219,34.4624398038873,1,0,0.671950245140831,797.739222131392,768,0,20,20.6,20,3,5,COOLING IN PROGRESS,PCM CAPACITY INSUFFICIENT
19690,328.166666666667,5.46944444444444,35,20.0704602672219,34.4634570430531,1,0,0.670678696183611,797.739222131392,768,0,20,20.6,20,3,5,COOLING IN PROGRESS,PCM CAPACITY INSUFFICIENT
19700,328.333333333333,5.47222222222222,35,20.0704602672219,34.4644723572706,1,0,0.669409553411704,797.739222131392,768,0,20,20.6,20,3,5,COOLING IN PROGRESS,PCM CAPACITY INSUFFICIENT
19710,328.5,5.475,35,20.0704602672219,34.4654857501827,1,0,0.668142812271615,797.739222131392,768,0,20,20.6,20,3,5,COOLING IN PROGRESS,PCM CAPACITY INSUFFICIENT
19720,328.666666666667,5.47777777777778,35,20.0704602672219,34.4664972254249,1,0,0.666878468218854,797.739222131392,768,0,20,20.6,20,3,5,COOLING IN PROGRESS,PCM CAPACITY INSUFFICIENT
19730,328.833333333333,5.48055555555556,35,20.0704602672219,34.4675067866262,1,0,0.665616516717238,797.739222131392,768,0,20,20.6,20,3,5,COOLING IN PROGRESS,PCM CAPACITY INSUFFICIENT
19740,329,5.48333333333333,35,20.0704602672219,34.4685144374085,1,0,0.664356953239356,797.739222131392,768,0,20,20.6,20,3,5,COOLING IN PROGRESS,PCM CAPACITY INSUFFICIENT
19750,329.166666666667,5.48611111111111,35,20.0704602672219,34.469520181387,1,0,0.6630997732662,797.739222131392,768,0,20,20.6,20,3,5,COOLING IN PROGRESS,PCM CAPACITY INSUFFICIENT
19760,329.333333333333,5.48888888888889,35,20.0704602672219,34.47052402217,1,0,0.661844972287504,797.739222131392,768,0,20,20.6,20,3,5,COOLING IN PROGRESS,PCM CAPACITY INSUFFICIENT
19770,329.5,5.49166666666667,35,20.0704602672219,34.4715259633588,1,0,0.660592545801482,797.739222131392,768,0,20,20.6,20,3,5,COOLING IN PROGRESS,PCM CAPACITY INSUFFICIENT
19780,329.666666666667,5.49444444444444,35,20.0704602672219,34.4725260085483,1,0,0.659342489314607,797.739222131392,768,0,20,20.6,20,3,5,COOLING IN PROGRESS,PCM CAPACITY INSUFFICIENT
19790,329.833333333333,5.49722222222222,35,20.0704602672219,34.4735241613262,1,0,0.658094798342228,797.739222131392,768,0,20,20.6,20,3,5,COOLING IN PROGRESS,PCM CAPACITY INSUFFICIENT
19800,330,5.5,35,20.0704602672219,34.4745204252736,1,0,0.656849468407978,797.739222131392,768,0,20,20.6,20,3,5,COOLING IN PROGRESS,PCM CAPACITY INSUFFICIENT
19810,330.166666666667,5.50277777777778,35,20.0704602672219,34.4755148039648,1,0,0.655606495044019,797.739222131392,768,0,20,20.6,20,3,5,COOLING IN PROGRESS,PCM CAPACITY INSUFFICIENT
19820,330.333333333333,5.50555555555556,35,20.0704602672219,34.4765073009672,1,0,0.654365873790947,797.739222131392,768,0,20,20.6,20,3,5,COOLING IN PROGRESS,PCM CAPACITY INSUFFICIENT
19830,330.5,5.50833333333333,35,20.0704602672219,34.4774979198417,1,0,0.653127600197863,797.739222131392,768,0,20,20.6,20,3,5,COOLING IN PROGRESS,PCM CAPACITY INSUFFICIENT
19840,330.666666666667,5.51111111111111,35,20.0704602672219,34.4784866641423,1,0,0.651891669822096,797.739222131392,768,0,20,20.6,20,3,5,COOLING IN PROGRESS,PCM CAPACITY INSUFFICIENT
19850,330.833333333333,5.51388888888889,35,20.0704602672219,34.4794735374163,1,0,0.650658078229656,797.739222131392,768,0,20,20.6,20,3,5,COOLING IN PROGRESS,PCM CAPACITY INSUFFICIENT
19860,331,5.51666666666667,35,20.0704602672219,34.4804585432043,1,0,0.649426820994634,797.739222131392,768,0,20,20.6,20,3,5,COOLING IN PROGRESS,PCM CAPACITY INSUFFICIENT
19870,331.166666666667,5.51944444444444,35,20.0704602672219,34.4814416850402,1,0,0.648197893699791,797.739222131392,768,0,20,20.6,20,3,5,COOLING IN PROGRESS,PCM CAPACITY INSUFFICIENT
19880,331.333333333333,5.52222222222222,35,20.0704602672219,34.4824229664511,1,0,0.646971291936183,797.739222131392,768,0,20,20.6,20,3,5,COOLING IN PROGRESS,PCM CAPACITY INSUFFICIENT
19890,331.5,5.525,35,20.0704602672219,34.4834023909576,1,0,0.645747011302955,797.739222131392,768,0,20,20.6,20,3,5,COOLING IN PROGRESS,PCM CAPACITY INSUFFICIENT
19900,331.666666666667,5.52777777777778,35,20.0704602672219,34.4843799620737,1,0,0.644525047407889,797.739222131392,768,0,20,20.6,20,3,5,COOLING IN PROGRESS,PCM CAPACITY INSUFFICIENT
19910,331.833333333333,5.53055555555556,35,20.0704602672219,34.4853556833065,1,0,0.643305395866927,797.739222131392,768,0,20,20.6,20,3,5,COOLING IN PROGRESS,PCM CAPACITY INSUFFICIENT
19920,332,5.53333333333333,35,20.0704602672219,34.4863295581565,1,0,0.64208805230443,797.739222131392,768,0,20,20.6,20,3,5,COOLING IN PROGRESS,PCM CAPACITY INSUFFICIENT
19930,332.166666666667,5.53611111111111,35,20.0704602672219,34.4873015901178,1,0,0.640873012352774,797.739222131392,768,0,20,20.6,20,3,5,COOLING IN PROGRESS,PCM CAPACITY INSUFFICIENT
19940,332.333333333333,5.53888888888889,35,20.0704602672219,34.4882717826777,1,0,0.639660271652875,797.739222131392,768,0,20,20.6,20,3,5,COOLING IN PROGRESS,PCM CAPACITY INSUFFICIENT
19950,332.5,5.54166666666667,35,20.0704602672219,34.4892401393169,1,0,0.638449825853868,797.739222131392,768,0,20,20.6,20,3,5,COOLING IN PROGRESS,PCM CAPACITY INSUFFICIENT
19960,332.666666666667,5.54444444444444,35,20.0704602672219,34.4902066635096,1,0,0.637241670612969,797.739222131392,768,0,20,20.6,20,3,5,COOLING IN PROGRESS,PCM CAPACITY INSUFFICIENT
19970,332.833333333333,5.54722222222222,35,20.0704602672219,34.4911713587235,1,0,0.636035801595618,797.739222131392,768,0,20,20.6,20,3,5,COOLING IN PROGRESS,PCM CAPACITY INSUFFICIENT
19980,333,5.55,35,20.0704602672219,34.4921342284194,1,0,0.634832214475711,797.739222131392,768,0,20,20.6,20,3,5,COOLING IN PROGRESS,PCM CAPACITY INSUFFICIENT
19990,333.166666666667,5.55277777777778,35,20.0704602672219,34.4930952760519,1,0,0.633630904935094,797.739222131392,768,0,20,20.6,20,3,5,COOLING IN PROGRESS,PCM CAPACITY INSUFFICIENT
20000,333.333333333333,5.55555555555556,35,20.0704602672219,34.494054505069,1,0,0.63243186866381,797.739222131392,768,0,20,20.6,20,3,5,COOLING IN PROGRESS,PCM CAPACITY INSUFFICIENT
20010,333.5,5.55833333333333,35,20.0704602672219,34.4950119189119,1,0,0.63123510136009,797.739222131392,768,0,20,20.6,20,3,5,COOLING IN PROGRESS,PCM CAPACITY INSUFFICIENT
20020,333.666666666667,5.56111111111111,35,20.0704602672219,34.4959675210158,1,0,0.630040598730286,797.739222131392,768,0,20,20.6,20,3,5,COOLING IN PROGRESS,PCM CAPACITY INSUFFICIENT
20030,333.833333333333,5.56388888888889,35,20.0704602672219,34.4969213148088,1,0,0.62884835648898,797.739222131392,768,0,20,20.6,20,3,5,COOLING IN PROGRESS,PCM CAPACITY INSUFFICIENT
20040,334,5.56666666666667,35,20.0704602672219,34.497873303713,1,0,0.627658370358732,797.739222131392,768,0,20,20.6,20,3,5,COOLING IN PROGRESS,PCM CAPACITY INSUFFICIENT
20050,334.166666666667,5.56944444444444,35,20.0704602672219,34.4988234911438,1,0,0.626470636070202,797.739222131392,768,0,20,20.6,20,3,5,COOLING IN PROGRESS,PCM CAPACITY INSUFFICIENT
20060,334.333333333333,5.57222222222222,35,20.0704602672219,34.4997718805102,1,0,0.625285149362256,797.739222131392,768,0,20,20.6,20,3,5,COOLING IN PROGRESS,PCM CAPACITY INSUFFICIENT
20070,334.5,5.575,35,20.0704602672219,34.5007184752147,1,0,0.624101905981629,797.739222131392,768,0,20,20.6,20,3,5,COOLING IN PROGRESS,PCM CAPACITY INSUFFICIENT
20080,334.666666666667,5.57777777777778,35,20.0704602672219,34.5016632786533,1,0,0.622920901683361,797.739222131392,768,0,20,20.6,20,3,5,COOLING IN PROGRESS,PCM CAPACITY INSUFFICIENT
20090,334.833333333333,5.58055555555556,35,20.0704602672219,34.5026062942158,1,0,0.62174213223023,797.739222131392,768,0,20,20.6,20,3,5,COOLING IN PROGRESS,PCM CAPACITY INSUFFICIENT
20100,335,5.58333333333333,35,20.0704602672219,34.5035475252854,1,0,0.620565593393252,797.739222131392,768,0,20,20.6,20,3,5,COOLING IN PROGRESS,PCM CAPACITY INSUFFICIENT
20110,335.166666666667,5.58611111111111,35,20.0704602672219,34.5044869752389,1,0,0.619391280951387,797.739222131392,768,0,20,20.6,20,3,5,COOLING IN PROGRESS,PCM CAPACITY INSUFFICIENT
20120,335.333333333333,5.58888888888889,35,20.0704602672219,34.5054246474467,1,0,0.618219190691658,797.739222131392,768,0,20,20.6,20,3,5,COOLING IN PROGRESS,PCM CAPACITY INSUFFICIENT
20130,335.5,5.59166666666667,35,20.0704602672219,34.506360545273,1,0,0.61704931840878,797.739222131392,768,0,20,20.6,20,3,5,COOLING IN PROGRESS,PCM CAPACITY INSUFFICIENT
20140,335.666666666667,5.59444444444444,35,20.0704602672219,34.5072946720755,1,0,0.615881659905657,797.739222131392,768,0,20,20.6,20,3,5,COOLING IN PROGRESS,PCM CAPACITY INSUFFICIENT
20150,335.833333333333,5.59722222222222,35,20.0704602672219,34.5082270312055,1,0,0.614716210993187,797.739222131392,768,0,20,20.6,20,3,5,COOLING IN PROGRESS,PCM CAPACITY INSUFFICIENT
20160,336,5.6,35,20.0704602672219,34.5091576260079,1,0,0.613552967490119,797.739222131392,768,0,20,20.6,20,3,5,COOLING IN PROGRESS,PCM CAPACITY INSUFFICIENT
20170,336.166666666667,5.60277777777778,35,20.0704602672219,34.5100864598216,1,0,0.612391925222981,797.739222131392,768,0,20,20.6,20,3,5,COOLING IN PROGRESS,PCM CAPACITY INSUFFICIENT
20180,336.333333333333,5.60555555555556,35,20.0704602672219,34.5110135359789,1,0,0.611233080026397,797.739222131392,768,0,20,20.6,20,3,5,COOLING IN PROGRESS,PCM CAPACITY INSUFFICIENT
20190,336.5,5.60833333333333,35,20.0704602672219,34.5119388578058,1,0,0.610076427742721,797.739222131392,768,0,20,20.6,20,3,5,COOLING IN PROGRESS,PCM CAPACITY INSUFFICIENT
20200,336.666666666667,5.61111111111111,35,20.0704602672219,34.5128624286221,1,0,0.608921964222358,797.739222131392,768,0,20,20.6,20,3,5,COOLING IN PROGRESS,PCM CAPACITY INSUFFICIENT
20210,336.833333333333,5.61388888888889,35,20.0704602672219,34.5137842517413,1,0,0.607769685323394,797.739222131392,768,0,20,20.6,20,3,5,COOLING IN PROGRESS,PCM CAPACITY INSUFFICIENT
20220,337,5.61666666666667,35,20.0704602672219,34.5147043304706,1,0,0.606619586911785,797.739222131392,768,0,20,20.6,20,3,5,COOLING IN PROGRESS,PCM CAPACITY INSUFFICIENT
20230,337.166666666667,5.61944444444444,35,20.0704602672219,34.5156226681109,1,0,0.605471664861401,797.739222131392,768,0,20,20.6,20,3,5,COOLING IN PROGRESS,PCM CAPACITY INSUFFICIENT
20240,337.333333333333,5.62222222222222,35,20.0704602672219,34.516539267957,1,0,0.604325915053812,797.739222131392,768,0,20,20.6,20,3,5,COOLING IN PROGRESS,PCM CAPACITY INSUFFICIENT
20250,337.5,5.625,35,20.0704602672219,34.5174541332973,1,0,0.60318233337834,797.739222131392,768,0,20,20.6,20,3,5,COOLING IN PROGRESS,PCM CAPACITY INSUFFICIENT
20260,337.666666666667,5.62777777777778,35,20.0704602672219,34.5183672674141,1,0,0.60204091573234,797.739222131392,768,0,20,20.6,20,3,5,COOLING IN PROGRESS,PCM CAPACITY INSUFFICIENT
20270,337.833333333333,5.63055555555556,35,20.0704602672219,34.5192786735834,1,0,0.600901658020767,797.739222131392,768,0,20,20.6,20,3,5,COOLING IN PROGRESS,PCM CAPACITY INSUFFICIENT
20280,338,5.63333333333333,35,20.0704602672219,34.520188355075,1,0,0.599764556156188,797.739222131392,768,0,20,20.6,20,3,5,COOLING IN PROGRESS,PCM CAPACITY INSUFFICIENT
20290,338.166666666667,5.63611111111111,35,20.0704602672219,34.5210963151527,1,0,0.598629606059102,797.739222131392,768,0,20,20.6,20,3,5,COOLING IN PROGRESS,PCM CAPACITY INSUFFICIENT
20300,338.333333333333,5.63888888888889,35,20.0704602672219,34.5220025570739,1,0,0.597496803657656,797.739222131392,768,0,20,20.6,20,3,5,COOLING IN PROGRESS,PCM CAPACITY INSUFFICIENT
20310,338.5,5.64166666666667,35,20.0704602672219,34.5229070840898,1,0,0.596366144887721,797.739222131392,768,0,20,20.6,20,3,5,COOLING IN PROGRESS,PCM CAPACITY INSUFFICIENT
20320,338.666666666667,5.64444444444444,35,20.0704602672219,34.5238098994457,1,0,0.595237625692837,797.739222131392,768,0,20,20.6,20,3,5,COOLING IN PROGRESS,PCM CAPACITY INSUFFICIENT
20330,338.833333333333,5.64722222222222,35,20.0704602672219,34.5247110063806,1,0,0.594111242024251,797.739222131392,768,0,20,20.6,20,3,5,COOLING IN PROGRESS,PCM CAPACITY INSUFFICIENT
20340,339,5.65,35,20.0704602672219,34.5256104081273,1,0,0.59298698984084,797.739222131392,768,0,20,20.6,20,3,5,COOLING IN PROGRESS,PCM CAPACITY INSUFFICIENT
20350,339.166666666667,5.65277777777778,35,20.0704602672219,34.5265081079127,1,0,0.591864865109137,797.739222131392,768,0,20,20.6,20,3,5,COOLING IN PROGRESS,PCM CAPACITY INSUFFICIENT
20360,339.333333333333,5.65555555555556,35,20.0704602672219,34.5274041089574,1,0,0.590744863803216,797.739222131392,768,0,20,20.6,20,3,5,COOLING IN PROGRESS,PCM CAPACITY INSUFFICIENT
20370,339.5,5.65833333333333,35,20.0704602672219,34.528298414476,1,0,0.589626981904967,797.739222131392,768,0,20,20.6,20,3,5,COOLING IN PROGRESS,PCM CAPACITY INSUFFICIENT
20380,339.666666666667,5.66111111111111,35,20.0704602672219,34.529191027677,1,0,0.588511215403793,797.739222131392,768,0,20,20.6,20,3,5,COOLING IN PROGRESS,PCM CAPACITY INSUFFICIENT
20390,339.833333333333,5.66388888888889,35,20.0704602672219,34.5300819517627,1,0,0.587397560296576,797.739222131392,768,0,20,20.6,20,3,5,COOLING IN PROGRESS,PCM CAPACITY INSUFFICIENT
20400,340,5.66666666666667,35,20.0704602672219,34.5309711899296,1,0,0.586286012588051,797.739222131392,768,0,20,20.6,20,3,5,COOLING IN PROGRESS,PCM CAPACITY INSUFFICIENT
20410,340.166666666667,5.66944444444444,35,20.0704602672219,34.5318587453678,1,0,0.585176568290198,797.739222131392,768,0,20,20.6,20,3,5,COOLING IN PROGRESS,PCM CAPACITY INSUFFICIENT
20420,340.333333333333,5.67222222222222,35,20.0704602672219,34.5327446212619,1,0,0.584069223422592,797.739222131392,768,0,20,20.6,20,3,5,COOLING IN PROGRESS,PCM CAPACITY INSUFFICIENT
20430,340.5,5.675,35,20.0704602672219,34.5336288207899,1,0,0.582963974012589,797.739222131392,768,0,20,20.6,20,3,5,COOLING IN PROGRESS,PCM CAPACITY INSUFFICIENT
20440,340.666666666667,5.67777777777778,35,20.0704602672219,34.5345113471242,1,0,0.581860816094792,797.739222131392,768,0,20,20.6,20,3,5,COOLING IN PROGRESS,PCM CAPACITY INSUFFICIENT
20450,340.833333333333,5.68055555555556,35,20.0704602672219,34.5353922034308,1,0,0.580759745711479,797.739222131392,768,0,20,20.6,20,3,5,COOLING IN PROGRESS,PCM CAPACITY INSUFFICIENT
20460,341,5.68333333333333,35,20.0704602672219,34.5362713928701,1,0,0.579660758912395,797.739222131392,768,0,20,20.6,20,3,5,COOLING IN PROGRESS,PCM CAPACITY INSUFFICIENT
20470,341.166666666667,5.68611111111111,35,20.0704602672219,34.5371489185963,1,0,0.578563851754641,797.739222131392,768,0,20,20.6,20,3,5,COOLING IN PROGRESS,PCM CAPACITY INSUFFICIENT
20480,341.333333333333,5.68888888888889,35,20.0704602672219,34.5380247837577,1,0,0.577469020302903,797.739222131392,768,0,20,20.6,20,3,5,COOLING IN PROGRESS,PCM CAPACITY INSUFFICIENT
20490,341.5,5.69166666666667,35,20.0704602672219,34.5388989914966,1,0,0.57637626062923,797.739222131392,768,0,20,20.6,20,3,5,COOLING IN PROGRESS,PCM CAPACITY INSUFFICIENT
20500,341.666666666667,5.69444444444444,35,20.0704602672219,34.5397715449494,1,0,0.575285568813211,797.739222131392,768,0,20,20.6,20,3,5,COOLING IN PROGRESS,PCM CAPACITY INSUFFICIENT
20510,341.833333333333,5.69722222222222,35,20.0704602672219,34.5406424472466,1,0,0.574196940941691,797.739222131392,768,0,20,20.6,20,3,5,COOLING IN PROGRESS,PCM CAPACITY INSUFFICIENT
20520,342,5.7,35,20.0704602672219,34.5415117015128,1,0,0.573110373109014,797.739222131392,768,0,20,20.6,20,3,5,COOLING IN PROGRESS,PCM CAPACITY INSUFFICIENT
20530,342.166666666667,5.70277777777778,35,20.0704602672219,34.5423793108664,1,0,0.572025861417007,797.739222131392,768,0,20,20.6,20,3,5,COOLING IN PROGRESS,PCM CAPACITY INSUFFICIENT
20540,342.333333333333,5.70555555555556,35,20.0704602672219,34.5432452784202,1,0,0.570943401974731,797.739222131392,768,0,20,20.6,20,3,5,COOLING IN PROGRESS,PCM CAPACITY INSUFFICIENT
20550,342.5,5.70833333333333,35,20.0704602672219,34.544109607281,1,0,0.569862990898695,797.739222131392,768,0,20,20.6,20,3,5,COOLING IN PROGRESS,PCM CAPACITY INSUFFICIENT
20560,342.666666666667,5.71111111111111,35,20.0704602672219,34.5449723005499,1,0,0.568784624312686,797.739222131392,768,0,20,20.6,20,3,5,COOLING IN PROGRESS,PCM CAPACITY INSUFFICIENT
20570,342.833333333333,5.71388888888889,35,20.0704602672219,34.5458333613218,1,0,0.567708298347762,797.739222131392,768,0,20,20.6,20,3,5,COOLING IN PROGRESS,PCM CAPACITY INSUFFICIENT
20580,343,5.71666666666667,35,20.0704602672219,34.5466927926859,1,0,0.566634009142586,797.739222131392,768,0,20,20.6,20,3,5,COOLING IN PROGRESS,PCM CAPACITY INSUFFICIENT
20590,343.166666666667,5.71944444444444,35,20.0704602672219,34.5475505977257,1,0,0.565561752842871,797.739222131392,768,0,20,20.6,20,3,5,COOLING IN PROGRESS,PCM CAPACITY INSUFFICIENT
20600,343.333333333333,5.72222222222222,35,20.0704602672219,34.5484067795186,1,0,0.564491525601696,797.739222131392,768,0,20,20.6,20,3,5,COOLING IN PROGRESS,PCM CAPACITY INSUFFICIENT
20610,343.5,5.725,35,20.0704602672219,34.5492613411365,1,0,0.563423323579393,797.739222131392,768,0,20,20.6,20,3,5,COOLING IN PROGRESS,PCM CAPACITY INSUFFICIENT
20620,343.666666666667,5.72777777777778,35,20.0704602672219,34.5501142856451,1,0,0.562357142943632,797.739222131392,768,0,20,20.6,20,3,5,COOLING IN PROGRESS,PCM CAPACITY INSUFFICIENT
20630,343.833333333333,5.73055555555556,35,20.0704602672219,34.5509656161046,1,0,0.561292979869279,797.739222131392,768,0,20,20.6,20,3,5,COOLING IN PROGRESS,PCM CAPACITY INSUFFICIENT
20640,344,5.73333333333333,35,20.0704602672219,34.5518153355693,1,0,0.560230830538426,797.739222131392,768,0,20,20.6,20,3,5,COOLING IN PROGRESS,PCM CAPACITY INSUFFICIENT
20650,344.166666666667,5.73611111111111,35,20.0704602672219,34.5526634470877,1,0,0.559170691140416,797.739222131392,768,0,20,20.6,20,3,5,COOLING IN PROGRESS,PCM CAPACITY INSUFFICIENT
20660,344.333333333333,5.73888888888889,35,20.0704602672219,34.5535099537026,1,0,0.558112557871802,797.739222131392,768,0,20,20.6,20,3,5,COOLING IN PROGRESS,PCM CAPACITY INSUFFICIENT
20670,344.5,5.74166666666667,35,20.0704602672219,34.5543548584509,1,0,0.557056426936366,797.739222131392,768,0,20,20.6,20,3,5,COOLING IN PROGRESS,PCM CAPACITY INSUFFICIENT
20680,344.666666666667,5.74444444444444,35,20.0704602672219,34.555198164364,1,0,0.556002294545035,797.739222131392,768,0,20,20.6,20,3,5,COOLING IN PROGRESS,PCM CAPACITY INSUFFICIENT
20690,344.833333333333,5.74722222222222,35,20.0704602672219,34.5560398744673,1,0,0.554950156915854,797.739222131392,768,0,20,20.6,20,3,5,COOLING IN PROGRESS,PCM CAPACITY INSUFFICIENT
20700,345,5.75,35,20.0704602672219,34.5568799917807,1,0,0.553900010274182,797.739222131392,768,0,20,20.6,20,3,5,COOLING IN PROGRESS,PCM CAPACITY INSUFFICIENT
20710,345.166666666667,5.75277777777778,35,20.0704602672219,34.5577185193181,1,0,0.552851850852347,797.739222131392,768,0,20,20.6,20,3,5,COOLING IN PROGRESS,PCM CAPACITY INSUFFICIENT
20720,345.333333333333,5.75555555555556,35,20.0704602672219,34.5585554600881,1,0,0.551805674889856,797.739222131392,768,0,20,20.6,20,3,5,COOLING IN PROGRESS,PCM CAPACITY INSUFFICIENT
20730,345.5,5.75833333333333,35,20.0704602672219,34.5593908170933,1,0,0.550761478633417,797.739222131392,768,0,20,20.6,20,3,5,COOLING IN PROGRESS,PCM CAPACITY INSUFFICIENT
20740,345.666666666667,5.76111111111111,35,20.0704602672219,34.5602245933306,1,0,0.549719258336729,797.739222131392,768,0,20,20.6,20,3,5,COOLING IN PROGRESS,PCM CAPACITY INSUFFICIENT
20750,345.833333333333,5.76388888888889,35,20.0704602672219,34.5610567917914,1,0,0.548679010260722,797.739222131392,768,0,20,20.6,20,3,5,COOLING IN PROGRESS,PCM CAPACITY INSUFFICIENT
20760,346,5.76666666666667,35,20.0704602672219,34.5618874154615,1,0,0.54764073067318,797.739222131392,768,0,20,20.6,20,3,5,COOLING IN PROGRESS,PCM CAPACITY INSUFFICIENT
20770,346.166666666667,5.76944444444444,35,20.0704602672219,34.5627164673206,1,0,0.546604415849217,797.739222131392,768,0,20,20.6,20,3,5,COOLING IN PROGRESS,PCM CAPACITY INSUFFICIENT
20780,346.333333333333,5.77222222222222,35,20.0704602672219,34.5635439503434,1,0,0.545570062070793,797.739222131392,768,0,20,20.6,20,3,5,COOLING IN PROGRESS,PCM CAPACITY INSUFFICIENT
20790,346.5,5.775,35,20.0704602672219,34.5643698674984,1,0,0.544537665626983,797.739222131392,768,0,20,20.6,20,3,5,COOLING IN PROGRESS,PCM CAPACITY INSUFFICIENT
20800,346.666666666667,5.77777777777778,35,20.0704602672219,34.5651942217489,1,0,0.543507222813826,797.739222131392,768,0,20,20.6,20,3,5,COOLING IN PROGRESS,PCM CAPACITY INSUFFICIENT
20810,346.833333333333,5.78055555555556,35,20.0704602672219,34.5660170160524,1,0,0.542478729934501,797.739222131392,768,0,20,20.6,20,3,5,COOLING IN PROGRESS,PCM CAPACITY INSUFFICIENT
20820,347,5.78333333333333,35,20.0704602672219,34.5668382533608,1,0,0.541452183299045,797.739222131392,768,0,20,20.6,20,3,5,COOLING IN PROGRESS,PCM CAPACITY INSUFFICIENT
20830,347.166666666667,5.78611111111111,35,20.0704602672219,34.5676579366204,1,0,0.540427579224545,797.739222131392,768,0,20,20.6,20,3,5,COOLING IN PROGRESS,PCM CAPACITY INSUFFICIENT
20840,347.333333333333,5.78888888888889,35,20.0704602672219,34.568476068772,1,0,0.539404914034982,797.739222131392,768,0,20,20.6,20,3,5,COOLING IN PROGRESS,PCM CAPACITY INSUFFICIENT
20850,347.5,5.79166666666667,35,20.0704602672219,34.5692926527509,1,0,0.538384184061407,797.739222131392,768,0,20,20.6,20,3,5,COOLING IN PROGRESS,PCM CAPACITY INSUFFICIENT
20860,347.666666666667,5.79444444444444,35,20.0704602672219,34.5701076914866,1,0,0.537365385641797,797.739222131392,768,0,20,20.6,20,3,5,COOLING IN PROGRESS,PCM CAPACITY INSUFFICIENT
20870,347.833333333333,5.79722222222222,35,20.0704602672219,34.5709211879032,1,0,0.536348515120961,797.739222131392,768,0,20,20.6,20,3,5,COOLING IN PROGRESS,PCM CAPACITY INSUFFICIENT
20880,348,5.8,35,20.0704602672219,34.5717331449195,1,0,0.53533356885068,797.739222131392,768,0,20,20.6,20,3,5,COOLING IN PROGRESS,PCM CAPACITY INSUFFICIENT
20890,348.166666666667,5.80277777777778,35,20.0704602672219,34.5725435654482,1,0,0.534320543189697,797.739222131392,768,0,20,20.6,20,3,5,COOLING IN PROGRESS,PCM CAPACITY INSUFFICIENT
20900,348.333333333333,5.80555555555556,35,20.0704602672219,34.5733524523972,1,0,0.533309434503497,797.739222131392,768,0,20,20.6,20,3,5,COOLING IN PROGRESS,PCM CAPACITY INSUFFICIENT
20910,348.5,5.80833333333333,35,20.0704602672219,34.5741598086682,1,0,0.532300239164698,797.739222131392,768,0,20,20.6,20,3,5,COOLING IN PROGRESS,PCM CAPACITY INSUFFICIENT
20920,348.666666666667,5.81111111111111,35,20.0704602672219,34.574965637158,1,0,0.531292953552507,797.739222131392,768,0,20,20.6,20,3,5,COOLING IN PROGRESS,PCM CAPACITY INSUFFICIENT
20930,348.833333333333,5.81388888888889,35,20.0704602672219,34.5757699407575,1,0,0.53028757405313,797.739222131392,768,0,20,20.6,20,3,5,COOLING IN PROGRESS,PCM CAPACITY INSUFFICIENT
20940,349,5.81666666666667,35,20.0704602672219,34.5765727223524,1,0,0.529284097059541,797.739222131392,768,0,20,20.6,20,3,5,COOLING IN PROGRESS,PCM CAPACITY INSUFFICIENT
20950,349.166666666667,5.81944444444444,35,20.0704602672219,34.5773739848227,1,0,0.52828251897167,797.739222131392,768,0,20,20.6,20,3,5,COOLING IN PROGRESS,PCM CAPACITY INSUFFICIENT
20960,349.333333333333,5.82222222222222,35,20.0704602672219,34.5781737310431,1,0,0.527282836196141,797.739222131392,768,0,20,20.6,20,3,5,COOLING IN PROGRESS,PCM CAPACITY INSUFFICIENT
20970,349.5,5.825,35,20.0704602672219,34.5789719638829,1,0,0.52628504514634,797.739222131392,768,0,20,20.6,20,3,5,COOLING IN PROGRESS,PCM CAPACITY INSUFFICIENT
20980,349.666666666667,5.82777777777778,35,20.0704602672219,34.579768686206,1,0,0.525289142242498,797.739222131392,768,0,20,20.6,20,3,5,COOLING IN PROGRESS,PCM CAPACITY INSUFFICIENT
20990,349.833333333333,5.83055555555556,35,20.0704602672219,34.5805639008706,1,0,0.524295123911696,797.739222131392,768,0,20,20.6,20,3,5,COOLING IN PROGRESS,PCM CAPACITY INSUFFICIENT
21000,350,5.83333333333333,35,20.0704602672219,34.5813576107298,1,0,0.523302986587701,797.739222131392,768,0,20,20.6,20,3,5,COOLING IN PROGRESS,PCM CAPACITY INSUFFICIENT
21010,350.166666666667,5.83611111111111,35,20.0704602672219,34.5821498186312,1,0,0.522312726710981,797.739222131392,768,0,20,20.6,20,3,5,COOLING IN PROGRESS,PCM CAPACITY INSUFFICIENT
21020,350.333333333333,5.83888888888889,35,20.0704602672219,34.5829405274169,1,0,0.521324340728864,797.739222131392,768,0,20,20.6,20,3,5,COOLING IN PROGRESS,PCM CAPACITY INSUFFICIENT
21030,350.5,5.84166666666667,35,20.0704602672219,34.5837297399238,1,0,0.520337825095272,797.739222131392,768,0,20,20.6,20,3,5,COOLING IN PROGRESS,PCM CAPACITY INSUFFICIENT
21040,350.666666666667,5.84444444444444,35,20.0704602672219,34.5845174589833,1,0,0.519353176270929,797.739222131392,768,0,20,20.6,20,3,5,COOLING IN PROGRESS,PCM CAPACITY INSUFFICIENT
21050,350.833333333333,5.84722222222222,35,20.0704602672219,34.5853036874214,1,0,0.518370390723231,797.739222131392,768,0,20,20.6,20,3,5,COOLING IN PROGRESS,PCM CAPACITY INSUFFICIENT
21060,351,5.85,35,20.0704602672219,34.5860884280591,1,0,0.51738946492617,797.739222131392,768,0,20,20.6,20,3,5,COOLING IN PROGRESS,PCM CAPACITY INSUFFICIENT
21070,351.166666666667,5.85277777777778,35,20.0704602672219,34.5868716837115,1,0,0.516410395360563,797.739222131392,768,0,20,20.6,20,3,5,COOLING IN PROGRESS,PCM CAPACITY INSUFFICIENT
21080,351.333333333333,5.85555555555556,35,20.0704602672219,34.5876534571889,1,0,0.515433178513822,797.739222131392,768,0,20,20.6,20,3,5,COOLING IN PROGRESS,PCM CAPACITY INSUFFICIENT
21090,351.5,5.85833333333333,35,20.0704602672219,34.588433751296,1,0,0.514457810879989,797.739222131392,768,0,20,20.6,20,3,5,COOLING IN PROGRESS,PCM CAPACITY INSUFFICIENT
21100,351.666666666667,5.86111111111111,35,20.0704602672219,34.5892125688322,1,0,0.513484288959773,797.739222131392,768,0,20,20.6,20,3,5,COOLING IN PROGRESS,PCM CAPACITY INSUFFICIENT
21110,351.833333333333,5.86388888888889,35,20.0704602672219,34.5899899125917,1,0,0.512512609260369,797.739222131392,768,0,20,20.6,20,3,5,COOLING IN PROGRESS,PCM CAPACITY INSUFFICIENT
21120,352,5.86666666666667,35,20.0704602672219,34.5907657853634,1,0,0.511542768295801,797.739222131392,768,0,20,20.6,20,3,5,COOLING IN PROGRESS,PCM CAPACITY INSUFFICIENT
21130,352.166666666667,5.86944444444444,35,20.0704602672219,34.5915401899307,1,0,0.510574762586575,797.739222131392,768,0,20,20.6,20,3,5,COOLING IN PROGRESS,PCM CAPACITY INSUFFICIENT
21140,352.333333333333,5.87222222222222,35,20.0704602672219,34.5923131290722,1,0,0.509608588659765,797.739222131392,768,0,20,20.6,20,3,5,COOLING IN PROGRESS,PCM CAPACITY INSUFFICIENT
21150,352.5,5.875,35,20.0704602672219,34.5930846055607,1,0,0.50864424304911,797.739222131392,768,0,20,20.6,20,3,5,COOLING IN PROGRESS,PCM CAPACITY INSUFFICIENT
21160,352.666666666667,5.87777777777778,35,20.0704602672219,34.5938546221642,1,0,0.507681722294793,797.739222131392,768,0,20,20.6,20,3,5,COOLING IN PROGRESS,PCM CAPACITY INSUFFICIENT
21170,352.833333333333,5.88055555555556,35,20.0704602672219,34.5946231816452,1,0,0.506721022943548,797.739222131392,768,0,20,20.6,20,3,5,COOLING IN PROGRESS,PCM CAPACITY INSUFFICIENT
21180,353,5.88333333333333,35,20.0704602672219,34.595390286761,1,0,0.505762141548693,797.739222131392,768,0,20,20.6,20,3,5,COOLING IN PROGRESS,PCM CAPACITY INSUFFICIENT
21190,353.166666666667,5.88611111111111,35,20.0704602672219,34.5961559402639,1,0,0.5048050746701,797.739222131392,768,0,20,20.6,20,3,5,COOLING IN PROGRESS,PCM CAPACITY INSUFFICIENT
21200,353.333333333333,5.88888888888889,35,20.0704602672219,34.5969201449007,1,0,0.503849818874098,797.739222131392,768,0,20,20.6,20,3,5,COOLING IN PROGRESS,PCM CAPACITY INSUFFICIENT
21210,353.5,5.89166666666667,35,20.0704602672219,34.5976829034132,1,0,0.502896370733517,797.739222131392,768,0,20,20.6,20,3,5,COOLING IN PROGRESS,PCM CAPACITY INSUFFICIENT
21220,353.666666666667,5.89444444444444,35,20.0704602672219,34.5984442185378,1,0,0.501944726827723,797.739222131392,768,0,20,20.6,20,3,5,COOLING IN PROGRESS,PCM CAPACITY INSUFFICIENT
21230,353.833333333333,5.89722222222222,35,20.0704602672219,34.599204093006,1,0,0.500994883742498,797.739222131392,768,0,20,20.6,20,3,5,COOLING IN PROGRESS,PCM CAPACITY INSUFFICIENT
21240,354,5.9,35,20.0704602672219,34.599962529544,1,0,0.500046838070061,797.739222131392,768,0,20,20.6,20,3,5,COOLING IN PROGRESS,PCM CAPACITY INSUFFICIENT
21250,354.166666666667,5.90277777777778,35,20.0704602672219,34.6007195308726,1,0,0.499100586409194,797.739222131392,768,0,20,20.6,20,3,5,COOLING IN PROGRESS,PCM CAPACITY INSUFFICIENT
21260,354.333333333333,5.90555555555556,35,20.0704602672219,34.6014750997081,1,0,0.498156125364932,797.739222131392,768,0,20,20.6,20,3,5,COOLING IN PROGRESS,PCM CAPACITY INSUFFICIENT
21270,354.5,5.90833333333333,35,20.0704602672219,34.6022292387609,1,0,0.497213451548868,797.739222131392,768,0,20,20.6,20,3,5,COOLING IN PROGRESS,PCM CAPACITY INSUFFICIENT
21280,354.666666666667,5.91111111111111,35,20.0704602672219,34.6029819507367,1,0,0.496272561579136,797.739222131392,768,0,20,20.6,20,3,5,COOLING IN PROGRESS,PCM CAPACITY INSUFFICIENT
21290,354.833333333333,5.91388888888889,35,20.0704602672219,34.603733238336,1,0,0.495333452079976,797.739222131392,768,0,20,20.6,20,3,5,COOLING IN PROGRESS,PCM CAPACITY INSUFFICIENT
21300,355,5.91666666666667,35,20.0704602672219,34.6044831042542,1,0,0.494396119682214,797.739222131392,768,0,20,20.6,20,3,5,COOLING IN PROGRESS,PCM CAPACITY INSUFFICIENT
21310,355.166666666667,5.91944444444444,35,20.0704602672219,34.6052315511816,1,0,0.493460561022978,797.739222131392,768,0,20,20.6,20,3,5,COOLING IN PROGRESS,PCM CAPACITY INSUFFICIENT
21320,355.333333333333,5.92222222222222,35,20.0704602672219,34.6059785818034,1,0,0.492526772745716,797.739222131392,768,0,20,20.6,20,3,5,COOLING IN PROGRESS,PCM CAPACITY INSUFFICIENT
21330,355.5,5.925,35,20.0704602672219,34.6067241987997,1,0,0.491594751500415,797.739222131392,768,0,20,20.6,20,3,5,COOLING IN PROGRESS,PCM CAPACITY INSUFFICIENT
21340,355.666666666667,5.92777777777778,35,20.0704602672219,34.6074684048455,1,0,0.490664493943171,797.739222131392,768,0,20,20.6,20,3,5,COOLING IN PROGRESS,PCM CAPACITY INSUFFICIENT
21350,355.833333333333,5.93055555555556,35,20.0704602672219,34.6082112026108,1,0,0.489735996736504,797.739222131392,768,0,20,20.6,20,3,5,COOLING IN PROGRESS,PCM CAPACITY INSUFFICIENT
21360,356,5.93333333333333,35,20.0704602672219,34.6089525947605,1,0,0.488809256549345,797.739222131392,768,0,20,20.6,20,3,5,COOLING IN PROGRESS,PCM CAPACITY INSUFFICIENT
21370,356.166666666667,5.93611111111111,35,20.0704602672219,34.6096925839546,1,0,0.487884270056718,797.739222131392,768,0,20,20.6,20,3,5,COOLING IN PROGRESS,PCM CAPACITY INSUFFICIENT
21380,356.333333333333,5.93888888888889,35,20.0704602672219,34.6104311728479,1,0,0.486961033940183,797.739222131392,768,0,20,20.6,20,3,5,COOLING IN PROGRESS,PCM CAPACITY INSUFFICIENT
21390,356.5,5.94166666666667,35,20.0704602672219,34.61116836409,1,0,0.48603954488744,797.739222131392,768,0,20,20.6,20,3,5,COOLING IN PROGRESS,PCM CAPACITY INSUFFICIENT
21400,356.666666666667,5.94444444444444,35,20.0704602672219,34.611904160326,1,0,0.485119799592439,797.739222131392,768,0,20,20.6,20,3,5,COOLING IN PROGRESS,PCM CAPACITY INSUFFICIENT
21410,356.833333333333,5.94722222222222,35,20.0704602672219,34.6126385641957,1,0,0.484201794755394,797.739222131392,768,0,20,20.6,20,3,5,COOLING IN PROGRESS,PCM CAPACITY INSUFFICIENT
21420,357,5.95,35,20.0704602672219,34.6133715783338,1,0,0.483285527082788,797.739222131392,768,0,20,20.6,20,3,5,COOLING IN PROGRESS,PCM CAPACITY INSUFFICIENT
21430,357.166666666667,5.95277777777778,35,20.0704602672219,34.6141032053701,1,0,0.482370993287393,797.739222131392,768,0,20,20.6,20,3,5,COOLING IN PROGRESS,PCM CAPACITY INSUFFICIENT
21440,357.333333333333,5.95555555555556,35,20.0704602672219,34.6148334479295,1,0,0.481458190088135,797.739222131392,768,0,20,20.6,20,3,5,COOLING IN PROGRESS,PCM CAPACITY INSUFFICIENT
21450,357.5,5.95833333333333,35,20.0704602672219,34.6155623086319,1,0,0.480547114210177,797.739222131392,768,0,20,20.6,20,3,5,COOLING IN PROGRESS,PCM CAPACITY INSUFFICIENT
21460,357.666666666667,5.96111111111111,35,20.0704602672219,34.6162897900922,1,0,0.47963776238479,797.739222131392,768,0,20,20.6,20,3,5,COOLING IN PROGRESS,PCM CAPACITY INSUFFICIENT
21470,357.833333333333,5.96388888888889,35,20.0704602672219,34.6170158949203,1,0,0.478730131349616,797.739222131392,768,0,20,20.6,20,3,5,COOLING IN PROGRESS,PCM CAPACITY INSUFFICIENT
21480,358,5.96666666666667,35,20.0704602672219,34.6177406257214,1,0,0.477824217848291,797.739222131392,768,0,20,20.6,20,3,5,COOLING IN PROGRESS,PCM CAPACITY INSUFFICIENT
21490,358.166666666667,5.96944444444444,35,20.0704602672219,34.6184639850955,1,0,0.476920018630667,797.739222131392,768,0,20,20.6,20,3,5,COOLING IN PROGRESS,PCM CAPACITY INSUFFICIENT
21500,358.333333333333,5.97222222222222,35,20.0704602672219,34.6191859756378,1,0,0.47601753045277,797.739222131392,768,0,20,20.6,20,3,5,COOLING IN PROGRESS,PCM CAPACITY INSUFFICIENT
21510,358.5,5.975,35,20.0704602672219,34.6199065999386,1,0,0.475116750076801,797.739222131392,768,0,20,20.6,20,3,5,COOLING IN PROGRESS,PCM CAPACITY INSUFFICIENT
21520,358.666666666667,5.97777777777778,35,20.0704602672219,34.6206258605832,1,0,0.47421767427096,797.739222131392,768,0,20,20.6,20,3,5,COOLING IN PROGRESS,PCM CAPACITY INSUFFICIENT
21530,358.833333333333,5.98055555555556,35,20.0704602672219,34.6213437601522,1,0,0.473320299809714,797.739222131392,768,0,20,20.6,20,3,5,COOLING IN PROGRESS,PCM CAPACITY INSUFFICIENT
21540,359,5.98333333333333,35,20.0704602672219,34.6220603012212,1,0,0.472424623473522,797.739222131392,768,0,20,20.6,20,3,5,COOLING IN PROGRESS,PCM CAPACITY INSUFFICIENT
21550,359.166666666667,5.98611111111111,35,20.0704602672219,34.6227754863608,1,0,0.471530642049007,797.739222131392,768,0,20,20.6,20,3,5,COOLING IN PROGRESS,PCM CAPACITY INSUFFICIENT
21560,359.333333333333,5.98888888888889,35,20.0704602672219,34.6234893181369,1,0,0.470638352328852,797.739222131392,768,0,20,20.6,20,3,5,COOLING IN PROGRESS,PCM CAPACITY INSUFFICIENT
21570,359.5,5.99166666666667,35,20.0704602672219,34.6242017991106,1,0,0.469747751111775,797.739222131392,768,0,20,20.6,20,3,5,COOLING IN PROGRESS,PCM CAPACITY INSUFFICIENT
21580,359.666666666667,5.99444444444444,35,20.0704602672219,34.624912931838,1,0,0.468858835202557,797.739222131392,768,0,20,20.6,20,3,5,COOLING IN PROGRESS,PCM CAPACITY INSUFFICIENT
21590,359.833333333333,5.99722222222222,35,20.0704602672219,34.6256227188703,1,0,0.467971601412138,797.739222131392,768,0,20,20.6,20,3,5,COOLING IN PROGRESS,PCM CAPACITY INSUFFICIENT
21600,360,6,35,20.0704602672219,34.6263311627541,1,0,0.467086046557332,797.739222131392,768,0,20,20.6,20,3,5,COOLING IN PROGRESS,PCM CAPACITY INSUFFICIENT
21610,360.166666666667,6.00277777777778,35,20.0704602672219,34.6270382660311,1,0,0.466202167461063,797.739222131392,768,0,20,20.6,20,3,5,COOLING IN PROGRESS,PCM CAPACITY INSUFFICIENT
21620,360.333333333333,6.00555555555556,35,20.0704602672219,34.6277440312382,1,0,0.465319960952248,797.739222131392,768,0,20,20.6,20,3,5,COOLING IN PROGRESS,PCM CAPACITY INSUFFICIENT
21630,360.5,6.00833333333333,35,20.0704602672219,34.6284484609074,1,0,0.464439423865803,797.739222131392,768,0,20,20.6,20,3,5,COOLING IN PROGRESS,PCM CAPACITY INSUFFICIENT
21640,360.666666666667,6.01111111111111,35,20.0704602672219,34.6291515575659,1,0,0.463560553042601,797.739222131392,768,0,20,20.6,20,3,5,COOLING IN PROGRESS,PCM CAPACITY INSUFFICIENT
21650,360.833333333333,6.01388888888889,35,20.0704602672219,34.6298533237363,1,0,0.462683345329591,797.739222131392,768,0,20,20.6,20,3,5,COOLING IN PROGRESS,PCM CAPACITY INSUFFICIENT
21660,361,6.01666666666667,35,20.0704602672219,34.6305537619363,1,0,0.461807797579574,797.739222131392,768,0,20,20.6,20,3,5,COOLING IN PROGRESS,PCM CAPACITY INSUFFICIENT
21670,361.166666666667,6.01944444444444,35,20.0704602672219,34.6312528746789,1,0,0.460933906651322,797.739222131392,768,0,20,20.6,20,3,5,COOLING IN PROGRESS,PCM CAPACITY INSUFFICIENT
21680,361.333333333333,6.02222222222222,35,20.0704602672219,34.6319506644723,1,0,0.460061669409626,797.739222131392,768,0,20,20.6,20,3,5,COOLING IN PROGRESS,PCM CAPACITY INSUFFICIENT
21690,361.5,6.025,35,20.0704602672219,34.6326471338198,1,0,0.459191082725274,797.739222131392,768,0,20,20.6,20,3,5,COOLING IN PROGRESS,PCM CAPACITY INSUFFICIENT
21700,361.666666666667,6.02777777777778,35,20.0704602672219,34.6333422852202,1,0,0.458322143474756,797.739222131392,768,0,20,20.6,20,3,5,COOLING IN PROGRESS,PCM CAPACITY INSUFFICIENT
21710,361.833333333333,6.03055555555556,35,20.0704602672219,34.6340361211675,1,0,0.45745484854061,797.739222131392,768,0,20,20.6,20,3,5,COOLING IN PROGRESS,PCM CAPACITY INSUFFICIENT
21720,362,6.03333333333333,35,20.0704602672219,34.6347286441509,1,0,0.456589194811325,797.739222131392,768,0,20,20.6,20,3,5,COOLING IN PROGRESS,PCM CAPACITY INSUFFICIENT
21730,362.166666666667,6.03611111111111,35,20.0704602672219,34.6354198566551,1,0,0.455725179181101,797.739222131392,768,0,20,20.6,20,3,5,COOLING IN PROGRESS,PCM CAPACITY INSUFFICIENT
21740,362.333333333333,6.03888888888889,35,20.0704602672219,34.6361097611599,1,0,0.454862798550177,797.739222131392,768,0,20,20.6,20,3,5,COOLING IN PROGRESS,PCM CAPACITY INSUFFICIENT
21750,362.5,6.04166666666667,35,20.0704602672219,34.6367983601403,1,0,0.454002049824602,797.739222131392,768,0,20,20.6,20,3,5,COOLING IN PROGRESS,PCM CAPACITY INSUFFICIENT
21760,362.666666666667,6.04444444444444,35,20.0704602672219,34.637485656067,1,0,0.453142929916233,797.739222131392,768,0,20,20.6,20,3,5,COOLING IN PROGRESS,PCM CAPACITY INSUFFICIENT
21770,362.833333333333,6.04722222222222,35,20.0704602672219,34.6381716514057,1,0,0.452285435742841,797.739222131392,768,0,20,20.6,20,3,5,COOLING IN PROGRESS,PCM CAPACITY INSUFFICIENT
21780,363,6.05,35,20.0704602672219,34.6388563486176,1,0,0.451429564228043,797.739222131392,768,0,20,20.6,20,3,5,COOLING IN PROGRESS,PCM CAPACITY INSUFFICIENT
21790,363.166666666667,6.05277777777778,35,20.0704602672219,34.639539750159,1,0,0.450575312301229,797.739222131392,768,0,20,20.6,20,3,5,COOLING IN PROGRESS,PCM CAPACITY INSUFFICIENT
21800,363.333333333333,6.05555555555556,35,20.0704602672219,34.640221858482,1,0,0.449722676897562,797.739222131392,768,0,20,20.6,20,3,5,COOLING IN PROGRESS,PCM CAPACITY INSUFFICIENT
21810,363.5,6.05833333333333,35,20.0704602672219,34.6409026760335,1,0,0.448871654958065,797.739222131392,768,0,20,20.6,20,3,5,COOLING IN PROGRESS,PCM CAPACITY INSUFFICIENT
21820,363.666666666667,6.06111111111111,35,20.0704602672219,34.6415822052563,1,0,0.448022243429591,797.739222131392,768,0,20,20.6,20,3,5,COOLING IN PROGRESS,PCM CAPACITY INSUFFICIENT
21830,363.833333333333,6.06388888888889,35,20.0704602672219,34.6422604485882,1,0,0.447174439264693,797.739222131392,768,0,20,20.6,20,3,5,COOLING IN PROGRESS,PCM CAPACITY INSUFFICIENT
21840,364,6.06666666666667,35,20.0704602672219,34.6429374084626,1,0,0.446328239421767,797.739222131392,768,0,20,20.6,20,3,5,COOLING IN PROGRESS,PCM CAPACITY INSUFFICIENT
21850,364.166666666667,6.06944444444444,35,20.0704602672219,34.6436130873082,1,0,0.445483640864772,797.739222131392,768,0,20,20.6,20,3,5,COOLING IN PROGRESS,PCM CAPACITY INSUFFICIENT
21860,364.333333333333,6.07222222222222,35,20.0704602672219,34.6442874875491,1,0,0.444640640563634,797.739222131392,768,0,20,20.6,20,3,5,COOLING IN PROGRESS,PCM CAPACITY INSUFFICIENT
21870,364.5,6.075,35,20.0704602672219,34.6449606116048,1,0,0.443799235493962,797.739222131392,768,0,20,20.6,20,3,5,COOLING IN PROGRESS,PCM CAPACITY INSUFFICIENT
21880,364.666666666667,6.07777777777778,35,20.0704602672219,34.6456324618904,1,0,0.442959422636999,797.739222131392,768,0,20,20.6,20,3,5,COOLING IN PROGRESS,PCM CAPACITY INSUFFICIENT
21890,364.833333333333,6.08055555555556,35,20.0704602672219,34.6463030408162,1,0,0.442121198979795,797.739222131392,768,0,20,20.6,20,3,5,COOLING IN PROGRESS,PCM CAPACITY INSUFFICIENT
21900,365,6.08333333333333,35,20.0704602672219,34.646972350788,1,0,0.441284561515038,797.739222131392,768,0,20,20.6,20,3,5,COOLING IN PROGRESS,PCM CAPACITY INSUFFICIENT
21910,365.166666666667,6.08611111111111,35,20.0704602672219,34.6476403942071,1,0,0.44044950724115,797.739222131392,768,0,20,20.6,20,3,5,COOLING IN PROGRESS,PCM CAPACITY INSUFFICIENT
21920,365.333333333333,6.08888888888889,35,20.0704602672219,34.6483071734703,1,0,0.439616033162187,797.739222131392,768,0,20,20.6,20,3,5,COOLING IN PROGRESS,PCM CAPACITY INSUFFICIENT
21930,365.5,6.09166666666667,35,20.0704602672219,34.6489726909696,1,0,0.438784136287982,797.739222131392,768,0,20,20.6,20,3,5,COOLING IN PROGRESS,PCM CAPACITY INSUFFICIENT
21940,365.666666666667,6.09444444444444,35,20.0704602672219,34.6496369490929,1,0,0.4379538136339,797.739222131392,768,0,20,20.6,20,3,5,COOLING IN PROGRESS,PCM CAPACITY INSUFFICIENT
21950,365.833333333333,6.09722222222222,35,20.0704602672219,34.6502999502232,1,0,0.437125062221062,797.739222131392,768,0,20,20.6,20,3,5,COOLING IN PROGRESS,PCM CAPACITY INSUFFICIENT
21960,366,6.1,35,20.0704602672219,34.6509616967391,1,0,0.436297879076069,797.739222131392,768,0,20,20.6,20,3,5,COOLING IN PROGRESS,PCM CAPACITY INSUFFICIENT
21970,366.166666666667,6.10277777777778,35,20.0704602672219,34.6516221910149,1,0,0.43547226123132,797.739222131392,768,0,20,20.6,20,3,5,COOLING IN PROGRESS,PCM CAPACITY INSUFFICIENT
21980,366.333333333333,6.10555555555556,35,20.0704602672219,34.6522814354203,1,0,0.43464820572467,797.739222131392,768,0,20,20.6,20,3,5,COOLING IN PROGRESS,PCM CAPACITY INSUFFICIENT
21990,366.5,6.10833333333333,35,20.0704602672219,34.6529394323202,1,0,0.433825709599773,797.739222131392,768,0,20,20.6,20,3,5,COOLING IN PROGRESS,PCM CAPACITY INSUFFICIENT
22000,366.666666666667,6.11111111111111,35,20.0704602672219,34.6535961840754,1,0,0.433004769905754,797.739222131392,768,0,20,20.6,20,3,5,COOLING IN PROGRESS,PCM CAPACITY INSUFFICIENT
22010,366.833333333333,6.11388888888889,35,20.0704602672219,34.6542516930422,1,0,0.432185383697288,797.739222131392,768,0,20,20.6,20,3,5,COOLING IN PROGRESS,PCM CAPACITY INSUFFICIENT
22020,367,6.11666666666667,35,20.0704602672219,34.6549059615723,1,0,0.431367548034673,797.739222131392,768,0,20,20.6,20,3,5,COOLING IN PROGRESS,PCM CAPACITY INSUFFICIENT
22030,367.166666666667,6.11944444444444,35,20.0704602672219,34.6555589920129,1,0,0.430551259983822,797.739222131392,768,0,20,20.6,20,3,5,COOLING IN PROGRESS,PCM CAPACITY INSUFFICIENT
22040,367.333333333333,6.12222222222222,35,20.0704602672219,34.6562107867071,1,0,0.429736516616064,797.739222131392,768,0,20,20.6,20,3,5,COOLING IN PROGRESS,PCM CAPACITY INSUFFICIENT
22050,367.5,6.125,35,20.0704602672219,34.6568613479932,1,0,0.4289233150085,797.739222131392,768,0,20,20.6,20,3,5,COOLING IN PROGRESS,PCM CAPACITY INSUFFICIENT
22060,367.666666666667,6.12777777777778,35,20.0704602672219,34.6575106782052,1,0,0.428111652243519,797.739222131392,768,0,20,20.6,20,3,5,COOLING IN PROGRESS,PCM CAPACITY INSUFFICIENT
22070,367.833333333333,6.13055555555556,35,20.0704602672219,34.6581587796727,1,0,0.427301525409085,797.739222131392,768,0,20,20.6,20,3,5,COOLING IN PROGRESS,PCM CAPACITY INSUFFICIENT
22080,368,6.13333333333333,35,20.0704602672219,34.658805654721,1,0,0.426492931598812,797.739222131392,768,0,20,20.6,20,3,5,COOLING IN PROGRESS,PCM CAPACITY INSUFFICIENT
22090,368.166666666667,6.13611111111111,35,20.0704602672219,34.6594513056707,1,0,0.425685867911643,797.739222131392,768,0,20,20.6,20,3,5,COOLING IN PROGRESS,PCM CAPACITY INSUFFICIENT
22100,368.333333333333,6.13888888888889,35,20.0704602672219,34.6600957348383,1,0,0.424880331452169,797.739222131392,768,0,20,20.6,20,3,5,COOLING IN PROGRESS,PCM CAPACITY INSUFFICIENT
22110,368.5,6.14166666666667,35,20.0704602672219,34.6607389445357,1,0,0.424076319330329,797.739222131392,768,0,20,20.6,20,3,5,COOLING IN PROGRESS,PCM CAPACITY INSUFFICIENT
22120,368.666666666667,6.14444444444444,35,20.0704602672219,34.6613809370708,1,0,0.423273828661532,797.739222131392,768,0,20,20.6,20,3,5,COOLING IN PROGRESS,PCM CAPACITY INSUFFICIENT
22130,368.833333333333,6.14722222222222,35,20.0704602672219,34.6620217147466,1,0,0.422472856566705,797.739222131392,768,0,20,20.6,20,3,5,COOLING IN PROGRESS,PCM CAPACITY INSUFFICIENT
22140,369,6.15,35,20.0704602672219,34.6626612798621,1,0,0.421673400172322,797.739222131392,768,0,20,20.6,20,3,5,COOLING IN PROGRESS,PCM CAPACITY INSUFFICIENT
22150,369.166666666667,6.15277777777778,35,20.0704602672219,34.663299634712,1,0,0.42087545661003,797.739222131392,768,0,20,20.6,20,3,5,COOLING IN PROGRESS,PCM CAPACITY INSUFFICIENT
22160,369.333333333333,6.15555555555556,35,20.0704602672219,34.6639367815863,1,0,0.420079023017159,797.739222131392,768,0,20,20.6,20,3,5,COOLING IN PROGRESS,PCM CAPACITY INSUFFICIENT
22170,369.5,6.15833333333333,35,20.0704602672219,34.664572722771,1,0,0.419284096536288,797.739222131392,768,0,20,20.6,20,3,5,COOLING IN PROGRESS,PCM CAPACITY INSUFFICIENT
22180,369.666666666667,6.16111111111111,35,20.0704602672219,34.6652074605476,1,0,0.418490674315528,797.739222131392,768,0,20,20.6,20,3,5,COOLING IN PROGRESS,PCM CAPACITY INSUFFICIENT
22190,369.833333333333,6.16388888888889,35,20.0704602672219,34.6658409971934,1,0,0.417698753508304,797.739222131392,768,0,20,20.6,20,3,5,COOLING IN PROGRESS,PCM CAPACITY INSUFFICIENT
22200,370,6.16666666666667,35,20.0704602672219,34.6664733349813,1,0,0.416908331273422,797.739222131392,768,0,20,20.6,20,3,5,COOLING IN PROGRESS,PCM CAPACITY INSUFFICIENT
22210,370.166666666667,6.16944444444444,35,20.0704602672219,34.6671044761799,1,0,0.416119404775168,797.739222131392,768,0,20,20.6,20,3,5,COOLING IN PROGRESS,PCM CAPACITY INSUFFICIENT
22220,370.333333333333,6.17222222222222,35,20.0704602672219,34.6677344230535,1,0,0.415331971183104,797.739222131392,768,0,20,20.6,20,3,5,COOLING IN PROGRESS,PCM CAPACITY INSUFFICIENT
22230,370.5,6.175,35,20.0704602672219,34.6683631778623,1,0,0.41454602767212,797.739222131392,768,0,20,20.6,20,3,5,COOLING IN PROGRESS,PCM CAPACITY INSUFFICIENT
22240,370.666666666667,6.17777777777778,35,20.0704602672219,34.668990742862,1,0,0.413761571422517,797.739222131392,768,0,20,20.6,20,3,5,COOLING IN PROGRESS,PCM CAPACITY INSUFFICIENT
22250,370.833333333333,6.18055555555556,35,20.0704602672219,34.6696171203041,1,0,0.412978599619933,797.739222131392,768,0,20,20.6,20,3,5,COOLING IN PROGRESS,PCM CAPACITY INSUFFICIENT
22260,371,6.18333333333333,35,20.0704602672219,34.6702423124357,1,0,0.412197109455317,797.739222131392,768,0,20,20.6,20,3,5,COOLING IN PROGRESS,PCM CAPACITY INSUFFICIENT
22270,371.166666666667,6.18611111111111,35,20.0704602672219,34.6708663215001,1,0,0.411417098124893,797.739222131392,768,0,20,20.6,20,3,5,COOLING IN PROGRESS,PCM CAPACITY INSUFFICIENT
22280,371.333333333333,6.18888888888889,35,20.0704602672219,34.6714891497358,1,0,0.41063856283019,797.739222131392,768,0,20,20.6,20,3,5,COOLING IN PROGRESS,PCM CAPACITY INSUFFICIENT
22290,371.5,6.19166666666667,35,20.0704602672219,34.6721107993775,1,0,0.409861500778161,797.739222131392,768,0,20,20.6,20,3,5,COOLING IN PROGRESS,PCM CAPACITY INSUFFICIENT
22300,371.666666666667,6.19444444444444,35,20.0704602672219,34.6727312726553,1,0,0.409085909180895,797.739222131392,768,0,20,20.6,20,3,5,COOLING IN PROGRESS,PCM CAPACITY INSUFFICIENT
22310,371.833333333333,6.19722222222222,35,20.0704602672219,34.6733505717954,1,0,0.408311785255799,797.739222131392,768,0,20,20.6,20,3,5,COOLING IN PROGRESS,PCM CAPACITY INSUFFICIENT
22320,372,6.2,35,20.0704602672219,34.6739686990196,1,0,0.40753912622554,797.739222131392,768,0,20,20.6,20,3,5,COOLING IN PROGRESS,PCM CAPACITY INSUFFICIENT
22330,372.166666666667,6.20277777777778,35,20.0704602672219,34.6745856565455,1,0,0.406767929318121,797.739222131392,768,0,20,20.6,20,3,5,COOLING IN PROGRESS,PCM CAPACITY INSUFFICIENT
22340,372.333333333333,6.20555555555556,35,20.0704602672219,34.6752014465866,1,0,0.405998191766708,797.739222131392,768,0,20,20.6,20,3,5,COOLING IN PROGRESS,PCM CAPACITY INSUFFICIENT
22350,372.5,6.20833333333333,35,20.0704602672219,34.6758160713522,1,0,0.40522991080973,797.739222131392,768,0,20,20.6,20,3,5,COOLING IN PROGRESS,PCM CAPACITY INSUFFICIENT
22360,372.666666666667,6.21111111111111,35,20.0704602672219,34.6764295330473,1,0,0.404463083690878,797.739222131392,768,0,20,20.6,20,3,5,COOLING IN PROGRESS,PCM CAPACITY INSUFFICIENT
22370,372.833333333333,6.21388888888889,35,20.0704602672219,34.6770418338729,1,0,0.403697707658912,797.739222131392,768,0,20,20.6,20,3,5,COOLING IN PROGRESS,PCM CAPACITY INSUFFICIENT
22380,373,6.21666666666667,35,20.0704602672219,34.6776529760256,1,0,0.402933779967967,797.739222131392,768,0,20,20.6,20,3,5,COOLING IN PROGRESS,PCM CAPACITY INSUFFICIENT
22390,373.166666666667,6.21944444444444,35,20.0704602672219,34.6782629616982,1,0,0.402171297877238,797.739222131392,768,0,20,20.6,20,3,5,COOLING IN PROGRESS,PCM CAPACITY INSUFFICIENT
22400,373.333333333333,6.22222222222222,35,20.0704602672219,34.678871793079,1,0,0.401410258651262,797.739222131392,768,0,20,20.6,20,3,5,COOLING IN PROGRESS,PCM CAPACITY INSUFFICIENT
22410,373.5,6.225,35,20.0704602672219,34.6794794723522,1,0,0.400650659559689,797.739222131392,768,0,20,20.6,20,3,5,COOLING IN PROGRESS,PCM CAPACITY INSUFFICIENT
22420,373.666666666667,6.22777777777778,35,20.0704602672219,34.6800860016982,1,0,0.399892497877232,797.739222131392,768,0,20,20.6,20,3,5,COOLING IN PROGRESS,PCM CAPACITY INSUFFICIENT
22430,373.833333333333,6.23055555555556,35,20.0704602672219,34.6806913832929,1,0,0.399135770883934,797.739222131392,768,0,20,20.6,20,3,5,COOLING IN PROGRESS,PCM CAPACITY INSUFFICIENT
22440,374,6.23333333333333,35,20.0704602672219,34.6812956193082,1,0,0.398380475864801,797.739222131392,768,0,20,20.6,20,3,5,COOLING IN PROGRESS,PCM CAPACITY INSUFFICIENT
22450,374.166666666667,6.23611111111111,35,20.0704602672219,34.6818987119119,1,0,0.397626610110127,797.739222131392,768,0,20,20.6,20,3,5,COOLING IN PROGRESS,PCM CAPACITY INSUFFICIENT
22460,374.333333333333,6.23888888888889,35,20.0704602672219,34.6825006632678,1,0,0.396874170915282,797.739222131392,768,0,20,20.6,20,3,5,COOLING IN PROGRESS,PCM CAPACITY INSUFFICIENT
22470,374.5,6.24166666666667,35,20.0704602672219,34.6831014755355,1,0,0.396123155580685,797.739222131392,768,0,20,20.6,20,3,5,COOLING IN PROGRESS,PCM CAPACITY INSUFFICIENT
22480,374.666666666667,6.24444444444444,35,20.0704602672219,34.6837011508704,1,0,0.395373561411976,797.739222131392,768,0,20,20.6,20,3,5,COOLING IN PROGRESS,PCM CAPACITY INSUFFICIENT
22490,374.833333333333,6.24722222222222,35,20.0704602672219,34.6842996914241,1,0,0.3946253857199,797.739222131392,768,0,20,20.6,20,3,5,COOLING IN PROGRESS,PCM CAPACITY INSUFFICIENT
22500,375,6.25,35,20.0704602672219,34.6848970993439,1,0,0.393878625820143,797.739222131392,768,0,20,20.6,20,3,5,COOLING IN PROGRESS,PCM CAPACITY INSUFFICIENT
22510,375.166666666667,6.25277777777778,35,20.0704602672219,34.6854933767731,1,0,0.393133279033613,797.739222131392,768,0,20,20.6,20,3,5,COOLING IN PROGRESS,PCM CAPACITY INSUFFICIENT
22520,375.333333333333,6.25555555555556,35,20.0704602672219,34.6860885258511,1,0,0.392389342686181,797.739222131392,768,0,20,20.6,20,3,5,COOLING IN PROGRESS,PCM CAPACITY INSUFFICIENT
22530,375.5,6.25833333333333,35,20.0704602672219,34.6866825487129,1,0,0.391646814108917,797.739222131392,768,0,20,20.6,20,3,5,COOLING IN PROGRESS,PCM CAPACITY INSUFFICIENT
22540,375.666666666667,6.26111111111111,35,20.0704602672219,34.6872754474897,1,0,0.390905690637835,797.739222131392,768,0,20,20.6,20,3,5,COOLING IN PROGRESS,PCM CAPACITY INSUFFICIENT
22550,375.833333333333,6.26388888888889,35,20.0704602672219,34.6878672243088,1,0,0.390165969613996,797.739222131392,768,0,20,20.6,20,3,5,COOLING IN PROGRESS,PCM CAPACITY INSUFFICIENT
22560,376,6.26666666666667,35,20.0704602672219,34.6884578812931,1,0,0.389427648383567,797.739222131392,768,0,20,20.6,20,3,5,COOLING IN PROGRESS,PCM CAPACITY INSUFFICIENT
22570,376.166666666667,6.26944444444444,35,20.0704602672219,34.6890474205619,1,0,0.388690724297565,797.739222131392,768,0,20,20.6,20,3,5,COOLING IN PROGRESS,PCM CAPACITY INSUFFICIENT
22580,376.333333333333,6.27222222222222,35,20.0704602672219,34.6896358442302,1,0,0.387955194712282,797.739222131392,768,0,20,20.6,20,3,5,COOLING IN PROGRESS,PCM CAPACITY INSUFFICIENT
22590,376.5,6.275,35,20.0704602672219,34.690223154409,1,0,0.387221056988745,797.739222131392,768,0,20,20.6,20,3,5,COOLING IN PROGRESS,PCM CAPACITY INSUFFICIENT
22600,376.666666666667,6.27777777777778,35,20.0704602672219,34.6908093532055,1,0,0.386488308493167,797.739222131392,768,0,20,20.6,20,3,5,COOLING IN PROGRESS,PCM CAPACITY INSUFFICIENT
22610,376.833333333333,6.28055555555556,35,20.0704602672219,34.6913944427227,1,0,0.385756946596629,797.739222131392,768,0,20,20.6,20,3,5,COOLING IN PROGRESS,PCM CAPACITY INSUFFICIENT
22620,377,6.28333333333333,35,20.0704602672219,34.6919784250597,1,0,0.385026968675346,797.739222131392,768,0,20,20.6,20,3,5,COOLING IN PROGRESS,PCM CAPACITY INSUFFICIENT
22630,377.166666666667,6.28611111111111,35,20.0704602672219,34.6925613023118,1,0,0.384298372110266,797.739222131392,768,0,20,20.6,20,3,5,COOLING IN PROGRESS,PCM CAPACITY INSUFFICIENT
22640,377.333333333333,6.28888888888889,35,20.0704602672219,34.69314307657,1,0,0.383571154287452,797.739222131392,768,0,20,20.6,20,3,5,COOLING IN PROGRESS,PCM CAPACITY INSUFFICIENT
22650,377.5,6.29166666666667,35,20.0704602672219,34.6937237499217,1,0,0.382845312597881,797.739222131392,768,0,20,20.6,20,3,5,COOLING IN PROGRESS,PCM CAPACITY INSUFFICIENT
22660,377.666666666667,6.29444444444444,35,20.0704602672219,34.6943033244501,1,0,0.382120844437406,797.739222131392,768,0,20,20.6,20,3,5,COOLING IN PROGRESS,PCM CAPACITY INSUFFICIENT
22670,377.833333333333,6.29722222222222,35,20.0704602672219,34.6948818022344,1,0,0.38139774720694,797.739222131392,768,0,20,20.6,20,3,5,COOLING IN PROGRESS,PCM CAPACITY INSUFFICIENT
22680,378,6.3,35,20.0704602672219,34.6954591853502,1,0,0.380676018312247,797.739222131392,768,0,20,20.6,20,3,5,COOLING IN PROGRESS,PCM CAPACITY INSUFFICIENT
22690,378.166666666667,6.30277777777778,35,20.0704602672219,34.6960354758689,1,0,0.379955655163906,797.739222131392,768,0,20,20.6,20,3,5,COOLING IN PROGRESS,PCM CAPACITY INSUFFICIENT
22700,378.333333333333,6.30555555555556,35,20.0704602672219,34.696610675858,1,0,0.379236655177504,797.739222131392,768,0,20,20.6,20,3,5,COOLING IN PROGRESS,PCM CAPACITY INSUFFICIENT
22710,378.5,6.30833333333333,35,20.0704602672219,34.6971847873812,1,0,0.378519015773513,797.739222131392,768,0,20,20.6,20,3,5,COOLING IN PROGRESS,PCM CAPACITY INSUFFICIENT
22720,378.666666666667,6.31111111111111,35,20.0704602672219,34.6977578124982,1,0,0.377802734377273,797.739222131392,768,0,20,20.6,20,3,5,COOLING IN PROGRESS,PCM CAPACITY INSUFFICIENT
22730,378.833333333333,6.31388888888889,35,20.0704602672219,34.6983297532648,1,0,0.377087808418981,797.739222131392,768,0,20,20.6,20,3,5,COOLING IN PROGRESS,PCM CAPACITY INSUFFICIENT
22740,379,6.31666666666667,35,20.0704602672219,34.698900611733,1,0,0.376374235333721,797.739222131392,768,0,20,20.6,20,3,5,COOLING IN PROGRESS,PCM CAPACITY INSUFFICIENT
22750,379.166666666667,6.31944444444444,35,20.0704602672219,34.6994703899509,1,0,0.375662012561389,797.739222131392,768,0,20,20.6,20,3,5,COOLING IN PROGRESS,PCM CAPACITY INSUFFICIENT
22760,379.333333333333,6.32222222222222,35,20.0704602672219,34.7000390899626,1,0,0.374951137546731,797.739222131392,768,0,20,20.6,20,3,5,COOLING IN PROGRESS,PCM CAPACITY INSUFFICIENT
22770,379.5,6.325,35,20.0704602672219,34.7006067138085,1,0,0.374241607739432,797.739222131392,768,0,20,20.6,20,3,5,COOLING IN PROGRESS,PCM CAPACITY INSUFFICIENT
22780,379.666666666667,6.32777777777778,35,20.0704602672219,34.7011732635249,1,0,0.373533420593892,797.739222131392,768,0,20,20.6,20,3,5,COOLING IN PROGRESS,PCM CAPACITY INSUFFICIENT
22790,379.833333333333,6.33055555555556,35,20.0704602672219,34.7017387411446,1,0,0.372826573569283,797.739222131392,768,0,20,20.6,20,3,5,COOLING IN PROGRESS,PCM CAPACITY INSUFFICIENT
22800,380,6.33333333333333,35,20.0704602672219,34.7023031486962,1,0,0.372121064129765,797.739222131392,768,0,20,20.6,20,3,5,COOLING IN PROGRESS,PCM CAPACITY INSUFFICIENT
22810,380.166666666667,6.33611111111111,35,20.0704602672219,34.7028664882047,1,0,0.371416889744136,797.739222131392,768,0,20,20.6,20,3,5,COOLING IN PROGRESS,PCM CAPACITY INSUFFICIENT
22820,380.333333333333,6.33888888888889,35,20.0704602672219,34.7034287616912,1,0,0.370714047886054,797.739222131392,768,0,20,20.6,20,3,5,COOLING IN PROGRESS,PCM CAPACITY INSUFFICIENT
22830,380.5,6.34166666666667,35,20.0704602672219,34.7039899711729,1,0,0.37001253603389,797.739222131392,768,0,20,20.6,20,3,5,COOLING IN PROGRESS,PCM CAPACITY INSUFFICIENT
22840,380.666666666667,6.34444444444444,35,20.0704602672219,34.7045501186633,1,0,0.369312351670867,797.739222131392,768,0,20,20.6,20,3,5,COOLING IN PROGRESS,PCM CAPACITY INSUFFICIENT
22850,380.833333333333,6.34722222222222,35,20.0704602672219,34.705109206172,1,0,0.368613492284995,797.739222131392,768,0,20,20.6,20,3,5,COOLING IN PROGRESS,PCM CAPACITY INSUFFICIENT
22860,381,6.35,35,20.0704602672219,34.7056672357048,1,0,0.367915955368945,797.739222131392,768,0,20,20.6,20,3,5,COOLING IN PROGRESS,PCM CAPACITY INSUFFICIENT
22870,381.166666666667,6.35277777777778,35,20.0704602672219,34.7062242092639,1,0,0.36721973842015,797.739222131392,768,0,20,20.6,20,3,5,COOLING IN PROGRESS,PCM CAPACITY INSUFFICIENT
22880,381.333333333333,6.35555555555556,35,20.0704602672219,34.7067801288474,1,0,0.366524838940805,797.739222131392,768,0,20,20.6,20,3,5,COOLING IN PROGRESS,PCM CAPACITY INSUFFICIENT
22890,381.5,6.35833333333333,35,20.0704602672219,34.7073349964496,1,0,0.365831254437943,797.739222131392,768,0,20,20.6,20,3,5,COOLING IN PROGRESS,PCM CAPACITY INSUFFICIENT
22900,381.666666666667,6.36111111111111,35,20.0704602672219,34.7078888140615,1,0,0.365138982423083,797.739222131392,768,0,20,20.6,20,3,5,COOLING IN PROGRESS,PCM CAPACITY INSUFFICIENT
22910,381.833333333333,6.36388888888889,35,20.0704602672219,34.7084415836699,1,0,0.364448020412569,797.739222131392,768,0,20,20.6,20,3,5,COOLING IN PROGRESS,PCM CAPACITY INSUFFICIENT
22920,382,6.36666666666667,35,20.0704602672219,34.708993307258,1,0,0.363758365927458,797.739222131392,768,0,20,20.6,20,3,5,COOLING IN PROGRESS,PCM CAPACITY INSUFFICIENT
22930,382.166666666667,6.36944444444444,35,20.0704602672219,34.7095439868052,1,0,0.36307001649349,797.739222131392,768,0,20,20.6,20,3,5,COOLING IN PROGRESS,PCM CAPACITY INSUFFICIENT
22940,382.333333333333,6.37222222222222,35,20.0704602672219,34.7100936242871,1,0,0.362382969641111,797.739222131392,768,0,20,20.6,20,3,5,COOLING IN PROGRESS,PCM CAPACITY INSUFFICIENT
22950,382.5,6.375,35,20.0704602672219,34.7106422216757,1,0,0.361697222905359,797.739222131392,768,0,20,20.6,20,3,5,COOLING IN PROGRESS,PCM CAPACITY INSUFFICIENT
22960,382.666666666667,6.37777777777778,35,20.0704602672219,34.7111897809392,1,0,0.361012773826062,797.739222131392,768,0,20,20.6,20,3,5,COOLING IN PROGRESS,PCM CAPACITY INSUFFICIENT
22970,382.833333333333,6.38055555555556,35,20.0704602672219,34.7117363040419,1,0,0.360329619947617,797.739222131392,768,0,20,20.6,20,3,5,COOLING IN PROGRESS,PCM CAPACITY INSUFFICIENT
22980,383,6.38333333333333,35,20.0704602672219,34.7122817929448,1,0,0.359647758819053,797.739222131392,768,0,20,20.6,20,3,5,COOLING IN PROGRESS,PCM CAPACITY INSUFFICIENT
22990,383.166666666667,6.38611111111111,35,20.0704602672219,34.7128262496048,1,0,0.358967187994033,797.739222131392,768,0,20,20.6,20,3,5,COOLING IN PROGRESS,PCM CAPACITY INSUFFICIENT
23000,383.333333333333,6.38888888888889,35,20.0704602672219,34.7133696759753,1,0,0.358287905030936,797.739222131392,768,0,20,20.6,20,3,5,COOLING IN PROGRESS,PCM CAPACITY INSUFFICIENT
23010,383.5,6.39166666666667,35,20.0704602672219,34.7139120740058,1,0,0.357609907492726,797.739222131392,768,0,20,20.6,20,3,5,COOLING IN PROGRESS,PCM CAPACITY INSUFFICIENT
23020,383.666666666667,6.39444444444444,35,20.0704602672219,34.7144534456425,1,0,0.356933192946869,797.739222131392,768,0,20,20.6,20,3,5,COOLING IN PROGRESS,PCM CAPACITY INSUFFICIENT
23030,383.833333333333,6.39722222222222,35,20.0704602672219,34.7149937928275,1,0,0.356257758965608,797.739222131392,768,0,20,20.6,20,3,5,COOLING IN PROGRESS,PCM CAPACITY INSUFFICIENT
23040,384,6.4,35,20.0704602672219,34.7155331174994,1,0,0.355583603125709,797.739222131392,768,0,20,20.6,20,3,5,COOLING IN PROGRESS,PCM CAPACITY INSUFFICIENT
23050,384.166666666667,6.40277777777778,35,20.0704602672219,34.7160714215933,1,0,0.354910723008421,797.739222131392,768,0,20,20.6,20,3,5,COOLING IN PROGRESS,PCM CAPACITY INSUFFICIENT
23060,384.333333333333,6.40555555555556,35,20.0704602672219,34.7166087070402,1,0,0.354239116199757,797.739222131392,768,0,20,20.6,20,3,5,COOLING IN PROGRESS,PCM CAPACITY INSUFFICIENT
23070,384.5,6.40833333333333,35,20.0704602672219,34.7171449757679,1,0,0.353568780290088,797.739222131392,768,0,20,20.6,20,3,5,COOLING IN PROGRESS,PCM CAPACITY INSUFFICIENT
23080,384.666666666667,6.41111111111111,35,20.0704602672219,34.7176802297003,1,0,0.352899712874564,797.739222131392,768,0,20,20.6,20,3,5,COOLING IN PROGRESS,PCM CAPACITY INSUFFICIENT
23090,384.833333333333,6.41388888888889,35,20.0704602672219,34.7182144707578,1,0,0.352231911552803,797.739222131392,768,0,20,20.6,20,3,5,COOLING IN PROGRESS,PCM CAPACITY INSUFFICIENT
23100,385,6.41666666666667,35,20.0704602672219,34.718747700857,1,0,0.35156537392881,797.739222131392,768,0,20,20.6,20,3,5,COOLING IN PROGRESS,PCM CAPACITY INSUFFICIENT
23110,385.166666666667,6.41944444444444,35,20.0704602672219,34.7192799219109,1,0,0.350900097611353,797.739222131392,768,0,20,20.6,20,3,5,COOLING IN PROGRESS,PCM CAPACITY INSUFFICIENT
23120,385.333333333333,6.42222222222222,35,20.0704602672219,34.7198111358291,1,0,0.350236080213584,797.739222131392,768,0,20,20.6,20,3,5,COOLING IN PROGRESS,PCM CAPACITY INSUFFICIENT
23130,385.5,6.425,35,20.0704602672219,34.7203413445174,1,0,0.349573319353293,797.739222131392,768,0,20,20.6,20,3,5,COOLING IN PROGRESS,PCM CAPACITY INSUFFICIENT
23140,385.666666666667,6.42777777777778,35,20.0704602672219,34.7208705498779,1,0,0.348911812652588,797.739222131392,768,0,20,20.6,20,3,5,COOLING IN PROGRESS,PCM CAPACITY INSUFFICIENT
23150,385.833333333333,6.43055555555556,35,20.0704602672219,34.7213987538094,1,0,0.348251557738264,797.739222131392,768,0,20,20.6,20,3,5,COOLING IN PROGRESS,PCM CAPACITY INSUFFICIENT
23160,386,6.43333333333333,35,20.0704602672219,34.7219259582068,1,0,0.347592552241522,797.739222131392,768,0,20,20.6,20,3,5,COOLING IN PROGRESS,PCM CAPACITY INSUFFICIENT
23170,386.166666666667,6.43611111111111,35,20.0704602672219,34.7224521649616,1,0,0.346934793798042,797.739222131392,768,0,20,20.6,20,3,5,COOLING IN PROGRESS,PCM CAPACITY INSUFFICIENT
23180,386.333333333333,6.43888888888889,35,20.0704602672219,34.7229773759616,1,0,0.346278280048002,797.739222131392,768,0,20,20.6,20,3,5,COOLING IN PROGRESS,PCM CAPACITY INSUFFICIENT
23190,386.5,6.44166666666667,35,20.0704602672219,34.7235015930912,1,0,0.345623008636045,797.739222131392,768,0,20,20.6,20,3,5,COOLING IN PROGRESS,PCM CAPACITY INSUFFICIENT
23200,386.666666666667,6.44444444444444,35,20.0704602672219,34.724024818231,1,0,0.344968977211266,797.739222131392,768,0,20,20.6,20,3,5,COOLING IN PROGRESS,PCM CAPACITY INSUFFICIENT
23210,386.833333333333,6.44722222222222,35,20.0704602672219,34.7245470532582,1,0,0.344316183427207,797.739222131392,768,0,20,20.6,20,3,5,COOLING IN PROGRESS,PCM CAPACITY INSUFFICIENT
23220,387,6.45,35,20.0704602672219,34.7250683000465,1,0,0.343664624941846,797.739222131392,768,0,20,20.6,20,3,5,COOLING IN PROGRESS,PCM CAPACITY INSUFFICIENT
23230,387.166666666667,6.45277777777778,35,20.0704602672219,34.725588560466,1,0,0.343014299417534,797.739222131392,768,0,20,20.6,20,3,5,COOLING IN PROGRESS,PCM CAPACITY INSUFFICIENT
23240,387.333333333333,6.45555555555556,35,20.0704602672219,34.7261078363831,1,0,0.342365204521151,797.739222131392,768,0,20,20.6,20,3,5,COOLING IN PROGRESS,PCM CAPACITY INSUFFICIENT
23250,387.5,6.45833333333333,35,20.0704602672219,34.7266261296608,1,0,0.341717337923981,797.739222131392,768,0,20,20.6,20,3,5,COOLING IN PROGRESS,PCM CAPACITY INSUFFICIENT
23260,387.666666666667,6.46111111111111,35,20.0704602672219,34.7271434421587,1,0,0.341070697301653,797.739222131392,768,0,20,20.6,20,3,5,COOLING IN PROGRESS,PCM CAPACITY INSUFFICIENT
23270,387.833333333333,6.46388888888889,35,20.0704602672219,34.7276597757327,1,0,0.340425280334138,797.739222131392,768,0,20,20.6,20,3,5,COOLING IN PROGRESS,PCM CAPACITY INSUFFICIENT
23280,388,6.46666666666667,35,20.0704602672219,34.7281751322352,1,0,0.33978108470599,797.739222131392,768,0,20,20.6,20,3,5,COOLING IN PROGRESS,PCM CAPACITY INSUFFICIENT
23290,388.166666666667,6.46944444444444,35,20.0704602672219,34.7286895135152,1,0,0.339138108106045,797.739222131392,768,0,20,20.6,20,3,5,COOLING IN PROGRESS,PCM CAPACITY INSUFFICIENT
23300,388.333333333333,6.47222222222222,35,20.0704602672219,34.729202921418,1,0,0.338496348227508,797.739222131392,768,0,20,20.6,20,3,5,COOLING IN PROGRESS,PCM CAPACITY INSUFFICIENT
23310,388.5,6.475,35,20.0704602672219,34.7297153577857,1,0,0.337855802767875,797.739222131392,768,0,20,20.6,20,3,5,COOLING IN PROGRESS,PCM CAPACITY INSUFFICIENT
23320,388.666666666667,6.47777777777778,35,20.0704602672219,34.7302268244567,1,0,0.337216469429107,797.739222131392,768,0,20,20.6,20,3,5,COOLING IN PROGRESS,PCM CAPACITY INSUFFICIENT
23330,388.833333333333,6.48055555555556,35,20.0704602672219,34.730737323266,1,0,0.336578345917449,797.739222131392,768,0,20,20.6,20,3,5,COOLING IN PROGRESS,PCM CAPACITY INSUFFICIENT
23340,389,6.48333333333333,35,20.0704602672219,34.7312468560451,1,0,0.335941429943567,797.739222131392,768,0,20,20.6,20,3,5,COOLING IN PROGRESS,PCM CAPACITY INSUFFICIENT
23350,389.166666666667,6.48611111111111,35,20.0704602672219,34.7317554246221,1,0,0.33530571922241,797.739222131392,768,0,20,20.6,20,3,5,COOLING IN PROGRESS,PCM CAPACITY INSUFFICIENT
23360,389.333333333333,6.48888888888889,35,20.0704602672219,34.7322630308214,1,0,0.334671211473196,797.739222131392,768,0,20,20.6,20,3,5,COOLING IN PROGRESS,PCM CAPACITY INSUFFICIENT
23370,389.5,6.49166666666667,35,20.0704602672219,34.7327696764644,1,0,0.334037904419464,797.739222131392,768,0,20,20.6,20,3,5,COOLING IN PROGRESS,PCM CAPACITY INSUFFICIENT
23380,389.666666666667,6.49444444444444,35,20.0704602672219,34.7332753633686,1,0,0.333405795789279,797.739222131392,768,0,20,20.6,20,3,5,COOLING IN PROGRESS,PCM CAPACITY INSUFFICIENT
23390,389.833333333333,6.49722222222222,35,20.0704602672219,34.7337800933483,1,0,0.332774883314642,797.739222131392,768,0,20,20.6,20,3,5,COOLING IN PROGRESS,PCM CAPACITY INSUFFICIENT
23400,390,6.5,35,20.0704602672219,34.7342838682142,1,0,0.332145164732189,797.739222131392,768,0,20,20.6,20,3,5,COOLING IN PROGRESS,PCM CAPACITY INSUFFICIENT
23410,390.166666666667,6.50277777777778,35,20.0704602672219,34.7347866897739,1,0,0.331516637782627,797.739222131392,768,0,20,20.6,20,3,5,COOLING IN PROGRESS,PCM CAPACITY INSUFFICIENT
23420,390.333333333333,6.50555555555556,35,20.0704602672219,34.7352885598313,1,0,0.330889300210933,797.739222131392,768,0,20,20.6,20,3,5,COOLING IN PROGRESS,PCM CAPACITY INSUFFICIENT
23430,390.5,6.50833333333333,35,20.0704602672219,34.7357894801868,1,0,0.330263149766488,797.739222131392,768,0,20,20.6,20,3,5,COOLING IN PROGRESS,PCM CAPACITY INSUFFICIENT
23440,390.666666666667,6.51111111111111,35,20.0704602672219,34.7362894526377,1,0,0.32963818420285,797.739222131392,768,0,20,20.6,20,3,5,COOLING IN PROGRESS,PCM CAPACITY INSUFFICIENT
23450,390.833333333333,6.51388888888889,35,20.0704602672219,34.7367884789777,1,0,0.329014401277821,797.739222131392,768,0,20,20.6,20,3,5,COOLING IN PROGRESS,PCM CAPACITY INSUFFICIENT
23460,391,6.51666666666667,35,20.0704602672219,34.7372865609973,1,0,0.328391798753431,797.739222131392,768,0,20,20.6,20,3,5,COOLING IN PROGRESS,PCM CAPACITY INSUFFICIENT
23470,391.166666666667,6.51944444444444,35,20.0704602672219,34.7377837004831,1,0,0.327770374396081,797.739222131392,768,0,20,20.6,20,3,5,COOLING IN PROGRESS,PCM CAPACITY INSUFFICIENT
23480,391.333333333333,6.52222222222222,35,20.0704602672219,34.738279899219,1,0,0.327150125976221,797.739222131392,768,0,20,20.6,20,3,5,COOLING IN PROGRESS,PCM CAPACITY INSUFFICIENT
23490,391.5,6.525,35,20.0704602672219,34.7387751589851,1,0,0.326531051268564,797.739222131392,768,0,20,20.6,20,3,5,COOLING IN PROGRESS,PCM CAPACITY INSUFFICIENT
23500,391.666666666667,6.52777777777778,35,20.0704602672219,34.7392694815583,1,0,0.325913148052166,797.739222131392,768,0,20,20.6,20,3,5,COOLING IN PROGRESS,PCM CAPACITY INSUFFICIENT
23510,391.833333333333,6.53055555555556,35,20.0704602672219,34.7397628687119,1,0,0.325296414110134,797.739222131392,768,0,20,20.6,20,3,5,COOLING IN PROGRESS,PCM CAPACITY INSUFFICIENT
23520,392,6.53333333333333,35,20.0704602672219,34.7402553222162,1,0,0.324680847229786,797.739222131392,768,0,20,20.6,20,3,5,COOLING IN PROGRESS,PCM CAPACITY INSUFFICIENT
23530,392.166666666667,6.53611111111111,35,20.0704602672219,34.7407468438378,1,0,0.324066445202735,797.739222131392,768,0,20,20.6,20,3,5,COOLING IN PROGRESS,PCM CAPACITY INSUFFICIENT
23540,392.333333333333,6.53888888888889,35,20.0704602672219,34.7412374353404,1,0,0.323453205824524,797.739222131392,768,0,20,20.6,20,3,5,COOLING IN PROGRESS,PCM CAPACITY INSUFFICIENT
23550,392.5,6.54166666666667,35,20.0704602672219,34.7417270984838,1,0,0.322841126895286,797.739222131392,768,0,20,20.6,20,3,5,COOLING IN PROGRESS,PCM CAPACITY INSUFFICIENT
23560,392.666666666667,6.54444444444444,35,20.0704602672219,34.7422158350249,1,0,0.322230206218919,797.739222131392,768,0,20,20.6,20,3,5,COOLING IN PROGRESS,PCM CAPACITY INSUFFICIENT
23570,392.833333333333,6.54722222222222,35,20.0704602672219,34.742703646717,1,0,0.321620441603692,797.739222131392,768,0,20,20.6,20,3,5,COOLING IN PROGRESS,PCM CAPACITY INSUFFICIENT
23580,393,6.55,35,20.0704602672219,34.7431905353105,1,0,0.321011830861906,797.739222131392,768,0,20,20.6,20,3,5,COOLING IN PROGRESS,PCM CAPACITY INSUFFICIENT
23590,393.166666666667,6.55277777777778,35,20.0704602672219,34.743676502552,1,0,0.320404371810055,797.739222131392,768,0,20,20.6,20,3,5,COOLING IN PROGRESS,PCM CAPACITY INSUFFICIENT
23600,393.333333333333,6.55555555555556,35,20.0704602672219,34.744161550185,1,0,0.319798062268788,797.739222131392,768,0,20,20.6,20,3,5,COOLING IN PROGRESS,PCM CAPACITY INSUFFICIENT
23610,393.5,6.55833333333333,35,20.0704602672219,34.7446456799497,1,0,0.31919290006293,797.739222131392,768,0,20,20.6,20,3,5,COOLING IN PROGRESS,PCM CAPACITY INSUFFICIENT
23620,393.666666666667,6.56111111111111,35,20.0704602672219,34.7451288935831,1,0,0.318588883021187,797.739222131392,768,0,20,20.6,20,3,5,COOLING IN PROGRESS,PCM CAPACITY INSUFFICIENT
23630,393.833333333333,6.56388888888889,35,20.0704602672219,34.7456111928186,1,0,0.317986008976696,797.739222131392,768,0,20,20.6,20,3,5,COOLING IN PROGRESS,PCM CAPACITY INSUFFICIENT
23640,394,6.56666666666667,35,20.0704602672219,34.7460925793868,1,0,0.317384275766512,797.739222131392,768,0,20,20.6,20,3,5,COOLING IN PROGRESS,PCM CAPACITY INSUFFICIENT
23650,394.166666666667,6.56944444444444,35,20.0704602672219,34.7465730550146,1,0,0.316783681231723,797.739222131392,768,0,20,20.6,20,3,5,COOLING IN PROGRESS,PCM CAPACITY INSUFFICIENT
23660,394.333333333333,6.57222222222222,35,20.0704602672219,34.7470526214259,1,0,0.316184223217579,797.739222131392,768,0,20,20.6,20,3,5,COOLING IN PROGRESS,PCM CAPACITY INSUFFICIENT
23670,394.5,6.575,35,20.0704602672219,34.7475312803412,1,0,0.315585899573492,797.739222131392,768,0,20,20.6,20,3,5,COOLING IN PROGRESS,PCM CAPACITY INSUFFICIENT
23680,394.666666666667,6.57777777777778,35,20.0704602672219,34.7480090334778,1,0,0.314988708152804,797.739222131392,768,0,20,20.6,20,3,5,COOLING IN PROGRESS,PCM CAPACITY INSUFFICIENT
23690,394.833333333333,6.58055555555556,35,20.0704602672219,34.7484858825496,1,0,0.314392646813015,797.739222131392,768,0,20,20.6,20,3,5,COOLING IN PROGRESS,PCM CAPACITY INSUFFICIENT
23700,395,6.58333333333333,35,20.0704602672219,34.7489618292675,1,0,0.313797713415624,797.739222131392,768,0,20,20.6,20,3,5,COOLING IN PROGRESS,PCM CAPACITY INSUFFICIENT
23710,395.166666666667,6.58611111111111,35,20.0704602672219,34.749436875339,1,0,0.313203905826303,797.739222131392,768,0,20,20.6,20,3,5,COOLING IN PROGRESS,PCM CAPACITY INSUFFICIENT
23720,395.333333333333,6.58888888888889,35,20.0704602672219,34.7499110224685,1,0,0.312611221914434,797.739222131392,768,0,20,20.6,20,3,5,COOLING IN PROGRESS,PCM CAPACITY INSUFFICIENT
23730,395.5,6.59166666666667,35,20.0704602672219,34.750384272357,1,0,0.312019659553799,797.739222131392,768,0,20,20.6,20,3,5,COOLING IN PROGRESS,PCM CAPACITY INSUFFICIENT
23740,395.666666666667,6.59444444444444,35,20.0704602672219,34.7508566267024,1,0,0.311429216622061,797.739222131392,768,0,20,20.6,20,3,5,COOLING IN PROGRESS,PCM CAPACITY INSUFFICIENT
23750,395.833333333333,6.59722222222222,35,20.0704602672219,34.7513280871993,1,0,0.31083989100086,797.739222131392,768,0,20,20.6,20,3,5,COOLING IN PROGRESS,PCM CAPACITY INSUFFICIENT
23760,396,6.6,35,20.0704602672219,34.7517986555393,1,0,0.31025168057587,797.739222131392,768,0,20,20.6,20,3,5,COOLING IN PROGRESS,PCM CAPACITY INSUFFICIENT
23770,396.166666666667,6.60277777777778,35,20.0704602672219,34.7522683334106,1,0,0.309664583236735,797.739222131392,768,0,20,20.6,20,3,5,COOLING IN PROGRESS,PCM CAPACITY INSUFFICIENT
23780,396.333333333333,6.60555555555556,35,20.0704602672219,34.7527371224982,1,0,0.309078596877264,797.739222131392,768,0,20,20.6,20,3,5,COOLING IN PROGRESS,PCM CAPACITY INSUFFICIENT
23790,396.5,6.60833333333333,35,20.0704602672219,34.753205024484,1,0,0.308493719394987,797.739222131392,768,0,20,20.6,20,3,5,COOLING IN PROGRESS,PCM CAPACITY INSUFFICIENT
23800,396.666666666667,6.61111111111111,35,20.0704602672219,34.7536720410467,1,0,0.307909948691663,797.739222131392,768,0,20,20.6,20,3,5,COOLING IN PROGRESS,PCM CAPACITY INSUFFICIENT
23810,396.833333333333,6.61388888888889,35,20.0704602672219,34.7541381738617,1,0,0.307327282672816,797.739222131392,768,0,20,20.6,20,3,5,COOLING IN PROGRESS,PCM CAPACITY INSUFFICIENT
23820,397,6.61666666666667,35,20.0704602672219,34.7546034246015,1,0,0.306745719248092,797.739222131392,768,0,20,20.6,20,3,5,COOLING IN PROGRESS,PCM CAPACITY INSUFFICIENT
23830,397.166666666667,6.61944444444444,35,20.0704602672219,34.7550677949352,1,0,0.30616525633099,797.739222131392,768,0,20,20.6,20,3,5,COOLING IN PROGRESS,PCM CAPACITY INSUFFICIENT
23840,397.333333333333,6.62222222222222,35,20.0704602672219,34.7555312865288,1,0,0.305585891839062,797.739222131392,768,0,20,20.6,20,3,5,COOLING IN PROGRESS,PCM CAPACITY INSUFFICIENT
23850,397.5,6.625,35,20.0704602672219,34.7559939010452,1,0,0.305007623693552,797.739222131392,768,0,20,20.6,20,3,5,COOLING IN PROGRESS,PCM CAPACITY INSUFFICIENT
23860,397.666666666667,6.62777777777778,35,20.0704602672219,34.756455640144,1,0,0.30443044981995,797.739222131392,768,0,20,20.6,20,3,5,COOLING IN PROGRESS,PCM CAPACITY INSUFFICIENT
23870,397.833333333333,6.63055555555556,35,20.0704602672219,34.756916505482,1,0,0.303854368147451,797.739222131392,768,0,20,20.6,20,3,5,COOLING IN PROGRESS,PCM CAPACITY INSUFFICIENT
23880,398,6.63333333333333,35,20.0704602672219,34.7573764987125,1,0,0.303279376609371,797.739222131392,768,0,20,20.6,20,3,5,COOLING IN PROGRESS,PCM CAPACITY INSUFFICIENT
23890,398.166666666667,6.63611111111111,35,20.0704602672219,34.7578356214858,1,0,0.302705473142755,797.739222131392,768,0,20,20.6,20,3,5,COOLING IN PROGRESS,PCM CAPACITY INSUFFICIENT
23900,398.333333333333,6.63888888888889,35,20.0704602672219,34.7582938754491,1,0,0.302132655688609,797.739222131392,768,0,20,20.6,20,3,5,COOLING IN PROGRESS,PCM CAPACITY INSUFFICIENT
23910,398.5,6.64166666666667,35,20.0704602672219,34.7587512622465,1,0,0.30156092219185,797.739222131392,768,0,20,20.6,20,3,5,COOLING IN PROGRESS,PCM CAPACITY INSUFFICIENT
23920,398.666666666667,6.64444444444444,35,20.0704602672219,34.7592077835189,1,0,0.300990270601353,797.739222131392,768,0,20,20.6,20,3,5,COOLING IN PROGRESS,PCM CAPACITY INSUFFICIENT
23930,398.833333333333,6.64722222222222,35,20.0704602672219,34.7596634409042,1,0,0.30042069886969,797.739222131392,768,0,20,20.6,20,3,5,COOLING IN PROGRESS,PCM CAPACITY INSUFFICIENT
23940,399,6.65,35,20.0704602672219,34.7601182360372,1,0,0.299852204953446,797.739222131392,768,0,20,20.6,20,3,5,COOLING IN PROGRESS,PCM CAPACITY INSUFFICIENT
23950,399.166666666667,6.65277777777778,35,20.0704602672219,34.7605721705496,1,0,0.299284786813061,797.739222131392,768,0,20,20.6,20,3,5,COOLING IN PROGRESS,PCM CAPACITY INSUFFICIENT
23960,399.333333333333,6.65555555555556,35,20.0704602672219,34.7610252460697,1,0,0.298718442412857,797.739222131392,768,0,20,20.6,20,3,5,COOLING IN PROGRESS,PCM CAPACITY INSUFFICIENT
23970,399.5,6.65833333333333,35,20.0704602672219,34.7614774642233,1,0,0.298153169720869,797.739222131392,768,0,20,20.6,20,3,5,COOLING IN PROGRESS,PCM CAPACITY INSUFFICIENT
23980,399.666666666667,6.66111111111111,35,20.0704602672219,34.7619288266327,1,0,0.297588966709146,797.739222131392,768,0,20,20.6,20,3,5,COOLING IN PROGRESS,PCM CAPACITY INSUFFICIENT
23990,399.833333333333,6.66388888888889,35,20.0704602672219,34.7623793349172,1,0,0.297025831353448,797.739222131392,768,0,20,20.6,20,3,5,COOLING IN PROGRESS,PCM CAPACITY INSUFFICIENT
24000,400,6.66666666666667,35,20.0704602672219,34.7628289906933,1,0,0.296463761633436,797.739222131392,768,0,20,20.6,20,3,5,COOLING IN PROGRESS,PCM CAPACITY INSUFFICIENT
24010,400.166666666667,6.66944444444444,35,20.0704602672219,34.7632777955739,1,0,0.295902755532662,797.739222131392,768,0,20,20.6,20,3,5,COOLING IN PROGRESS,PCM CAPACITY INSUFFICIENT
24020,400.333333333333,6.67222222222222,35,20.0704602672219,34.7637257511693,1,0,0.295342811038326,797.739222131392,768,0,20,20.6,20,3,5,COOLING IN PROGRESS,PCM CAPACITY INSUFFICIENT
24030,400.5,6.675,35,20.0704602672219,34.7641728590867,1,0,0.294783926141564,797.739222131392,768,0,20,20.6,20,3,5,COOLING IN PROGRESS,PCM CAPACITY INSUFFICIENT
24040,400.666666666667,6.67777777777778,35,20.0704602672219,34.7646191209302,1,0,0.294226098837216,797.739222131392,768,0,20,20.6,20,3,5,COOLING IN PROGRESS,PCM CAPACITY INSUFFICIENT
24050,400.833333333333,6.68055555555556,35,20.0704602672219,34.7650645383008,1,0,0.293669327124046,797.739222131392,768,0,20,20.6,20,3,5,COOLING IN PROGRESS,PCM CAPACITY INSUFFICIENT
24060,401,6.68333333333333,35,20.0704602672219,34.7655091127964,1,0,0.293113609004454,797.739222131392,768,0,20,20.6,20,3,5,COOLING IN PROGRESS,PCM CAPACITY INSUFFICIENT
24070,401.166666666667,6.68611111111111,35,20.0704602672219,34.7659528460122,1,0,0.292558942484771,797.739222131392,768,0,20,20.6,20,3,5,COOLING IN PROGRESS,PCM CAPACITY INSUFFICIENT
24080,401.333333333333,6.68888888888889,35,20.0704602672219,34.76639573954,1,0,0.292005325574962,797.739222131392,768,0,20,20.6,20,3,5,COOLING IN PROGRESS,PCM CAPACITY INSUFFICIENT
24090,401.5,6.69166666666667,35,20.0704602672219,34.7668377949689,1,0,0.291452756288901,797.739222131392,768,0,20,20.6,20,3,5,COOLING IN PROGRESS,PCM CAPACITY INSUFFICIENT
24100,401.666666666667,6.69444444444444,35,20.0704602672219,34.7672790138847,1,0,0.290901232644085,797.739222131392,768,0,20,20.6,20,3,5,COOLING IN PROGRESS,PCM CAPACITY INSUFFICIENT
24110,401.833333333333,6.69722222222222,35,20.0704602672219,34.7677193978705,1,0,0.29035075266183,797.739222131392,768,0,20,20.6,20,3,5,COOLING IN PROGRESS,PCM CAPACITY INSUFFICIENT
24120,402,6.7,35,20.0704602672219,34.7681589485062,1,0,0.289801314367217,797.739222131392,768,0,20,20.6,20,3,5,COOLING IN PROGRESS,PCM CAPACITY INSUFFICIENT
24130,402.166666666667,6.70277777777778,35,20.0704602672219,34.7685976673688,1,0,0.289252915788953,797.739222131392,768,0,20,20.6,20,3,5,COOLING IN PROGRESS,PCM CAPACITY INSUFFICIENT
24140,402.333333333333,6.70555555555556,35,20.0704602672219,34.7690355560323,1,0,0.28870555495967,797.739222131392,768,0,20,20.6,20,3,5,COOLING IN PROGRESS,PCM CAPACITY INSUFFICIENT
24150,402.5,6.70833333333333,35,20.0704602672219,34.7694726160676,1,0,0.288159229915514,797.739222131392,768,0,20,20.6,20,3,5,COOLING IN PROGRESS,PCM CAPACITY INSUFFICIENT
24160,402.666666666667,6.71111111111111,35,20.0704602672219,34.7699088490428,1,0,0.287613938696509,797.739222131392,768,0,20,20.6,20,3,5,COOLING IN PROGRESS,PCM CAPACITY INSUFFICIENT
24170,402.833333333333,6.71388888888889,35,20.0704602672219,34.770344256523,1,0,0.287069679346246,797.739222131392,768,0,20,20.6,20,3,5,COOLING IN PROGRESS,PCM CAPACITY INSUFFICIENT
24180,403,6.71666666666667,35,20.0704602672219,34.7707788400703,1,0,0.286526449912152,797.739222131392,768,0,20,20.6,20,3,5,COOLING IN PROGRESS,PCM CAPACITY INSUFFICIENT
24190,403.166666666667,6.71944444444444,35,20.0704602672219,34.7712126012438,1,0,0.28598424844521,797.739222131392,768,0,20,20.6,20,3,5,COOLING IN PROGRESS,PCM CAPACITY INSUFFICIENT
24200,403.333333333333,6.72222222222222,35,20.0704602672219,34.7716455415998,1,0,0.285443073000256,797.739222131392,768,0,20,20.6,20,3,5,COOLING IN PROGRESS,PCM CAPACITY INSUFFICIENT
24210,403.5,6.725,35,20.0704602672219,34.7720776626914,1,0,0.284902921635712,797.739222131392,768,0,20,20.6,20,3,5,COOLING IN PROGRESS,PCM CAPACITY INSUFFICIENT
24220,403.666666666667,6.72777777777778,35,20.0704602672219,34.772508966069,1,0,0.2843637924137,797.739222131392,768,0,20,20.6,20,3,5,COOLING IN PROGRESS,PCM CAPACITY INSUFFICIENT
24230,403.833333333333,6.73055555555556,35,20.0704602672219,34.77293945328,1,0,0.283825683399943,797.739222131392,768,0,20,20.6,20,3,5,COOLING IN PROGRESS,PCM CAPACITY INSUFFICIENT
24240,404,6.73333333333333,35,20.0704602672219,34.7733691258689,1,0,0.283288592663897,797.739222131392,768,0,20,20.6,20,3,5,COOLING IN PROGRESS,PCM CAPACITY INSUFFICIENT
24250,404.166666666667,6.73611111111111,35,20.0704602672219,34.7737979853771,1,0,0.282752518278659,797.739222131392,768,0,20,20.6,20,3,5,COOLING IN PROGRESS,PCM CAPACITY INSUFFICIENT
24260,404.333333333333,6.73888888888889,35,20.0704602672219,34.7742260333433,1,0,0.282217458320915,797.739222131392,768,0,20,20.6,20,3,5,COOLING IN PROGRESS,PCM CAPACITY INSUFFICIENT
24270,404.5,6.74166666666667,35,20.0704602672219,34.7746532713032,1,0,0.281683410871052,797.739222131392,768,0,20,20.6,20,3,5,COOLING IN PROGRESS,PCM CAPACITY INSUFFICIENT
24280,404.666666666667,6.74444444444444,35,20.0704602672219,34.7750797007895,1,0,0.281150374013137,797.739222131392,768,0,20,20.6,20,3,5,COOLING IN PROGRESS,PCM CAPACITY INSUFFICIENT
24290,404.833333333333,6.74722222222222,35,20.0704602672219,34.7755053233322,1,0,0.280618345834718,797.739222131392,768,0,20,20.6,20,3,5,COOLING IN PROGRESS,PCM CAPACITY INSUFFICIENT
24300,405,6.75,35,20.0704602672219,34.7759301404583,1,0,0.280087324427125,797.739222131392,768,0,20,20.6,20,3,5,COOLING IN PROGRESS,PCM CAPACITY INSUFFICIENT
24310,405.166666666667,6.75277777777778,35,20.0704602672219,34.7763541536918,1,0,0.279557307885234,797.739222131392,768,0,20,20.6,20,3,5,COOLING IN PROGRESS,PCM CAPACITY INSUFFICIENT
24320,405.333333333333,6.75555555555556,35,20.0704602672219,34.7767773645541,1,0,0.279028294307402,797.739222131392,768,0,20,20.6,20,3,5,COOLING IN PROGRESS,PCM CAPACITY INSUFFICIENT
24330,405.5,6.75833333333333,35,20.0704602672219,34.7771997745635,1,0,0.278500281795679,797.739222131392,768,0,20,20.6,20,3,5,COOLING IN PROGRESS,PCM CAPACITY INSUFFICIENT
24340,405.666666666667,6.76111111111111,35,20.0704602672219,34.7776213852353,1,0,0.277973268455849,797.739222131392,768,0,20,20.6,20,3,5,COOLING IN PROGRESS,PCM CAPACITY INSUFFICIENT
24350,405.833333333333,6.76388888888889,35,20.0704602672219,34.7780421980824,1,0,0.277447252396978,797.739222131392,768,0,20,20.6,20,3,5,COOLING IN PROGRESS,PCM CAPACITY INSUFFICIENT
24360,406,6.76666666666667,35,20.0704602672219,34.7784622146143,1,0,0.276922231732133,797.739222131392,768,0,20,20.6,20,3,5,COOLING IN PROGRESS,PCM CAPACITY INSUFFICIENT
24370,406.166666666667,6.76944444444444,35,20.0704602672219,34.7788814363379,1,0,0.276398204577575,797.739222131392,768,0,20,20.6,20,3,5,COOLING IN PROGRESS,PCM CAPACITY INSUFFICIENT
24380,406.333333333333,6.77222222222222,35,20.0704602672219,34.7792998647574,1,0,0.275875169053226,797.739222131392,768,0,20,20.6,20,3,5,COOLING IN PROGRESS,PCM CAPACITY INSUFFICIENT
24390,406.5,6.775,35,20.0704602672219,34.7797175013739,1,0,0.275353123282613,797.739222131392,768,0,20,20.6,20,3,5,COOLING IN PROGRESS,PCM CAPACITY INSUFFICIENT
24400,406.666666666667,6.77777777777778,35,20.0704602672219,34.7801343476857,1,0,0.274832065392818,797.739222131392,768,0,20,20.6,20,3,5,COOLING IN PROGRESS,PCM CAPACITY INSUFFICIENT
24410,406.833333333333,6.78055555555556,35,20.0704602672219,34.7805504051884,1,0,0.274311993514456,797.739222131392,768,0,20,20.6,20,3,5,COOLING IN PROGRESS,PCM CAPACITY INSUFFICIENT
24420,407,6.78333333333333,35,20.0704602672219,34.7809656753747,1,0,0.27379290578164,797.739222131392,768,0,20,20.6,20,3,5,COOLING IN PROGRESS,PCM CAPACITY INSUFFICIENT
24430,407.166666666667,6.78611111111111,35,20.0704602672219,34.7813801597343,1,0,0.273274800332102,797.739222131392,768,0,20,20.6,20,3,5,COOLING IN PROGRESS,PCM CAPACITY INSUFFICIENT
24440,407.333333333333,6.78888888888889,35,20.0704602672219,34.7817938597544,1,0,0.272757675306972,797.739222131392,768,0,20,20.6,20,3,5,COOLING IN PROGRESS,PCM CAPACITY INSUFFICIENT
24450,407.5,6.79166666666667,35,20.0704602672219,34.7822067769192,1,0,0.272241528851005,797.739222131392,768,0,20,20.6,20,3,5,COOLING IN PROGRESS,PCM CAPACITY INSUFFICIENT
24460,407.666666666667,6.79444444444444,35,20.0704602672219,34.7826189127101,1,0,0.271726359112421,797.739222131392,768,0,20,20.6,20,3,5,COOLING IN PROGRESS,PCM CAPACITY INSUFFICIENT
24470,407.833333333333,6.79722222222222,35,20.0704602672219,34.7830302686056,1,0,0.271212164243018,797.739222131392,768,0,20,20.6,20,3,5,COOLING IN PROGRESS,PCM CAPACITY INSUFFICIENT
24480,408,6.8,35,20.0704602672219,34.7834408460816,1,0,0.270698942397942,797.739222131392,768,0,20,20.6,20,3,5,COOLING IN PROGRESS,PCM CAPACITY INSUFFICIENT
24490,408.166666666667,6.80277777777778,35,20.0704602672219,34.7838506466112,1,0,0.270186691735947,797.739222131392,768,0,20,20.6,20,3,5,COOLING IN PROGRESS,PCM CAPACITY INSUFFICIENT
24500,408.333333333333,6.80555555555556,35,20.0704602672219,34.7842596716647,1,0,0.269675410419161,797.739222131392,768,0,20,20.6,20,3,5,COOLING IN PROGRESS,PCM CAPACITY INSUFFICIENT
24510,408.5,6.80833333333333,35,20.0704602672219,34.7846679227093,1,0,0.269165096613335,797.739222131392,768,0,20,20.6,20,3,5,COOLING IN PROGRESS,PCM CAPACITY INSUFFICIENT
24520,408.666666666667,6.81111111111111,35,20.0704602672219,34.7850754012099,1,0,0.268655748487596,797.739222131392,768,0,20,20.6,20,3,5,COOLING IN PROGRESS,PCM CAPACITY INSUFFICIENT
24530,408.833333333333,6.81388888888889,35,20.0704602672219,34.7854821086283,1,0,0.268147364214641,797.739222131392,768,0,20,20.6,20,3,5,COOLING IN PROGRESS,PCM CAPACITY INSUFFICIENT
24540,409,6.81666666666667,35,20.0704602672219,34.7858880464236,1,0,0.267639941970463,797.739222131392,768,0,20,20.6,20,3,5,COOLING IN PROGRESS,PCM CAPACITY INSUFFICIENT
24550,409.166666666667,6.81944444444444,35,20.0704602672219,34.7862932160523,1,0,0.267133479934607,797.739222131392,768,0,20,20.6,20,3,5,COOLING IN PROGRESS,PCM CAPACITY INSUFFICIENT
24560,409.333333333333,6.82222222222222,35,20.0704602672219,34.7866976189679,1,0,0.266627976290099,797.739222131392,768,0,20,20.6,20,3,5,COOLING IN PROGRESS,PCM CAPACITY INSUFFICIENT
24570,409.5,6.825,35,20.0704602672219,34.7871012566214,1,0,0.266123429223279,797.739222131392,768,0,20,20.6,20,3,5,COOLING IN PROGRESS,PCM CAPACITY INSUFFICIENT
24580,409.666666666667,6.82777777777778,35,20.0704602672219,34.7875041304608,1,0,0.265619836924049,797.739222131392,768,0,20,20.6,20,3,5,COOLING IN PROGRESS,PCM CAPACITY INSUFFICIENT
24590,409.833333333333,6.83055555555556,35,20.0704602672219,34.7879062419315,1,0,0.26511719758564,797.739222131392,768,0,20,20.6,20,3,5,COOLING IN PROGRESS,PCM CAPACITY INSUFFICIENT
24600,410,6.83333333333333,35,20.0704602672219,34.7883075924762,1,0,0.264615509404758,797.739222131392,768,0,20,20.6,20,3,5,COOLING IN PROGRESS,PCM CAPACITY INSUFFICIENT
24610,410.166666666667,6.83611111111111,35,20.0704602672219,34.7887081835348,1,0,0.264114770581489,797.739222131392,768,0,20,20.6,20,3,5,COOLING IN PROGRESS,PCM CAPACITY INSUFFICIENT
24620,410.333333333333,6.83888888888889,35,20.0704602672219,34.7891080165445,1,0,0.263614979319327,797.739222131392,768,0,20,20.6,20,3,5,COOLING IN PROGRESS,PCM CAPACITY INSUFFICIENT
24630,410.5,6.84166666666667,35,20.0704602672219,34.7895070929398,1,0,0.263116133825214,797.739222131392,768,0,20,20.6,20,3,5,COOLING IN PROGRESS,PCM CAPACITY INSUFFICIENT
24640,410.666666666667,6.84444444444444,35,20.0704602672219,34.7899054141525,1,0,0.262618232309411,797.739222131392,768,0,20,20.6,20,3,5,COOLING IN PROGRESS,PCM CAPACITY INSUFFICIENT
24650,410.833333333333,6.84722222222222,35,20.0704602672219,34.7903029816114,1,0,0.262121272985709,797.739222131392,768,0,20,20.6,20,3,5,COOLING IN PROGRESS,PCM CAPACITY INSUFFICIENT
24660,411,6.85,35,20.0704602672219,34.7906997967433,1,0,0.261625254070932,797.739222131392,768,0,20,20.6,20,3,5,COOLING IN PROGRESS,PCM CAPACITY INSUFFICIENT
24670,411.166666666667,6.85277777777778,35,20.0704602672219,34.7910958609714,1,0,0.261130173785773,797.739222131392,768,0,20,20.6,20,3,5,COOLING IN PROGRESS,PCM CAPACITY INSUFFICIENT
24680,411.333333333333,6.85555555555556,35,20.0704602672219,34.7914911757169,1,0,0.260636030353893,797.739222131392,768,0,20,20.6,20,3,5,COOLING IN PROGRESS,PCM CAPACITY INSUFFICIENT
24690,411.5,6.85833333333333,35,20.0704602672219,34.791885742398,1,0,0.260142822002543,797.739222131392,768,0,20,20.6,20,3,5,COOLING IN PROGRESS,PCM CAPACITY INSUFFICIENT
24700,411.666666666667,6.86111111111111,35,20.0704602672219,34.7922795624303,1,0,0.259650546962176,797.739222131392,768,0,20,20.6,20,3,5,COOLING IN PROGRESS,PCM CAPACITY INSUFFICIENT
24710,411.833333333333,6.86388888888889,35,20.0704602672219,34.7926726372266,1,0,0.25915920346673,797.739222131392,768,0,20,20.6,20,3,5,COOLING IN PROGRESS,PCM CAPACITY INSUFFICIENT
24720,412,6.86666666666667,35,20.0704602672219,34.7930649681973,1,0,0.25866878975334,797.739222131392,768,0,20,20.6,20,3,5,COOLING IN PROGRESS,PCM CAPACITY INSUFFICIENT
24730,412.166666666667,6.86944444444444,35,20.0704602672219,34.7934565567499,1,0,0.258179304062587,797.739222131392,768,0,20,20.6,20,3,5,COOLING IN PROGRESS,PCM CAPACITY INSUFFICIENT
24740,412.333333333333,6.87222222222222,35,20.0704602672219,34.7938474042893,1,0,0.257690744638435,797.739222131392,768,0,20,20.6,20,3,5,COOLING IN PROGRESS,PCM CAPACITY INSUFFICIENT
24750,412.5,6.875,35,20.0704602672219,34.7942375122176,1,0,0.257203109727957,797.739222131392,768,0,20,20.6,20,3,5,COOLING IN PROGRESS,PCM CAPACITY INSUFFICIENT
24760,412.666666666667,6.87777777777778,35,20.0704602672219,34.7946268819346,1,0,0.256716397581744,797.739222131392,768,0,20,20.6,20,3,5,COOLING IN PROGRESS,PCM CAPACITY INSUFFICIENT
24770,412.833333333333,6.88055555555556,35,20.0704602672219,34.7950155148371,1,0,0.256230606453585,797.739222131392,768,0,20,20.6,20,3,5,COOLING IN PROGRESS,PCM CAPACITY INSUFFICIENT
24780,413,6.88333333333333,35,20.0704602672219,34.7954034123195,1,0,0.255745734600676,797.739222131392,768,0,20,20.6,20,3,5,COOLING IN PROGRESS,PCM CAPACITY INSUFFICIENT
24790,413.166666666667,6.88611111111111,35,20.0704602672219,34.7957905757733,1,0,0.255261780283362,797.739222131392,768,0,20,20.6,20,3,5,COOLING IN PROGRESS,PCM CAPACITY INSUFFICIENT
24800,413.333333333333,6.88888888888889,35,20.0704602672219,34.7961770065877,1,0,0.254778741765405,797.739222131392,768,0,20,20.6,20,3,5,COOLING IN PROGRESS,PCM CAPACITY INSUFFICIENT
24810,413.5,6.89166666666667,35,20.0704602672219,34.7965627061489,1,0,0.254296617313825,797.739222131392,768,0,20,20.6,20,3,5,COOLING IN PROGRESS,PCM CAPACITY INSUFFICIENT
24820,413.666666666667,6.89444444444444,35,20.0704602672219,34.7969476758409,1,0,0.253815405198932,797.739222131392,768,0,20,20.6,20,3,5,COOLING IN PROGRESS,PCM CAPACITY INSUFFICIENT
24830,413.833333333333,6.89722222222222,35,20.0704602672219,34.7973319170446,1,0,0.253335103694257,797.739222131392,768,0,20,20.6,20,3,5,COOLING IN PROGRESS,PCM CAPACITY INSUFFICIENT
24840,414,6.9,35,20.0704602672219,34.7977154311387,1,0,0.252855711076601,797.739222131392,768,0,20,20.6,20,3,5,COOLING IN PROGRESS,PCM CAPACITY INSUFFICIENT
24850,414.166666666667,6.90277777777778,35,20.0704602672219,34.7980982194991,1,0,0.25237722562613,797.739222131392,768,0,20,20.6,20,3,5,COOLING IN PROGRESS,PCM CAPACITY INSUFFICIENT
24860,414.333333333333,6.90555555555556,35,20.0704602672219,34.7984802834991,1,0,0.251899645626157,797.739222131392,768,0,20,20.6,20,3,5,COOLING IN PROGRESS,PCM CAPACITY INSUFFICIENT
24870,414.5,6.90833333333333,35,20.0704602672219,34.7988616245094,1,0,0.25142296936326,797.739222131392,768,0,20,20.6,20,3,5,COOLING IN PROGRESS,PCM CAPACITY INSUFFICIENT
24880,414.666666666667,6.91111111111111,35,20.0704602672219,34.7992422438982,1,0,0.250947195127216,797.739222131392,768,0,20,20.6,20,3,5,COOLING IN PROGRESS,PCM CAPACITY INSUFFICIENT
24890,414.833333333333,6.91388888888889,35,20.0704602672219,34.7996221430311,1,0,0.250472321211159,797.739222131392,768,0,20,20.6,20,3,5,COOLING IN PROGRESS,PCM CAPACITY INSUFFICIENT
24900,415,6.91666666666667,35,20.0704602672219,34.8000013232709,1,0,0.249998345911413,797.739222131392,768,0,20,20.6,20,3,5,COOLING IN PROGRESS,PCM CAPACITY INSUFFICIENT
24910,415.166666666667,6.91944444444444,35,20.0704602672219,34.800379785978,1,0,0.249525267527462,797.739222131392,768,0,20,20.6,20,3,5,COOLING IN PROGRESS,PCM CAPACITY INSUFFICIENT
24920,415.333333333333,6.92222222222222,35,20.0704602672219,34.8007575325103,1,0,0.249053084362094,797.739222131392,768,0,20,20.6,20,3,5,COOLING IN PROGRESS,PCM CAPACITY INSUFFICIENT
24930,415.5,6.925,35,20.0704602672219,34.801134564223,1,0,0.248581794721261,797.739222131392,768,0,20,20.6,20,3,5,COOLING IN PROGRESS,PCM CAPACITY INSUFFICIENT
24940,415.666666666667,6.92777777777778,35,20.0704602672219,34.8015108824687,1,0,0.248111396914066,797.739222131392,768,0,20,20.6,20,3,5,COOLING IN PROGRESS,PCM CAPACITY INSUFFICIENT
24950,415.833333333333,6.93055555555556,35,20.0704602672219,34.8018864885977,1,0,0.247641889252916,797.739222131392,768,0,20,20.6,20,3,5,COOLING IN PROGRESS,PCM CAPACITY INSUFFICIENT
24960,416,6.93333333333333,35,20.0704602672219,34.8022613839574,1,0,0.247173270053302,797.739222131392,768,0,20,20.6,20,3,5,COOLING IN PROGRESS,PCM CAPACITY INSUFFICIENT
24970,416.166666666667,6.93611111111111,35,20.0704602672219,34.8026355698928,1,0,0.246705537634035,797.739222131392,768,0,20,20.6,20,3,5,COOLING IN PROGRESS,PCM CAPACITY INSUFFICIENT
24980,416.333333333333,6.93888888888889,35,20.0704602672219,34.8030090477464,1,0,0.246238690317018,797.739222131392,768,0,20,20.6,20,3,5,COOLING IN PROGRESS,PCM CAPACITY INSUFFICIENT
24990,416.5,6.94166666666667,35,20.0704602672219,34.8033818188581,1,0,0.245772726427322,797.739222131392,768,0,20,20.6,20,3,5,COOLING IN PROGRESS,PCM CAPACITY INSUFFICIENT
25000,416.666666666667,6.94444444444444,35,20.0704602672219,34.8037538845654,1,0,0.245307644293273,797.739222131392,768,0,20,20.6,20,3,5,COOLING IN PROGRESS,PCM CAPACITY INSUFFICIENT
25010,416.833333333333,6.94722222222222,35,20.0704602672219,34.804125246203,1,0,0.244843442246268,797.739222131392,768,0,20,20.6,20,3,5,COOLING IN PROGRESS,PCM CAPACITY INSUFFICIENT
25020,417,6.95,35,20.0704602672219,34.8044959051033,1,0,0.244380118620828,797.739222131392,768,0,20,20.6,20,3,5,COOLING IN PROGRESS,PCM CAPACITY INSUFFICIENT
25030,417.166666666667,6.95277777777778,35,20.0704602672219,34.8048658625962,1,0,0.243917671754783,797.739222131392,768,0,20,20.6,20,3,5,COOLING IN PROGRESS,PCM CAPACITY INSUFFICIENT
25040,417.333333333333,6.95555555555556,35,20.0704602672219,34.8052351200088,1,0,0.243456099989006,797.739222131392,768,0,20,20.6,20,3,5,COOLING IN PROGRESS,PCM CAPACITY INSUFFICIENT
25050,417.5,6.95833333333333,35,20.0704602672219,34.805603678666,1,0,0.242995401667478,797.739222131392,768,0,20,20.6,20,3,5,COOLING IN PROGRESS,PCM CAPACITY INSUFFICIENT
25060,417.666666666667,6.96111111111111,35,20.0704602672219,34.8059715398901,1,0,0.242535575137435,797.739222131392,768,0,20,20.6,20,3,5,COOLING IN PROGRESS,PCM CAPACITY INSUFFICIENT
25070,417.833333333333,6.96388888888889,35,20.0704602672219,34.8063387050007,1,0,0.24207661874911,797.739222131392,768,0,20,20.6,20,3,5,COOLING IN PROGRESS,PCM CAPACITY INSUFFICIENT
25080,418,6.96666666666667,35,20.0704602672219,34.8067051753153,1,0,0.241618530855874,797.739222131392,768,0,20,20.6,20,3,5,COOLING IN PROGRESS,PCM CAPACITY INSUFFICIENT
25090,418.166666666667,6.96944444444444,35,20.0704602672219,34.8070709521485,1,0,0.241161309814331,797.739222131392,768,0,20,20.6,20,3,5,COOLING IN PROGRESS,PCM CAPACITY INSUFFICIENT
25100,418.333333333333,6.97222222222222,35,20.0704602672219,34.8074360368128,1,0,0.240704953984032,797.739222131392,768,0,20,20.6,20,3,5,COOLING IN PROGRESS,PCM CAPACITY INSUFFICIENT
25110,418.5,6.975,35,20.0704602672219,34.8078004306178,1,0,0.240249461727782,797.739222131392,768,0,20,20.6,20,3,5,COOLING IN PROGRESS,PCM CAPACITY INSUFFICIENT
25120,418.666666666667,6.97777777777778,35,20.0704602672219,34.8081641348708,1,0,0.239794831411464,797.739222131392,768,0,20,20.6,20,3,5,COOLING IN PROGRESS,PCM CAPACITY INSUFFICIENT
25130,418.833333333333,6.98055555555556,35,20.0704602672219,34.8085271508769,1,0,0.239341061403877,797.739222131392,768,0,20,20.6,20,3,5,COOLING IN PROGRESS,PCM CAPACITY INSUFFICIENT
25140,419,6.98333333333333,35,20.0704602672219,34.8088894799383,1,0,0.238888150077141,797.739222131392,768,0,20,20.6,20,3,5,COOLING IN PROGRESS,PCM CAPACITY INSUFFICIENT
25150,419.166666666667,6.98611111111111,35,20.0704602672219,34.809251123355,1,0,0.238436095806307,797.739222131392,768,0,20,20.6,20,3,5,COOLING IN PROGRESS,PCM CAPACITY INSUFFICIENT
25160,419.333333333333,6.98888888888889,35,20.0704602672219,34.8096120824244,1,0,0.237984896969543,797.739222131392,768,0,20,20.6,20,3,5,COOLING IN PROGRESS,PCM CAPACITY INSUFFICIENT
25170,419.5,6.99166666666667,35,20.0704602672219,34.8099723584416,1,0,0.237534551948055,797.739222131392,768,0,20,20.6,20,3,5,COOLING IN PROGRESS,PCM CAPACITY INSUFFICIENT
25180,419.666666666667,6.99444444444444,35,20.0704602672219,34.810331952699,1,0,0.237085059126212,797.739222131392,768,0,20,20.6,20,3,5,COOLING IN PROGRESS,PCM CAPACITY INSUFFICIENT
25190,419.833333333333,6.99722222222222,35,20.0704602672219,34.810690866487,1,0,0.236636416891303,797.739222131392,768,0,20,20.6,20,3,5,COOLING IN PROGRESS,PCM CAPACITY INSUFFICIENT
25200,420,7,35,20.0704602672219,34.8110491010929,1,0,0.236188623633842,797.739222131392,768,0,20,20.6,20,3,5,COOLING IN PROGRESS,PCM CAPACITY INSUFFICIENT
25210,420.166666666667,7.00277777777778,35,20.0704602672219,34.8114066578023,1,0,0.235741677747132,797.739222131392,768,0,20,20.6,20,3,5,COOLING IN PROGRESS,PCM CAPACITY INSUFFICIENT
25220,420.333333333333,7.00555555555556,35,20.0704602672219,34.8117635378977,1,0,0.23529557762787,797.739222131392,768,0,20,20.6,20,3,5,COOLING IN PROGRESS,PCM CAPACITY INSUFFICIENT
25230,420.5,7.00833333333333,35,20.0704602672219,34.8121197426596,1,0,0.234850321675477,797.739222131392,768,0,20,20.6,20,3,5,COOLING IN PROGRESS,PCM CAPACITY INSUFFICIENT
25240,420.666666666667,7.01111111111111,35,20.0704602672219,34.812475273366,1,0,0.234405908292548,797.739222131392,768,0,20,20.6,20,3,5,COOLING IN PROGRESS,PCM CAPACITY INSUFFICIENT
25250,420.833333333333,7.01388888888889,35,20.0704602672219,34.8128301312923,1,0,0.233962335884579,797.739222131392,768,0,20,20.6,20,3,5,COOLING IN PROGRESS,PCM CAPACITY INSUFFICIENT
25260,421,7.01666666666667,35,20.0704602672219,34.8131843177118,1,0,0.23351960286031,797.739222131392,768,0,20,20.6,20,3,5,COOLING IN PROGRESS,PCM CAPACITY INSUFFICIENT
25270,421.166666666667,7.01944444444444,35,20.0704602672219,34.813537833895,1,0,0.233077707631208,797.739222131392,768,0,20,20.6,20,3,5,COOLING IN PROGRESS,PCM CAPACITY INSUFFICIENT
25280,421.333333333333,7.02222222222222,35,20.0704602672219,34.8138906811104,1,0,0.232636648612008,797.739222131392,768,0,20,20.6,20,3,5,COOLING IN PROGRESS,PCM CAPACITY INSUFFICIENT
25290,421.5,7.025,35,20.0704602672219,34.8142428606238,1,0,0.232196424220259,797.739222131392,768,0,20,20.6,20,3,5,COOLING IN PROGRESS,PCM CAPACITY INSUFFICIENT
25300,421.666666666667,7.02777777777778,35,20.0704602672219,34.8145943736988,1,0,0.231757032876541,797.739222131392,768,0,20,20.6,20,3,5,COOLING IN PROGRESS,PCM CAPACITY INSUFFICIENT
25310,421.833333333333,7.03055555555556,35,20.0704602672219,34.8149452215963,1,0,0.231318473004585,797.739222131392,768,0,20,20.6,20,3,5,COOLING IN PROGRESS,PCM CAPACITY INSUFFICIENT
25320,422,7.03333333333333,35,20.0704602672219,34.8152954055753,1,0,0.230880743030895,797.739222131392,768,0,20,20.6,20,3,5,COOLING IN PROGRESS,PCM CAPACITY INSUFFICIENT
25330,422.166666666667,7.03611111111111,35,20.0704602672219,34.8156449268919,1,0,0.230443841385073,797.739222131392,768,0,20,20.6,20,3,5,COOLING IN PROGRESS,PCM CAPACITY INSUFFICIENT
25340,422.333333333333,7.03888888888889,35,20.0704602672219,34.8159937868003,1,0,0.230007766499565,797.739222131392,768,0,20,20.6,20,3,5,COOLING IN PROGRESS,PCM CAPACITY INSUFFICIENT
25350,422.5,7.04166666666667,35,20.0704602672219,34.8163419865521,1,0,0.229572516809906,797.739222131392,768,0,20,20.6,20,3,5,COOLING IN PROGRESS,PCM CAPACITY INSUFFICIENT
25360,422.666666666667,7.04444444444444,35,20.0704602672219,34.8166895273963,1,0,0.229138090754617,797.739222131392,768,0,20,20.6,20,3,5,COOLING IN PROGRESS,PCM CAPACITY INSUFFICIENT
25370,422.833333333333,7.04722222222222,35,20.0704602672219,34.8170364105799,1,0,0.228704486775086,797.739222131392,768,0,20,20.6,20,3,5,COOLING IN PROGRESS,PCM CAPACITY INSUFFICIENT
25380,423,7.05,35,20.0704602672219,34.8173826373475,1,0,0.228271703315608,797.739222131392,768,0,20,20.6,20,3,5,COOLING IN PROGRESS,PCM CAPACITY INSUFFICIENT
25390,423.166666666667,7.05277777777778,35,20.0704602672219,34.8177282089411,1,0,0.227839738823565,797.739222131392,768,0,20,20.6,20,3,5,COOLING IN PROGRESS,PCM CAPACITY INSUFFICIENT
25400,423.333333333333,7.05555555555556,35,20.0704602672219,34.8180731266006,1,0,0.227408591749221,797.739222131392,768,0,20,20.6,20,3,5,COOLING IN PROGRESS,PCM CAPACITY INSUFFICIENT
25410,423.5,7.05833333333333,35,20.0704602672219,34.8184173915634,1,0,0.226978260545696,797.739222131392,768,0,20,20.6,20,3,5,COOLING IN PROGRESS,PCM CAPACITY INSUFFICIENT
25420,423.666666666667,7.06111111111111,35,20.0704602672219,34.8187610050647,1,0,0.226548743669133,797.739222131392,768,0,20,20.6,20,3,5,COOLING IN PROGRESS,PCM CAPACITY INSUFFICIENT
25430,423.833333333333,7.06388888888889,35,20.0704602672219,34.8191039683372,1,0,0.226120039578515,797.739222131392,768,0,20,20.6,20,3,5,COOLING IN PROGRESS,PCM CAPACITY INSUFFICIENT
25440,424,7.06666666666667,35,20.0704602672219,34.8194462826114,1,0,0.22569214673581,797.739222131392,768,0,20,20.6,20,3,5,COOLING IN PROGRESS,PCM CAPACITY INSUFFICIENT
25450,424.166666666667,7.06944444444444,35,20.0704602672219,34.8197879491153,1,0,0.225265063605917,797.739222131392,768,0,20,20.6,20,3,5,COOLING IN PROGRESS,PCM CAPACITY INSUFFICIENT
25460,424.333333333333,7.07222222222222,35,20.0704602672219,34.8201289690748,1,0,0.224838788656516,797.739222131392,768,0,20,20.6,20,3,5,COOLING IN PROGRESS,PCM CAPACITY INSUFFICIENT
25470,424.5,7.075,35,20.0704602672219,34.8204693437134,1,0,0.224413320358305,797.739222131392,768,0,20,20.6,20,3,5,COOLING IN PROGRESS,PCM CAPACITY INSUFFICIENT
25480,424.666666666667,7.07777777777778,35,20.0704602672219,34.8208090742521,1,0,0.223988657184897,797.739222131392,768,0,20,20.6,20,3,5,COOLING IN PROGRESS,PCM CAPACITY INSUFFICIENT
25490,424.833333333333,7.08055555555556,35,20.0704602672219,34.8211481619099,1,0,0.223564797612656,797.739222131392,768,0,20,20.6,20,3,5,COOLING IN PROGRESS,PCM CAPACITY INSUFFICIENT
25500,425,7.08333333333333,35,20.0704602672219,34.8214866079033,1,0,0.223141740120898,797.739222131392,768,0,20,20.6,20,3,5,COOLING IN PROGRESS,PCM CAPACITY INSUFFICIENT
25510,425.166666666667,7.08611111111111,35,20.0704602672219,34.8218244134465,1,0,0.222719483191858,797.739222131392,768,0,20,20.6,20,3,5,COOLING IN PROGRESS,PCM CAPACITY INSUFFICIENT
25520,425.333333333333,7.08888888888889,35,20.0704602672219,34.8221615797515,1,0,0.222298025310605,797.739222131392,768,0,20,20.6,20,3,5,COOLING IN PROGRESS,PCM CAPACITY INSUFFICIENT
25530,425.5,7.09166666666667,35,20.0704602672219,34.8224981080279,1,0,0.221877364965124,797.739222131392,768,0,20,20.6,20,3,5,COOLING IN PROGRESS,PCM CAPACITY INSUFFICIENT
25540,425.666666666667,7.09444444444444,35,20.0704602672219,34.8228339994831,1,0,0.221457500646114,797.739222131392,768,0,20,20.6,20,3,5,COOLING IN PROGRESS,PCM CAPACITY INSUFFICIENT
25550,425.833333333333,7.09722222222222,35,20.0704602672219,34.8231692553222,1,0,0.221038430847296,797.739222131392,768,0,20,20.6,20,3,5,COOLING IN PROGRESS,PCM CAPACITY INSUFFICIENT
25560,426,7.1,35,20.0704602672219,34.8235038767478,1,0,0.220620154065188,797.739222131392,768,0,20,20.6,20,3,5,COOLING IN PROGRESS,PCM CAPACITY INSUFFICIENT
25570,426.166666666667,7.10277777777778,35,20.0704602672219,34.8238378649607,1,0,0.220202668799176,797.739222131392,768,0,20,20.6,20,3,5,COOLING IN PROGRESS,PCM CAPACITY INSUFFICIENT
25580,426.333333333333,7.10555555555556,35,20.0704602672219,34.8241712211589,1,0,0.219785973551421,797.739222131392,768,0,20,20.6,20,3,5,COOLING IN PROGRESS,PCM CAPACITY INSUFFICIENT
25590,426.5,7.10833333333333,35,20.0704602672219,34.8245039465385,1,0,0.219370066826876,797.739222131392,768,0,20,20.6,20,3,5,COOLING IN PROGRESS,PCM CAPACITY INSUFFICIENT
25600,426.666666666667,7.11111111111111,35,20.0704602672219,34.8248360422932,1,0,0.218954947133465,797.739222131392,768,0,20,20.6,20,3,5,COOLING IN PROGRESS,PCM CAPACITY INSUFFICIENT
25610,426.833333333333,7.11388888888889,35,20.0704602672219,34.8251675096145,1,0,0.218540612981881,797.739222131392,768,0,20,20.6,20,3,5,COOLING IN PROGRESS,PCM CAPACITY INSUFFICIENT
25620,427,7.11666666666667,35,20.0704602672219,34.8254983496915,1,0,0.218127062885634,797.739222131392,768,0,20,20.6,20,3,5,COOLING IN PROGRESS,PCM CAPACITY INSUFFICIENT
25630,427.166666666667,7.11944444444444,35,20.0704602672219,34.8258285637112,1,0,0.217714295360967,797.739222131392,768,0,20,20.6,20,3,5,COOLING IN PROGRESS,PCM CAPACITY INSUFFICIENT
25640,427.333333333333,7.12222222222222,35,20.0704602672219,34.8261581528583,1,0,0.217302308927074,797.739222131392,768,0,20,20.6,20,3,5,COOLING IN PROGRESS,PCM CAPACITY INSUFFICIENT
25650,427.5,7.125,35,20.0704602672219,34.8264871183153,1,0,0.216891102105858,797.739222131392,768,0,20,20.6,20,3,5,COOLING IN PROGRESS,PCM CAPACITY INSUFFICIENT
25660,427.666666666667,7.12777777777778,35,20.0704602672219,34.8268154612624,1,0,0.216480673421984,797.739222131392,768,0,20,20.6,20,3,5,COOLING IN PROGRESS,PCM CAPACITY INSUFFICIENT
25670,427.833333333333,7.13055555555556,35,20.0704602672219,34.8271431828775,1,0,0.216071021403099,797.739222131392,768,0,20,20.6,20,3,5,COOLING IN PROGRESS,PCM CAPACITY INSUFFICIENT
25680,428,7.13333333333333,35,20.0704602672219,34.8274702843365,1,0,0.215662144579394,797.739222131392,768,0,20,20.6,20,3,5,COOLING IN PROGRESS,PCM CAPACITY INSUFFICIENT
25690,428.166666666667,7.13611111111111,35,20.0704602672219,34.8277967668129,1,0,0.215254041483917,797.739222131392,768,0,20,20.6,20,3,5,COOLING IN PROGRESS,PCM CAPACITY INSUFFICIENT
25700,428.333333333333,7.13888888888889,35,20.0704602672219,34.828122631478,1,0,0.214846710652541,797.739222131392,768,0,20,20.6,20,3,5,COOLING IN PROGRESS,PCM CAPACITY INSUFFICIENT
25710,428.5,7.14166666666667,35,20.0704602672219,34.8284478795009,1,0,0.214440150623902,797.739222131392,768,0,20,20.6,20,3,5,COOLING IN PROGRESS,PCM CAPACITY INSUFFICIENT
25720,428.666666666667,7.14444444444444,35,20.0704602672219,34.8287725120485,1,0,0.214034359939355,797.739222131392,768,0,20,20.6,20,3,5,COOLING IN PROGRESS,PCM CAPACITY INSUFFICIENT
25730,428.833333333333,7.14722222222222,35,20.0704602672219,34.8290965302855,1,0,0.213629337143164,797.739222131392,768,0,20,20.6,20,3,5,COOLING IN PROGRESS,PCM CAPACITY INSUFFICIENT
25740,429,7.15,35,20.0704602672219,34.8294199353743,1,0,0.21322508078212,797.739222131392,768,0,20,20.6,20,3,5,COOLING IN PROGRESS,PCM CAPACITY INSUFFICIENT
25750,429.166666666667,7.15277777777778,35,20.0704602672219,34.8297427284752,1,0,0.212821589406005,797.739222131392,768,0,20,20.6,20,3,5,COOLING IN PROGRESS,PCM CAPACITY INSUFFICIENT
25760,429.333333333333,7.15555555555556,35,20.0704602672219,34.8300649107463,1,0,0.212418861567096,797.739222131392,768,0,20,20.6,20,3,5,COOLING IN PROGRESS,PCM CAPACITY INSUFFICIENT
25770,429.5,7.15833333333333,35,20.0704602672219,34.8303864833435,1,0,0.212016895820586,797.739222131392,768,0,20,20.6,20,3,5,COOLING IN PROGRESS,PCM CAPACITY INSUFFICIENT
25780,429.666666666667,7.16111111111111,35,20.0704602672219,34.8307074474206,1,0,0.211615690724249,797.739222131392,768,0,20,20.6,20,3,5,COOLING IN PROGRESS,PCM CAPACITY INSUFFICIENT
25790,429.833333333333,7.16388888888889,35,20.0704602672219,34.831027804129,1,0,0.211215244838803,797.739222131392,768,0,20,20.6,20,3,5,COOLING IN PROGRESS,PCM CAPACITY INSUFFICIENT
25800,430,7.16666666666667,35,20.0704602672219,34.8313475546179,1,0,0.210815556727573,797.739222131392,768,0,20,20.6,20,3,5,COOLING IN PROGRESS,PCM CAPACITY INSUFFICIENT
25810,430.166666666667,7.16944444444444,35,20.0704602672219,34.8316667000347,1,0,0.210416624956604,797.739222131392,768,0,20,20.6,20,3,5,COOLING IN PROGRESS,PCM CAPACITY INSUFFICIENT
25820,430.333333333333,7.17222222222222,35,20.0704602672219,34.8319852415243,1,0,0.21001844809458,797.739222131392,768,0,20,20.6,20,3,5,COOLING IN PROGRESS,PCM CAPACITY INSUFFICIENT
25830,430.5,7.175,35,20.0704602672219,34.8323031802296,1,0,0.209621024713025,797.739222131392,768,0,20,20.6,20,3,5,COOLING IN PROGRESS,PCM CAPACITY INSUFFICIENT
25840,430.666666666667,7.17777777777778,35,20.0704602672219,34.8326205172911,1,0,0.209224353386066,797.739222131392,768,0,20,20.6,20,3,5,COOLING IN PROGRESS,PCM CAPACITY INSUFFICIENT
25850,430.833333333333,7.18055555555556,35,20.0704602672219,34.8329372538475,1,0,0.208828432690575,797.739222131392,768,0,20,20.6,20,3,5,COOLING IN PROGRESS,PCM CAPACITY INSUFFICIENT
25860,431,7.18333333333333,35,20.0704602672219,34.8332533910351,1,0,0.208433261206133,797.739222131392,768,0,20,20.6,20,3,5,COOLING IN PROGRESS,PCM CAPACITY INSUFFICIENT
25870,431.166666666667,7.18611111111111,35,20.0704602672219,34.833568929988,1,0,0.208038837514986,797.739222131392,768,0,20,20.6,20,3,5,COOLING IN PROGRESS,PCM CAPACITY INSUFFICIENT
25880,431.333333333333,7.18888888888889,35,20.0704602672219,34.8338838718383,1,0,0.207645160202077,797.739222131392,768,0,20,20.6,20,3,5,COOLING IN PROGRESS,PCM CAPACITY INSUFFICIENT
25890,431.5,7.19166666666667,35,20.0704602672219,34.834198217716,1,0,0.207252227854999,797.739222131392,768,0,20,20.6,20,3,5,COOLING IN PROGRESS,PCM CAPACITY INSUFFICIENT
25900,431.666666666667,7.19444444444444,35,20.0704602672219,34.8345119687488,1,0,0.206860039064019,797.739222131392,768,0,20,20.6,20,3,5,COOLING IN PROGRESS,PCM CAPACITY INSUFFICIENT
25910,431.833333333333,7.19722222222222,35,20.0704602672219,34.8348251260623,1,0,0.206468592422144,797.739222131392,768,0,20,20.6,20,3,5,COOLING IN PROGRESS,PCM CAPACITY INSUFFICIENT
25920,432,7.2,35,20.0704602672219,34.83513769078,1,0,0.206077886524945,797.739222131392,768,0,20,20.6,20,3,5,COOLING IN PROGRESS,PCM CAPACITY INSUFFICIENT
25930,432.166666666667,7.20277777777778,35,20.0704602672219,34.8354496640234,1,0,0.205687919970696,797.739222131392,768,0,20,20.6,20,3,5,COOLING IN PROGRESS,PCM CAPACITY INSUFFICIENT
25940,432.333333333333,7.20555555555556,35,20.0704602672219,34.8357610469117,1,0,0.205298691360341,797.739222131392,768,0,20,20.6,20,3,5,COOLING IN PROGRESS,PCM CAPACITY INSUFFICIENT
25950,432.5,7.20833333333333,35,20.0704602672219,34.8360718405621,1,0,0.204910199297395,797.739222131392,768,0,20,20.6,20,3,5,COOLING IN PROGRESS,PCM CAPACITY INSUFFICIENT
25960,432.666666666667,7.21111111111111,35,20.0704602672219,34.8363820460895,1,0,0.204522442388075,797.739222131392,768,0,20,20.6,20,3,5,COOLING IN PROGRESS,PCM CAPACITY INSUFFICIENT
25970,432.833333333333,7.21388888888889,35,20.0704602672219,34.836691664607,1,0,0.204135419241291,797.739222131392,768,0,20,20.6,20,3,5,COOLING IN PROGRESS,PCM CAPACITY INSUFFICIENT
25980,433,7.21666666666667,35,20.0704602672219,34.8370006972252,1,0,0.203749128468518,797.739222131392,768,0,20,20.6,20,3,5,COOLING IN PROGRESS,PCM CAPACITY INSUFFICIENT
25990,433.166666666667,7.21944444444444,35,20.0704602672219,34.837309145053,1,0,0.203363568683788,797.739222131392,768,0,20,20.6,20,3,5,COOLING IN PROGRESS,PCM CAPACITY INSUFFICIENT
26000,433.333333333333,7.22222222222222,35,20.0704602672219,34.8376170091969,1,0,0.202978738503923,797.739222131392,768,0,20,20.6,20,3,5,COOLING IN PROGRESS,PCM CAPACITY INSUFFICIENT
26010,433.5,7.225,35,20.0704602672219,34.8379242907614,1,0,0.202594636548223,797.739222131392,768,0,20,20.6,20,3,5,COOLING IN PROGRESS,PCM CAPACITY INSUFFICIENT
26020,433.666666666667,7.22777777777778,35,20.0704602672219,34.8382309908491,1,0,0.202211261438654,797.739222131392,768,0,20,20.6,20,3,5,COOLING IN PROGRESS,PCM CAPACITY INSUFFICIENT
26030,433.833333333333,7.23055555555556,35,20.0704602672219,34.8385371105602,1,0,0.201828611799808,797.739222131392,768,0,20,20.6,20,3,5,COOLING IN PROGRESS,PCM CAPACITY INSUFFICIENT
26040,434,7.23333333333333,35,20.0704602672219,34.8388426509929,1,0,0.201446686258819,797.739222131392,768,0,20,20.6,20,3,5,COOLING IN PROGRESS,PCM CAPACITY INSUFFICIENT
26050,434.166666666667,7.23611111111111,35,20.0704602672219,34.8391476132436,1,0,0.201065483445504,797.739222131392,768,0,20,20.6,20,3,5,COOLING IN PROGRESS,PCM CAPACITY INSUFFICIENT
26060,434.333333333333,7.23888888888889,35,20.0704602672219,34.8394519984062,1,0,0.200685001992209,797.739222131392,768,0,20,20.6,20,3,5,COOLING IN PROGRESS,PCM CAPACITY INSUFFICIENT
26070,434.5,7.24166666666667,35,20.0704602672219,34.8397558075729,1,0,0.200305240533893,797.739222131392,768,0,20,20.6,20,3,5,COOLING IN PROGRESS,PCM CAPACITY INSUFFICIENT
26080,434.666666666667,7.24444444444444,35,20.0704602672219,34.8400590418335,1,0,0.199926197708091,797.739222131392,768,0,20,20.6,20,3,5,COOLING IN PROGRESS,PCM CAPACITY INSUFFICIENT
26090,434.833333333333,7.24722222222222,35,20.0704602672219,34.8403617022761,1,0,0.199547872154913,797.739222131392,768,0,20,20.6,20,3,5,COOLING IN PROGRESS,PCM CAPACITY INSUFFICIENT
26100,435,7.25,35,20.0704602672219,34.8406637899864,1,0,0.199170262517008,797.739222131392,768,0,20,20.6,20,3,5,COOLING IN PROGRESS,PCM CAPACITY INSUFFICIENT
26110,435.166666666667,7.25277777777778,35,20.0704602672219,34.8409653060482,1,0,0.198793367439727,797.739222131392,768,0,20,20.6,20,3,5,COOLING IN PROGRESS,PCM CAPACITY INSUFFICIENT
26120,435.333333333333,7.25555555555556,35,20.0704602672219,34.8412662515434,1,0,0.198417185570756,797.739222131392,768,0,20,20.6,20,3,5,COOLING IN PROGRESS,PCM CAPACITY INSUFFICIENT
26130,435.5,7.25833333333333,35,20.0704602672219,34.8415666275516,1,0,0.198041715560517,797.739222131392,768,0,20,20.6,20,3,5,COOLING IN PROGRESS,PCM CAPACITY INSUFFICIENT
26140,435.666666666667,7.26111111111111,35,20.0704602672219,34.8418664351504,1,0,0.197666956061981,797.739222131392,768,0,20,20.6,20,3,5,COOLING IN PROGRESS,PCM CAPACITY INSUFFICIENT
26150,435.833333333333,7.26388888888889,35,20.0704602672219,34.8421656754155,1,0,0.197292905730668,797.739222131392,768,0,20,20.6,20,3,5,COOLING IN PROGRESS,PCM CAPACITY INSUFFICIENT
26160,436,7.26666666666667,35,20.0704602672219,34.8424643494204,1,0,0.196919563224522,797.739222131392,768,0,20,20.6,20,3,5,COOLING IN PROGRESS,PCM CAPACITY INSUFFICIENT
26170,436.166666666667,7.26944444444444,35,20.0704602672219,34.8427624582367,1,0,0.1965469272041,797.739222131392,768,0,20,20.6,20,3,5,COOLING IN PROGRESS,PCM CAPACITY INSUFFICIENT
26180,436.333333333333,7.27222222222222,35,20.0704602672219,34.843060002934,1,0,0.196174996332479,797.739222131392,768,0,20,20.6,20,3,5,COOLING IN PROGRESS,PCM CAPACITY INSUFFICIENT
26190,436.5,7.275,35,20.0704602672219,34.8433569845797,1,0,0.195803769275411,797.739222131392,768,0,20,20.6,20,3,5,COOLING IN PROGRESS,PCM CAPACITY INSUFFICIENT
26200,436.666666666667,7.27777777777778,35,20.0704602672219,34.8436534042392,1,0,0.195433244700958,797.739222131392,768,0,20,20.6,20,3,5,COOLING IN PROGRESS,PCM CAPACITY INSUFFICIENT
26210,436.833333333333,7.28055555555556,35,20.0704602672219,34.8439492629762,1,0,0.1950634212798,797.739222131392,768,0,20,20.6,20,3,5,COOLING IN PROGRESS,PCM CAPACITY INSUFFICIENT
26220,437,7.28333333333333,35,20.0704602672219,34.8442445618519,1,0,0.19469429768515,797.739222131392,768,0,20,20.6,20,3,5,COOLING IN PROGRESS,PCM CAPACITY INSUFFICIENT
26230,437.166666666667,7.28611111111111,35,20.0704602672219,34.8445393019259,1,0,0.194325872592653,797.739222131392,768,0,20,20.6,20,3,5,COOLING IN PROGRESS,PCM CAPACITY INSUFFICIENT
26240,437.333333333333,7.28888888888889,35,20.0704602672219,34.8448334842555,1,0,0.193958144680639,797.739222131392,768,0,20,20.6,20,3,5,COOLING IN PROGRESS,PCM CAPACITY INSUFFICIENT
26250,437.5,7.29166666666667,35,20.0704602672219,34.8451271098963,1,0,0.193591112629683,797.739222131392,768,0,20,20.6,20,3,5,COOLING IN PROGRESS,PCM CAPACITY INSUFFICIENT
26260,437.666666666667,7.29444444444444,35,20.0704602672219,34.8454201799016,1,0,0.193224775123042,797.739222131392,768,0,20,20.6,20,3,5,COOLING IN PROGRESS,PCM CAPACITY INSUFFICIENT
26270,437.833333333333,7.29722222222222,35,20.0704602672219,34.8457126953229,1,0,0.192859130846408,797.739222131392,768,0,20,20.6,20,3,5,COOLING IN PROGRESS,PCM CAPACITY INSUFFICIENT
26280,438,7.3,35,20.0704602672219,34.8460046572096,1,0,0.192494178487985,797.739222131392,768,0,20,20.6,20,3,5,COOLING IN PROGRESS,PCM CAPACITY INSUFFICIENT
26290,438.166666666667,7.30277777777778,35,20.0704602672219,34.8462960666093,1,0,0.192129916738359,797.739222131392,768,0,20,20.6,20,3,5,COOLING IN PROGRESS,PCM CAPACITY INSUFFICIENT
26300,438.333333333333,7.30555555555556,35,20.0704602672219,34.8465869245674,1,0,0.191766344290789,797.739222131392,768,0,20,20.6,20,3,5,COOLING IN PROGRESS,PCM CAPACITY INSUFFICIENT
26310,438.5,7.30833333333333,35,20.0704602672219,34.8468772321274,1,0,0.191403459840807,797.739222131392,768,0,20,20.6,20,3,5,COOLING IN PROGRESS,PCM CAPACITY INSUFFICIENT
26320,438.666666666667,7.31111111111111,35,20.0704602672219,34.8471669903308,1,0,0.191041262086511,797.739222131392,768,0,20,20.6,20,3,5,COOLING IN PROGRESS,PCM CAPACITY INSUFFICIENT
26330,438.833333333333,7.31388888888889,35,20.0704602672219,34.8474562002172,1,0,0.190679749728524,797.739222131392,768,0,20,20.6,20,3,5,COOLING IN PROGRESS,PCM CAPACITY INSUFFICIENT
26340,439,7.31666666666667,35,20.0704602672219,34.8477448628241,1,0,0.190318921469821,797.739222131392,768,0,20,20.6,20,3,5,COOLING IN PROGRESS,PCM CAPACITY INSUFFICIENT
26350,439.166666666667,7.31944444444444,35,20.0704602672219,34.8480329791874,1,0,0.189958776015793,797.739222131392,768,0,20,20.6,20,3,5,COOLING IN PROGRESS,PCM CAPACITY INSUFFICIENT
26360,439.333333333333,7.32222222222222,35,20.0704602672219,34.8483205503405,1,0,0.189599312074344,797.739222131392,768,0,20,20.6,20,3,5,COOLING IN PROGRESS,PCM CAPACITY INSUFFICIENT
26370,439.5,7.325,35,20.0704602672219,34.8486075773153,1,0,0.189240528355903,797.739222131392,768,0,20,20.6,20,3,5,COOLING IN PROGRESS,PCM CAPACITY INSUFFICIENT
26380,439.666666666667,7.32777777777778,35,20.0704602672219,34.8488940611414,1,0,0.188882423573222,797.739222131392,768,0,20,20.6,20,3,5,COOLING IN PROGRESS,PCM CAPACITY INSUFFICIENT
26390,439.833333333333,7.33055555555556,35,20.0704602672219,34.8491800028467,1,0,0.188524996441632,797.739222131392,768,0,20,20.6,20,3,5,COOLING IN PROGRESS,PCM CAPACITY INSUFFICIENT
26400,440,7.33333333333333,35,20.0704602672219,34.8494654034571,1,0,0.188168245678657,797.739222131392,768,0,20,20.6,20,3,5,COOLING IN PROGRESS,PCM CAPACITY INSUFFICIENT
26410,440.166666666667,7.33611111111111,35,20.0704602672219,34.8497502639964,1,0,0.187812170004458,797.739222131392,768,0,20,20.6,20,3,5,COOLING IN PROGRESS,PCM CAPACITY INSUFFICIENT
26420,440.333333333333,7.33888888888889,35,20.0704602672219,34.8500345854868,1,0,0.18745676814155,797.739222131392,768,0,20,20.6,20,3,5,COOLING IN PROGRESS,PCM CAPACITY INSUFFICIENT
26430,440.5,7.34166666666667,35,20.0704602672219,34.8503183689481,1,0,0.187102038814855,797.739222131392,768,0,20,20.6,20,3,5,COOLING IN PROGRESS,PCM CAPACITY INSUFFICIENT
26440,440.666666666667,7.34444444444444,35,20.0704602672219,34.8506016153987,1,0,0.186747980751667,797.739222131392,768,0,20,20.6,20,3,5,COOLING IN PROGRESS,PCM CAPACITY INSUFFICIENT
26450,440.833333333333,7.34722222222222,35,20.0704602672219,34.8508843258546,1,0,0.186394592681776,797.739222131392,768,0,20,20.6,20,3,5,COOLING IN PROGRESS,PCM CAPACITY INSUFFICIENT
26460,441,7.35,35,20.0704602672219,34.8511665013301,1,0,0.186041873337341,797.739222131392,768,0,20,20.6,20,3,5,COOLING IN PROGRESS,PCM CAPACITY INSUFFICIENT
26470,441.166666666667,7.35277777777778,35,20.0704602672219,34.8514481428377,1,0,0.185689821452915,797.739222131392,768,0,20,20.6,20,3,5,COOLING IN PROGRESS,PCM CAPACITY INSUFFICIENT
26480,441.333333333333,7.35555555555556,35,20.0704602672219,34.8517292513876,1,0,0.185338435765452,797.739222131392,768,0,20,20.6,20,3,5,COOLING IN PROGRESS,PCM CAPACITY INSUFFICIENT
26490,441.5,7.35833333333333,35,20.0704602672219,34.8520098279886,1,0,0.184987715014255,797.739222131392,768,0,20,20.6,20,3,5,COOLING IN PROGRESS,PCM CAPACITY INSUFFICIENT
26500,441.666666666667,7.36111111111111,35,20.0704602672219,34.8522898736471,1,0,0.184637657941096,797.739222131392,768,0,20,20.6,20,3,5,COOLING IN PROGRESS,PCM CAPACITY INSUFFICIENT
26510,441.833333333333,7.36388888888889,35,20.0704602672219,34.8525693893679,1,0,0.184288263290071,797.739222131392,768,0,20,20.6,20,3,5,COOLING IN PROGRESS,PCM CAPACITY INSUFFICIENT
26520,442,7.36666666666667,35,20.0704602672219,34.8528483761539,1,0,0.183939529807624,797.739222131392,768,0,20,20.6,20,3,5,COOLING IN PROGRESS,PCM CAPACITY INSUFFICIENT
26530,442.166666666667,7.36944444444444,35,20.0704602672219,34.8531268350059,1,0,0.183591456242622,797.739222131392,768,0,20,20.6,20,3,5,COOLING IN PROGRESS,PCM CAPACITY INSUFFICIENT
26540,442.333333333333,7.37222222222222,35,20.0704602672219,34.8534047669229,1,0,0.183244041346322,797.739222131392,768,0,20,20.6,20,3,5,COOLING IN PROGRESS,PCM CAPACITY INSUFFICIENT
26550,442.5,7.375,35,20.0704602672219,34.8536821729022,1,0,0.182897283872272,797.739222131392,768,0,20,20.6,20,3,5,COOLING IN PROGRESS,PCM CAPACITY INSUFFICIENT
26560,442.666666666667,7.37777777777778,35,20.0704602672219,34.8539590539389,1,0,0.182551182576436,797.739222131392,768,0,20,20.6,20,3,5,COOLING IN PROGRESS,PCM CAPACITY INSUFFICIENT
26570,442.833333333333,7.38055555555556,35,20.0704602672219,34.8542354110263,1,0,0.182205736217131,797.739222131392,768,0,20,20.6,20,3,5,COOLING IN PROGRESS,PCM CAPACITY INSUFFICIENT
26580,443,7.38333333333333,35,20.0704602672219,34.8545112451561,1,0,0.181860943554888,797.739222131392,768,0,20,20.6,20,3,5,COOLING IN PROGRESS,PCM CAPACITY INSUFFICIENT
26590,443.166666666667,7.38611111111111,35,20.0704602672219,34.8547865573177,1,0,0.181516803352828,797.739222131392,768,0,20,20.6,20,3,5,COOLING IN PROGRESS,PCM CAPACITY INSUFFICIENT
26600,443.333333333333,7.38888888888889,35,20.0704602672219,34.855061348499,1,0,0.181173314376224,797.739222131392,768,0,20,20.6,20,3,5,COOLING IN PROGRESS,PCM CAPACITY INSUFFICIENT
26610,443.5,7.39166666666667,35,20.0704602672219,34.8553356196858,1,0,0.180830475392781,797.739222131392,768,0,20,20.6,20,3,5,COOLING IN PROGRESS,PCM CAPACITY INSUFFICIENT
26620,443.666666666667,7.39444444444444,35,20.0704602672219,34.855609371862,1,0,0.180488285172462,797.739222131392,768,0,20,20.6,20,3,5,COOLING IN PROGRESS,PCM CAPACITY INSUFFICIENT
26630,443.833333333333,7.39722222222222,35,20.0704602672219,34.8558826060099,1,0,0.180146742487644,797.739222131392,768,0,20,20.6,20,3,5,COOLING IN PROGRESS,PCM CAPACITY INSUFFICIENT
26640,444,7.4,35,20.0704602672219,34.8561553231096,1,0,0.179805846112968,797.739222131392,768,0,20,20.6,20,3,5,COOLING IN PROGRESS,PCM CAPACITY INSUFFICIENT
26650,444.166666666667,7.40277777777778,35,20.0704602672219,34.8564275241397,1,0,0.179465594825325,797.739222131392,768,0,20,20.6,20,3,5,COOLING IN PROGRESS,PCM CAPACITY INSUFFICIENT
26660,444.333333333333,7.40555555555556,35,20.0704602672219,34.8566992100767,1,0,0.179125987404074,797.739222131392,768,0,20,20.6,20,3,5,COOLING IN PROGRESS,PCM CAPACITY INSUFFICIENT
26670,444.5,7.40833333333333,35,20.0704602672219,34.8569703818953,1,0,0.17878702263082,797.739222131392,768,0,20,20.6,20,3,5,COOLING IN PROGRESS,PCM CAPACITY INSUFFICIENT
26680,444.666666666667,7.41111111111111,35,20.0704602672219,34.8572410405684,1,0,0.178448699289451,797.739222131392,768,0,20,20.6,20,3,5,COOLING IN PROGRESS,PCM CAPACITY INSUFFICIENT
26690,444.833333333333,7.41388888888889,35,20.0704602672219,34.8575111870671,1,0,0.178111016166138,797.739222131392,768,0,20,20.6,20,3,5,COOLING IN PROGRESS,PCM CAPACITY INSUFFICIENT
26700,445,7.41666666666667,35,20.0704602672219,34.8577808223605,1,0,0.17777397204938,797.739222131392,768,0,20,20.6,20,3,5,COOLING IN PROGRESS,PCM CAPACITY INSUFFICIENT
26710,445.166666666667,7.41944444444444,35,20.0704602672219,34.858049947416,1,0,0.177437565729992,797.739222131392,768,0,20,20.6,20,3,5,COOLING IN PROGRESS,PCM CAPACITY INSUFFICIENT
26720,445.333333333333,7.42222222222222,35,20.0704602672219,34.8583185631991,1,0,0.177101796001082,797.739222131392,768,0,20,20.6,20,3,5,COOLING IN PROGRESS,PCM CAPACITY INSUFFICIENT
26730,445.5,7.425,35,20.0704602672219,34.8585866706737,1,0,0.176766661657926,797.739222131392,768,0,20,20.6,20,3,5,COOLING IN PROGRESS,PCM CAPACITY INSUFFICIENT
26740,445.666666666667,7.42777777777778,35,20.0704602672219,34.8588542708014,1,0,0.176432161498248,797.739222131392,768,0,20,20.6,20,3,5,COOLING IN PROGRESS,PCM CAPACITY INSUFFICIENT
26750,445.833333333333,7.43055555555556,35,20.0704602672219,34.8591213645425,1,0,0.176098294321889,797.739222131392,768,0,20,20.6,20,3,5,COOLING IN PROGRESS,PCM CAPACITY INSUFFICIENT
26760,446,7.43333333333333,35,20.0704602672219,34.8593879528551,1,0,0.175765058931141,797.739222131392,768,0,20,20.6,20,3,5,COOLING IN PROGRESS,PCM CAPACITY INSUFFICIENT
26770,446.166666666667,7.43611111111111,35,20.0704602672219,34.8596540366957,1,0,0.175432454130418,797.739222131392,768,0,20,20.6,20,3,5,COOLING IN PROGRESS,PCM CAPACITY INSUFFICIENT
26780,446.333333333333,7.43888888888889,35,20.0704602672219,34.8599196170189,1,0,0.17510047872638,797.739222131392,768,0,20,20.6,20,3,5,COOLING IN PROGRESS,PCM CAPACITY INSUFFICIENT
26790,446.5,7.44166666666667,35,20.0704602672219,34.8601846947776,1,0,0.174769131528034,797.739222131392,768,0,20,20.6,20,3,5,COOLING IN PROGRESS,PCM CAPACITY INSUFFICIENT
26800,446.666666666667,7.44444444444444,35,20.0704602672219,34.8604492709227,1,0,0.174438411346607,797.739222131392,768,0,20,20.6,20,3,5,COOLING IN PROGRESS,PCM CAPACITY INSUFFICIENT
26810,446.833333333333,7.44722222222222,35,20.0704602672219,34.8607133464035,1,0,0.17410831699566,797.739222131392,768,0,20,20.6,20,3,5,COOLING IN PROGRESS,PCM CAPACITY INSUFFICIENT
26820,447,7.45,35,20.0704602672219,34.8609769221673,1,0,0.173778847290835,797.739222131392,768,0,20,20.6,20,3,5,COOLING IN PROGRESS,PCM CAPACITY INSUFFICIENT
26830,447.166666666667,7.45277777777778,35,20.0704602672219,34.8612399991598,1,0,0.173450001050215,797.739222131392,768,0,20,20.6,20,3,5,COOLING IN PROGRESS,PCM CAPACITY INSUFFICIENT
26840,447.333333333333,7.45555555555556,35,20.0704602672219,34.861502578325,1,0,0.17312177709381,797.739222131392,768,0,20,20.6,20,3,5,COOLING IN PROGRESS,PCM CAPACITY INSUFFICIENT
26850,447.5,7.45833333333333,35,20.0704602672219,34.8617646606046,1,0,0.172794174244206,797.739222131392,768,0,20,20.6,20,3,5,COOLING IN PROGRESS,PCM CAPACITY INSUFFICIENT
26860,447.666666666667,7.46111111111111,35,20.0704602672219,34.8620262469392,1,0,0.172467191325962,797.739222131392,768,0,20,20.6,20,3,5,COOLING IN PROGRESS,PCM CAPACITY INSUFFICIENT
26870,447.833333333333,7.46388888888889,35,20.0704602672219,34.8622873382672,1,0,0.172140827166043,797.739222131392,768,0,20,20.6,20,3,5,COOLING IN PROGRESS,PCM CAPACITY INSUFFICIENT
26880,448,7.46666666666667,35,20.0704602672219,34.8625479355252,1,0,0.1718150805935,797.739222131392,768,0,20,20.6,20,3,5,COOLING IN PROGRESS,PCM CAPACITY INSUFFICIENT
26890,448.166666666667,7.46944444444444,35,20.0704602672219,34.8628080396482,1,0,0.171489950439714,797.739222131392,768,0,20,20.6,20,3,5,COOLING IN PROGRESS,PCM CAPACITY INSUFFICIENT
26900,448.333333333333,7.47222222222222,35,20.0704602672219,34.8630676515695,1,0,0.171165435538141,797.739222131392,768,0,20,20.6,20,3,5,COOLING IN PROGRESS,PCM CAPACITY INSUFFICIENT
26910,448.5,7.475,35,20.0704602672219,34.8633267722203,1,0,0.170841534724602,797.739222131392,768,0,20,20.6,20,3,5,COOLING IN PROGRESS,PCM CAPACITY INSUFFICIENT
26920,448.666666666667,7.47777777777778,35,20.0704602672219,34.8635854025304,1,0,0.170518246836977,797.739222131392,768,0,20,20.6,20,3,5,COOLING IN PROGRESS,PCM CAPACITY INSUFFICIENT
26930,448.833333333333,7.48055555555556,35,20.0704602672219,34.8638435434276,1,0,0.170195570715439,797.739222131392,768,0,20,20.6,20,3,5,COOLING IN PROGRESS,PCM CAPACITY INSUFFICIENT
26940,449,7.48333333333333,35,20.0704602672219,34.8641011958381,1,0,0.169873505202354,797.739222131392,768,0,20,20.6,20,3,5,COOLING IN PROGRESS,PCM CAPACITY INSUFFICIENT
26950,449.166666666667,7.48611111111111,35,20.0704602672219,34.8643583606862,1,0,0.169552049142228,797.739222131392,768,0,20,20.6,20,3,5,COOLING IN PROGRESS,PCM CAPACITY INSUFFICIENT
26960,449.333333333333,7.48888888888889,35,20.0704602672219,34.8646150388946,1,0,0.169231201381788,797.739222131392,768,0,20,20.6,20,3,5,COOLING IN PROGRESS,PCM CAPACITY INSUFFICIENT
26970,449.5,7.49166666666667,35,20.0704602672219,34.8648712313841,1,0,0.168910960769892,797.739222131392,768,0,20,20.6,20,3,5,COOLING IN PROGRESS,PCM CAPACITY INSUFFICIENT
26980,449.666666666667,7.49444444444444,35,20.0704602672219,34.8651269390738,1,0,0.168591326157745,797.739222131392,768,0,20,20.6,20,3,5,COOLING IN PROGRESS,PCM CAPACITY INSUFFICIENT
26990,449.833333333333,7.49722222222222,35,20.0704602672219,34.8653821628812,1,0,0.168272296398442,797.739222131392,768,0,20,20.6,20,3,5,COOLING IN PROGRESS,PCM CAPACITY INSUFFICIENT
27000,450,7.5,35,20.0704602672219,34.865636903722,1,0,0.167953870347493,797.739222131392,768,0,20,20.6,20,3,5,COOLING IN PROGRESS,PCM CAPACITY INSUFFICIENT
27010,450.166666666667,7.50277777777778,35,20.0704602672219,34.86589116251,1,0,0.167636046862452,797.739222131392,768,0,20,20.6,20,3,5,COOLING IN PROGRESS,PCM CAPACITY INSUFFICIENT
27020,450.333333333333,7.50555555555556,35,20.0704602672219,34.8661449401575,1,0,0.167318824803075,797.739222131392,768,0,20,20.6,20,3,5,COOLING IN PROGRESS,PCM CAPACITY INSUFFICIENT
27030,450.5,7.50833333333333,35,20.0704602672219,34.866398237575,1,0,0.167002203031235,797.739222131392,768,0,20,20.6,20,3,5,COOLING IN PROGRESS,PCM CAPACITY INSUFFICIENT
27040,450.666666666667,7.51111111111111,35,20.0704602672219,34.8666510556712,1,0,0.166686180411055,797.739222131392,768,0,20,20.6,20,3,5,COOLING IN PROGRESS,PCM CAPACITY INSUFFICIENT
27050,450.833333333333,7.51388888888889,35,20.0704602672219,34.8669033953531,1,0,0.16637075580868,797.739222131392,768,0,20,20.6,20,3,5,COOLING IN PROGRESS,PCM CAPACITY INSUFFICIENT
27060,451,7.51666666666667,35,20.0704602672219,34.867155257526,1,0,0.166055928092526,797.739222131392,768,0,20,20.6,20,3,5,COOLING IN PROGRESS,PCM CAPACITY INSUFFICIENT
27070,451.166666666667,7.51944444444444,35,20.0704602672219,34.8674066430936,1,0,0.16574169613305,797.739222131392,768,0,20,20.6,20,3,5,COOLING IN PROGRESS,PCM CAPACITY INSUFFICIENT
27080,451.333333333333,7.52222222222222,35,20.0704602672219,34.8676575529577,1,0,0.165428058802881,797.739222131392,768,0,20,20.6,20,3,5,COOLING IN PROGRESS,PCM CAPACITY INSUFFICIENT
27090,451.5,7.525,35,20.0704602672219,34.8679079880185,1,0,0.16511501497682,797.739222131392,768,0,20,20.6,20,3,5,COOLING IN PROGRESS,PCM CAPACITY INSUFFICIENT
27100,451.666666666667,7.52777777777778,35,20.0704602672219,34.8681579491746,1,0,0.164802563531703,797.739222131392,768,0,20,20.6,20,3,5,COOLING IN PROGRESS,PCM CAPACITY INSUFFICIENT
27110,451.833333333333,7.53055555555556,35,20.0704602672219,34.8684074373227,1,0,0.164490703346587,797.739222131392,768,0,20,20.6,20,3,5,COOLING IN PROGRESS,PCM CAPACITY INSUFFICIENT
27120,452,7.53333333333333,35,20.0704602672219,34.8686564533579,1,0,0.164179433302678,797.739222131392,768,0,20,20.6,20,3,5,COOLING IN PROGRESS,PCM CAPACITY INSUFFICIENT
27130,452.166666666667,7.53611111111111,35,20.0704602672219,34.8689049981735,1,0,0.163868752283154,797.739222131392,768,0,20,20.6,20,3,5,COOLING IN PROGRESS,PCM CAPACITY INSUFFICIENT
27140,452.333333333333,7.53888888888889,35,20.0704602672219,34.8691530726612,1,0,0.163558659173439,797.739222131392,768,0,20,20.6,20,3,5,COOLING IN PROGRESS,PCM CAPACITY INSUFFICIENT
27150,452.5,7.54166666666667,35,20.0704602672219,34.8694006777112,1,0,0.163249152860985,797.739222131392,768,0,20,20.6,20,3,5,COOLING IN PROGRESS,PCM CAPACITY INSUFFICIENT
27160,452.666666666667,7.54444444444444,35,20.0704602672219,34.8696478142117,1,0,0.162940232235407,797.739222131392,768,0,20,20.6,20,3,5,COOLING IN PROGRESS,PCM CAPACITY INSUFFICIENT
27170,452.833333333333,7.54722222222222,35,20.0704602672219,34.8698944830493,1,0,0.162631896188365,797.739222131392,768,0,20,20.6,20,3,5,COOLING IN PROGRESS,PCM CAPACITY INSUFFICIENT
27180,453,7.55,35,20.0704602672219,34.8701406851091,1,0,0.162324143613661,797.739222131392,768,0,20,20.6,20,3,5,COOLING IN PROGRESS,PCM CAPACITY INSUFFICIENT
27190,453.166666666667,7.55277777777778,35,20.0704602672219,34.8703864212742,1,0,0.1620169734072,797.739222131392,768,0,20,20.6,20,3,5,COOLING IN PROGRESS,PCM CAPACITY INSUFFICIENT
27200,453.333333333333,7.55555555555556,35,20.0704602672219,34.8706316924265,1,0,0.161710384466911,797.739222131392,768,0,20,20.6,20,3,5,COOLING IN PROGRESS,PCM CAPACITY INSUFFICIENT
27210,453.5,7.55833333333333,35,20.0704602672219,34.8708764994457,1,0,0.161404375692822,797.739222131392,768,0,20,20.6,20,3,5,COOLING IN PROGRESS,PCM CAPACITY INSUFFICIENT
27220,453.666666666667,7.56111111111111,35,20.0704602672219,34.8711208432103,1,0,0.161098945987135,797.739222131392,768,0,20,20.6,20,3,5,COOLING IN PROGRESS,PCM CAPACITY INSUFFICIENT
27230,453.833333333333,7.56388888888889,35,20.0704602672219,34.8713647245967,1,0,0.160794094254086,797.739222131392,768,0,20,20.6,20,3,5,COOLING IN PROGRESS,PCM CAPACITY INSUFFICIENT
27240,454,7.56666666666667,35,20.0704602672219,34.8716081444801,1,0,0.160489819399894,797.739222131392,768,0,20,20.6,20,3,5,COOLING IN PROGRESS,PCM CAPACITY INSUFFICIENT
27250,454.166666666667,7.56944444444444,35,20.0704602672219,34.8718511037337,1,0,0.160186120332879,797.739222131392,768,0,20,20.6,20,3,5,COOLING IN PROGRESS,PCM CAPACITY INSUFFICIENT
27260,454.333333333333,7.57222222222222,35,20.0704602672219,34.8720936032292,1,0,0.159882995963532,797.739222131392,768,0,20,20.6,20,3,5,COOLING IN PROGRESS,PCM CAPACITY INSUFFICIENT
27270,454.5,7.575,35,20.0704602672219,34.8723356438365,1,0,0.159580445204348,797.739222131392,768,0,20,20.6,20,3,5,COOLING IN PROGRESS,PCM CAPACITY INSUFFICIENT
27280,454.666666666667,7.57777777777778,35,20.0704602672219,34.8725772264241,1,0,0.159278466969903,797.739222131392,768,0,20,20.6,20,3,5,COOLING IN PROGRESS,PCM CAPACITY INSUFFICIENT
27290,454.833333333333,7.58055555555556,35,20.0704602672219,34.8728183518587,1,0,0.158977060176664,797.739222131392,768,0,20,20.6,20,3,5,COOLING IN PROGRESS,PCM CAPACITY INSUFFICIENT
27300,455,7.58333333333333,35,20.0704602672219,34.8730590210053,1,0,0.15867622374337,797.739222131392,768,0,20,20.6,20,3,5,COOLING IN PROGRESS,PCM CAPACITY INSUFFICIENT
27310,455.166666666667,7.58611111111111,35,20.0704602672219,34.8732992347274,1,0,0.158375956590717,797.739222131392,768,0,20,20.6,20,3,5,COOLING IN PROGRESS,PCM CAPACITY INSUFFICIENT
27320,455.333333333333,7.58888888888889,35,20.0704602672219,34.8735389938869,1,0,0.158076257641371,797.739222131392,768,0,20,20.6,20,3,5,COOLING IN PROGRESS,PCM CAPACITY INSUFFICIENT
27330,455.5,7.59166666666667,35,20.0704602672219,34.8737782993438,1,0,0.157777125820218,797.739222131392,768,0,20,20.6,20,3,5,COOLING IN PROGRESS,PCM CAPACITY INSUFFICIENT
27340,455.666666666667,7.59444444444444,35,20.0704602672219,34.8740171519568,1,0,0.15747856005401,797.739222131392,768,0,20,20.6,20,3,5,COOLING IN PROGRESS,PCM CAPACITY INSUFFICIENT
27350,455.833333333333,7.59722222222222,35,20.0704602672219,34.8742555525828,1,0,0.157180559271524,797.739222131392,768,0,20,20.6,20,3,5,COOLING IN PROGRESS,PCM CAPACITY INSUFFICIENT
27360,456,7.6,35,20.0704602672219,34.874493502077,1,0,0.156883122403713,797.739222131392,768,0,20,20.6,20,3,5,COOLING IN PROGRESS,PCM CAPACITY INSUFFICIENT
27370,456.166666666667,7.60277777777778,35,20.0704602672219,34.8747310012933,1,0,0.156586248383412,797.739222131392,768,0,20,20.6,20,3,5,COOLING IN PROGRESS,PCM CAPACITY INSUFFICIENT
27380,456.333333333333,7.60555555555556,35,20.0704602672219,34.8749680510835,1,0,0.156289936145582,797.739222131392,768,0,20,20.6,20,3,5,COOLING IN PROGRESS,PCM CAPACITY INSUFFICIENT
27390,456.5,7.60833333333333,35,20.0704602672219,34.8752046522983,1,0,0.155994184627115,797.739222131392,768,0,20,20.6,20,3,5,COOLING IN PROGRESS,PCM CAPACITY INSUFFICIENT
27400,456.666666666667,7.61111111111111,35,20.0704602672219,34.8754408057864,1,0,0.155698992766968,797.739222131392,768,0,20,20.6,20,3,5,COOLING IN PROGRESS,PCM CAPACITY INSUFFICIENT
27410,456.833333333333,7.61388888888889,35,20.0704602672219,34.8756765123952,1,0,0.155404359506033,797.739222131392,768,0,20,20.6,20,3,5,COOLING IN PROGRESS,PCM CAPACITY INSUFFICIENT
27420,457,7.61666666666667,35,20.0704602672219,34.8759117729702,1,0,0.15511028378727,797.739222131392,768,0,20,20.6,20,3,5,COOLING IN PROGRESS,PCM CAPACITY INSUFFICIENT
27430,457.166666666667,7.61944444444444,35,20.0704602672219,34.8761465883554,1,0,0.154816764555719,797.739222131392,768,0,20,20.6,20,3,5,COOLING IN PROGRESS,PCM CAPACITY INSUFFICIENT
27440,457.333333333333,7.62222222222222,35,20.0704602672219,34.8763809593934,1,0,0.154523800758266,797.739222131392,768,0,20,20.6,20,3,5,COOLING IN PROGRESS,PCM CAPACITY INSUFFICIENT
27450,457.5,7.625,35,20.0704602672219,34.8766148869249,1,0,0.154231391343869,797.739222131392,768,0,20,20.6,20,3,5,COOLING IN PROGRESS,PCM CAPACITY INSUFFICIENT
27460,457.666666666667,7.62777777777778,35,20.0704602672219,34.8768483717893,1,0,0.153939535263401,797.739222131392,768,0,20,20.6,20,3,5,COOLING IN PROGRESS,PCM CAPACITY INSUFFICIENT
27470,457.833333333333,7.63055555555556,35,20.0704602672219,34.8770814148242,1,0,0.153648231469798,797.739222131392,768,0,20,20.6,20,3,5,COOLING IN PROGRESS,PCM CAPACITY INSUFFICIENT
27480,458,7.63333333333333,35,20.0704602672219,34.8773140168656,1,0,0.153357478917941,797.739222131392,768,0,20,20.6,20,3,5,COOLING IN PROGRESS,PCM CAPACITY INSUFFICIENT
27490,458.166666666667,7.63611111111111,35,20.0704602672219,34.8775461787482,1,0,0.153067276564709,797.739222131392,768,0,20,20.6,20,3,5,COOLING IN PROGRESS,PCM CAPACITY INSUFFICIENT
27500,458.333333333333,7.63888888888889,35,20.0704602672219,34.8777779013049,1,0,0.152777623368916,797.739222131392,768,0,20,20.6,20,3,5,COOLING IN PROGRESS,PCM CAPACITY INSUFFICIENT
27510,458.5,7.64166666666667,35,20.0704602672219,34.8780091853668,1,0,0.152488518291456,797.739222131392,768,0,20,20.6,20,3,5,COOLING IN PROGRESS,PCM CAPACITY INSUFFICIENT
27520,458.666666666667,7.64444444444444,35,20.0704602672219,34.878240031764,1,0,0.152199960295052,797.739222131392,768,0,20,20.6,20,3,5,COOLING IN PROGRESS,PCM CAPACITY INSUFFICIENT
27530,458.833333333333,7.64722222222222,35,20.0704602672219,34.8784704413244,1,0,0.151911948344488,797.739222131392,768,0,20,20.6,20,3,5,COOLING IN PROGRESS,PCM CAPACITY INSUFFICIENT
27540,459,7.65,35,20.0704602672219,34.8787004148749,1,0,0.151624481406376,797.739222131392,768,0,20,20.6,20,3,5,COOLING IN PROGRESS,PCM CAPACITY INSUFFICIENT
27550,459.166666666667,7.65277777777778,35,20.0704602672219,34.8789299532404,1,0,0.15133755844948,797.739222131392,768,0,20,20.6,20,3,5,COOLING IN PROGRESS,PCM CAPACITY INSUFFICIENT
27560,459.333333333333,7.65555555555556,35,20.0704602672219,34.8791590572445,1,0,0.151051178444384,797.739222131392,768,0,20,20.6,20,3,5,COOLING IN PROGRESS,PCM CAPACITY INSUFFICIENT
27570,459.5,7.65833333333333,35,20.0704602672219,34.8793877277091,1,0,0.150765340363632,797.739222131392,768,0,20,20.6,20,3,5,COOLING IN PROGRESS,PCM CAPACITY INSUFFICIENT
27580,459.666666666667,7.66111111111111,35,20.0704602672219,34.8796159654546,1,0,0.150480043181762,797.739222131392,768,0,20,20.6,20,3,5,COOLING IN PROGRESS,PCM CAPACITY INSUFFICIENT
27590,459.833333333333,7.66388888888889,35,20.0704602672219,34.8798437712999,1,0,0.150195285875085,797.739222131392,768,0,20,20.6,20,3,5,COOLING IN PROGRESS,PCM CAPACITY INSUFFICIENT
27600,460,7.66666666666667,35,20.0704602672219,34.8800711460623,1,0,0.149911067422135,797.739222131392,768,0,20,20.6,20,3,5,COOLING IN PROGRESS,PCM CAPACITY INSUFFICIENT
27610,460.166666666667,7.66944444444444,35,20.0704602672219,34.8802980905574,1,0,0.149627386803193,797.739222131392,768,0,20,20.6,20,3,5,COOLING IN PROGRESS,PCM CAPACITY INSUFFICIENT
27620,460.333333333333,7.67222222222222,35,20.0704602672219,34.8805246055997,1,0,0.149344243000415,797.739222131392,768,0,20,20.6,20,3,5,COOLING IN PROGRESS,PCM CAPACITY INSUFFICIENT
27630,460.5,7.675,35,20.0704602672219,34.8807506920015,1,0,0.149061634998064,797.739222131392,768,0,20,20.6,20,3,5,COOLING IN PROGRESS,PCM CAPACITY INSUFFICIENT
27640,460.666666666667,7.67777777777778,35,20.0704602672219,34.8809763505742,1,0,0.148779561782195,797.739222131392,768,0,20,20.6,20,3,5,COOLING IN PROGRESS,PCM CAPACITY INSUFFICIENT
27650,460.833333333333,7.68055555555556,35,20.0704602672219,34.8812015821274,1,0,0.148498022340799,797.739222131392,768,0,20,20.6,20,3,5,COOLING IN PROGRESS,PCM CAPACITY INSUFFICIENT
27660,461,7.68333333333333,35,20.0704602672219,34.8814263874689,1,0,0.14821701566385,797.739222131392,768,0,20,20.6,20,3,5,COOLING IN PROGRESS,PCM CAPACITY INSUFFICIENT
27670,461.166666666667,7.68611111111111,35,20.0704602672219,34.8816507674055,1,0,0.147936540743174,797.739222131392,768,0,20,20.6,20,3,5,COOLING IN PROGRESS,PCM CAPACITY INSUFFICIENT
27680,461.333333333333,7.68888888888889,35,20.0704602672219,34.8818747227421,1,0,0.147656596572414,797.739222131392,768,0,20,20.6,20,3,5,COOLING IN PROGRESS,PCM CAPACITY INSUFFICIENT
27690,461.5,7.69166666666667,35,20.0704602672219,34.8820982542821,1,0,0.147377182147368,797.739222131392,768,0,20,20.6,20,3,5,COOLING IN PROGRESS,PCM CAPACITY INSUFFICIENT
27700,461.666666666667,7.69444444444444,35,20.0704602672219,34.8823213628276,1,0,0.147098296465531,797.739222131392,768,0,20,20.6,20,3,5,COOLING IN PROGRESS,PCM CAPACITY INSUFFICIENT
27710,461.833333333333,7.69722222222222,35,20.0704602672219,34.8825440491789,1,0,0.146819938526326,797.739222131392,768,0,20,20.6,20,3,5,COOLING IN PROGRESS,PCM CAPACITY INSUFFICIENT
27720,462,7.7,35,20.0704602672219,34.8827663141351,1,0,0.146542107331102,797.739222131392,768,0,20,20.6,20,3,5,COOLING IN PROGRESS,PCM CAPACITY INSUFFICIENT
27730,462.166666666667,7.70277777777778,35,20.0704602672219,34.8829881584935,1,0,0.146264801883085,797.739222131392,768,0,20,20.6,20,3,5,COOLING IN PROGRESS,PCM CAPACITY INSUFFICIENT
27740,462.333333333333,7.70555555555556,35,20.0704602672219,34.8832095830501,1,0,0.145988021187335,797.739222131392,768,0,20,20.6,20,3,5,COOLING IN PROGRESS,PCM CAPACITY INSUFFICIENT
27750,462.5,7.70833333333333,35,20.0704602672219,34.8834305885992,1,0,0.145711764250951,797.739222131392,768,0,20,20.6,20,3,5,COOLING IN PROGRESS,PCM CAPACITY INSUFFICIENT
27760,462.666666666667,7.71111111111111,35,20.0704602672219,34.8836511759338,1,0,0.145436030082777,797.739222131392,768,0,20,20.6,20,3,5,COOLING IN PROGRESS,PCM CAPACITY INSUFFICIENT
27770,462.833333333333,7.71388888888889,35,20.0704602672219,34.8838713458452,1,0,0.145160817693544,797.739222131392,768,0,20,20.6,20,3,5,COOLING IN PROGRESS,PCM CAPACITY INSUFFICIENT
27780,463,7.71666666666667,35,20.0704602672219,34.8840910991233,1,0,0.144886126095862,797.739222131392,768,0,20,20.6,20,3,5,COOLING IN PROGRESS,PCM CAPACITY INSUFFICIENT
27790,463.166666666667,7.71944444444444,35,20.0704602672219,34.8843104365566,1,0,0.144611954304299,797.739222131392,768,0,20,20.6,20,3,5,COOLING IN PROGRESS,PCM CAPACITY INSUFFICIENT
27800,463.333333333333,7.72222222222222,35,20.0704602672219,34.8845293589319,1,0,0.14433830133517,797.739222131392,768,0,20,20.6,20,3,5,COOLING IN PROGRESS,PCM CAPACITY INSUFFICIENT
27810,463.5,7.725,35,20.0704602672219,34.8847478670347,1,0,0.144065166206637,797.739222131392,768,0,20,20.6,20,3,5,COOLING IN PROGRESS,PCM CAPACITY INSUFFICIENT
27820,463.666666666667,7.72777777777778,35,20.0704602672219,34.8849659616489,1,0,0.143792547938908,797.739222131392,768,0,20,20.6,20,3,5,COOLING IN PROGRESS,PCM CAPACITY INSUFFICIENT
27830,463.833333333333,7.73055555555556,35,20.0704602672219,34.885183643557,1,0,0.143520445553804,797.739222131392,768,0,20,20.6,20,3,5,COOLING IN PROGRESS,PCM CAPACITY INSUFFICIENT
27840,464,7.73333333333333,35,20.0704602672219,34.8854009135399,1,0,0.143248858075129,797.739222131392,768,0,20,20.6,20,3,5,COOLING IN PROGRESS,PCM CAPACITY INSUFFICIENT
27850,464.166666666667,7.73611111111111,35,20.0704602672219,34.8856177723772,1,0,0.142977784528497,797.739222131392,768,0,20,20.6,20,3,5,COOLING IN PROGRESS,PCM CAPACITY INSUFFICIENT
27860,464.333333333333,7.73888888888889,35,20.0704602672219,34.8858342208469,1,0,0.142707223941398,797.739222131392,768,0,20,20.6,20,3,5,COOLING IN PROGRESS,PCM CAPACITY INSUFFICIENT
27870,464.5,7.74166666666667,35,20.0704602672219,34.8860502597255,1,0,0.142437175343133,797.739222131392,768,0,20,20.6,20,3,5,COOLING IN PROGRESS,PCM CAPACITY INSUFFICIENT
27880,464.666666666667,7.74444444444444,35,20.0704602672219,34.8862658897881,1,0,0.142167637764903,797.739222131392,768,0,20,20.6,20,3,5,COOLING IN PROGRESS,PCM CAPACITY INSUFFICIENT
27890,464.833333333333,7.74722222222222,35,20.0704602672219,34.8864811118083,1,0,0.14189861023965,797.739222131392,768,0,20,20.6,20,3,5,COOLING IN PROGRESS,PCM CAPACITY INSUFFICIENT
27900,465,7.75,35,20.0704602672219,34.8866959265583,1,0,0.141630091802156,797.739222131392,768,0,20,20.6,20,3,5,COOLING IN PROGRESS,PCM CAPACITY INSUFFICIENT
27910,465.166666666667,7.75277777777778,35,20.0704602672219,34.8869103348087,1,0,0.141362081489174,797.739222131392,768,0,20,20.6,20,3,5,COOLING IN PROGRESS,PCM CAPACITY INSUFFICIENT
27920,465.333333333333,7.75555555555556,35,20.0704602672219,34.8871243373288,1,0,0.141094578339036,797.739222131392,768,0,20,20.6,20,3,5,COOLING IN PROGRESS,PCM CAPACITY INSUFFICIENT
27930,465.5,7.75833333333333,35,20.0704602672219,34.8873379348863,1,0,0.140827581392102,797.739222131392,768,0,20,20.6,20,3,5,COOLING IN PROGRESS,PCM CAPACITY INSUFFICIENT
27940,465.666666666667,7.76111111111111,35,20.0704602672219,34.8875511282476,1,0,0.14056108969049,797.739222131392,768,0,20,20.6,20,3,5,COOLING IN PROGRESS,PCM CAPACITY INSUFFICIENT
27950,465.833333333333,7.76388888888889,35,20.0704602672219,34.8877639181776,1,0,0.140295102278003,797.739222131392,768,0,20,20.6,20,3,5,COOLING IN PROGRESS,PCM CAPACITY INSUFFICIENT
27960,466,7.76666666666667,35,20.0704602672219,34.8879763054397,1,0,0.140029618200392,797.739222131392,768,0,20,20.6,20,3,5,COOLING IN PROGRESS,PCM CAPACITY INSUFFICIENT
27970,466.166666666667,7.76944444444444,35,20.0704602672219,34.8881882907958,1,0,0.139764636505255,797.739222131392,768,0,20,20.6,20,3,5,COOLING IN PROGRESS,PCM CAPACITY INSUFFICIENT
27980,466.333333333333,7.77222222222222,35,20.0704602672219,34.8883998750065,1,0,0.139500156241841,797.739222131392,768,0,20,20.6,20,3,5,COOLING IN PROGRESS,PCM CAPACITY INSUFFICIENT
27990,466.5,7.775,35,20.0704602672219,34.8886110588309,1,0,0.139236176461317,797.739222131392,768,0,20,20.6,20,3,5,COOLING IN PROGRESS,PCM CAPACITY INSUFFICIENT
28000,466.666666666667,7.77777777777778,35,20.0704602672219,34.8888218430267,1,0,0.138972696216655,797.739222131392,768,0,20,20.6,20,3,5,COOLING IN PROGRESS,PCM CAPACITY INSUFFICIENT
28010,466.833333333333,7.78055555555556,35,20.0704602672219,34.88903222835,1,0,0.138709714562548,797.739222131392,768,0,20,20.6,20,3,5,COOLING IN PROGRESS,PCM CAPACITY INSUFFICIENT
28020,467,7.78333333333333,35,20.0704602672219,34.8892422155556,1,0,0.138447230555503,797.739222131392,768,0,20,20.6,20,3,5,COOLING IN PROGRESS,PCM CAPACITY INSUFFICIENT
28030,467.166666666667,7.78611111111111,35,20.0704602672219,34.889451805397,1,0,0.138185243253774,797.739222131392,768,0,20,20.6,20,3,5,COOLING IN PROGRESS,PCM CAPACITY INSUFFICIENT
28040,467.333333333333,7.78888888888889,35,20.0704602672219,34.8896609986261,1,0,0.137923751717413,797.739222131392,768,0,20,20.6,20,3,5,COOLING IN PROGRESS,PCM CAPACITY INSUFFICIENT
28050,467.5,7.79166666666667,35,20.0704602672219,34.8898697959934,1,0,0.13766275500827,797.739222131392,768,0,20,20.6,20,3,5,COOLING IN PROGRESS,PCM CAPACITY INSUFFICIENT
28060,467.666666666667,7.79444444444444,35,20.0704602672219,34.890078198248,1,0,0.137402252190011,797.739222131392,768,0,20,20.6,20,3,5,COOLING IN PROGRESS,PCM CAPACITY INSUFFICIENT
28070,467.833333333333,7.79722222222222,35,20.0704602672219,34.8902862061376,1,0,0.137142242328032,797.739222131392,768,0,20,20.6,20,3,5,COOLING IN PROGRESS,PCM CAPACITY INSUFFICIENT
28080,468,7.8,35,20.0704602672219,34.8904938204084,1,0,0.136882724489524,797.739222131392,768,0,20,20.6,20,3,5,COOLING IN PROGRESS,PCM CAPACITY INSUFFICIENT
28090,468.166666666667,7.80277777777778,35,20.0704602672219,34.8907010418053,1,0,0.136623697743365,797.739222131392,768,0,20,20.6,20,3,5,COOLING IN PROGRESS,PCM CAPACITY INSUFFICIENT
28100,468.333333333333,7.80555555555556,35,20.0704602672219,34.8909078710718,1,0,0.13636516116021,797.739222131392,768,0,20,20.6,20,3,5,COOLING IN PROGRESS,PCM CAPACITY INSUFFICIENT
28110,468.5,7.80833333333333,35,20.0704602672219,34.89111430895,1,0,0.136107113812542,797.739222131392,768,0,20,20.6,20,3,5,COOLING IN PROGRESS,PCM CAPACITY INSUFFICIENT
28120,468.666666666667,7.81111111111111,35,20.0704602672219,34.8913203561803,1,0,0.135849554774676,797.739222131392,768,0,20,20.6,20,3,5,COOLING IN PROGRESS,PCM CAPACITY INSUFFICIENT
28130,468.833333333333,7.81388888888889,35,20.0704602672219,34.891526013502,1,0,0.13559248312248,797.739222131392,768,0,20,20.6,20,3,5,COOLING IN PROGRESS,PCM CAPACITY INSUFFICIENT
28140,469,7.81666666666667,35,20.0704602672219,34.8917312816531,1,0,0.135335897933597,797.739222131392,768,0,20,20.6,20,3,5,COOLING IN PROGRESS,PCM CAPACITY INSUFFICIENT
28150,469.166666666667,7.81944444444444,35,20.0704602672219,34.8919361613699,1,0,0.135079798287618,797.739222131392,768,0,20,20.6,20,3,5,COOLING IN PROGRESS,PCM CAPACITY INSUFFICIENT
28160,469.333333333333,7.82222222222222,35,20.0704602672219,34.8921406533875,1,0,0.13482418326566,797.739222131392,768,0,20,20.6,20,3,5,COOLING IN PROGRESS,PCM CAPACITY INSUFFICIENT
28170,469.5,7.825,35,20.0704602672219,34.8923447584395,1,0,0.134569051950661,797.739222131392,768,0,20,20.6,20,3,5,COOLING IN PROGRESS,PCM CAPACITY INSUFFICIENT
28180,469.666666666667,7.82777777777778,35,20.0704602672219,34.8925484772581,1,0,0.134314403427389,797.739222131392,768,0,20,20.6,20,3,5,COOLING IN PROGRESS,PCM CAPACITY INSUFFICIENT
28190,469.833333333333,7.83055555555556,35,20.0704602672219,34.8927518105743,1,0,0.134060236782139,797.739222131392,768,0,20,20.6,20,3,5,COOLING IN PROGRESS,PCM CAPACITY INSUFFICIENT
28200,470,7.83333333333333,35,20.0704602672219,34.8929547591176,1,0,0.133806551103008,797.739222131392,768,0,20,20.6,20,3,5,COOLING IN PROGRESS,PCM CAPACITY INSUFFICIENT
28210,470.166666666667,7.83611111111111,35,20.0704602672219,34.8931573236161,1,0,0.133553345479926,797.739222131392,768,0,20,20.6,20,3,5,COOLING IN PROGRESS,PCM CAPACITY INSUFFICIENT
28220,470.333333333333,7.83888888888889,35,20.0704602672219,34.8933595047964,1,0,0.133300619004446,797.739222131392,768,0,20,20.6,20,3,5,COOLING IN PROGRESS,PCM CAPACITY INSUFFICIENT
28230,470.5,7.84166666666667,35,20.0704602672219,34.8935613033841,1,0,0.133048370769817,797.739222131392,768,0,20,20.6,20,3,5,COOLING IN PROGRESS,PCM CAPACITY INSUFFICIENT
28240,470.666666666667,7.84444444444444,35,20.0704602672219,34.8937627201031,1,0,0.132796599871163,797.739222131392,768,0,20,20.6,20,3,5,COOLING IN PROGRESS,PCM CAPACITY INSUFFICIENT
28250,470.833333333333,7.84722222222222,35,20.0704602672219,34.8939637556759,1,0,0.13254530540511,797.739222131392,768,0,20,20.6,20,3,5,COOLING IN PROGRESS,PCM CAPACITY INSUFFICIENT
28260,471,7.85,35,20.0704602672219,34.894164410824,1,0,0.132294486470048,797.739222131392,768,0,20,20.6,20,3,5,COOLING IN PROGRESS,PCM CAPACITY INSUFFICIENT
28270,471.166666666667,7.85277777777778,35,20.0704602672219,34.894364686267,1,0,0.132044142166237,797.739222131392,768,0,20,20.6,20,3,5,COOLING IN PROGRESS,PCM CAPACITY INSUFFICIENT
28280,471.333333333333,7.85555555555556,35,20.0704602672219,34.8945645827237,1,0,0.131794271595407,797.739222131392,768,0,20,20.6,20,3,5,COOLING IN PROGRESS,PCM CAPACITY INSUFFICIENT
28290,471.5,7.85833333333333,35,20.0704602672219,34.894764100911,1,0,0.131544873861245,797.739222131392,768,0,20,20.6,20,3,5,COOLING IN PROGRESS,PCM CAPACITY INSUFFICIENT
28300,471.666666666667,7.86111111111111,35,20.0704602672219,34.8949632415449,1,0,0.13129594806891,797.739222131392,768,0,20,20.6,20,3,5,COOLING IN PROGRESS,PCM CAPACITY INSUFFICIENT
28310,471.833333333333,7.86388888888889,35,20.0704602672219,34.8951620053397,1,0,0.13104749332534,797.739222131392,768,0,20,20.6,20,3,5,COOLING IN PROGRESS,PCM CAPACITY INSUFFICIENT
28320,472,7.86666666666667,35,20.0704602672219,34.8953603930087,1,0,0.130799508739141,797.739222131392,768,0,20,20.6,20,3,5,COOLING IN PROGRESS,PCM CAPACITY INSUFFICIENT
28330,472.166666666667,7.86944444444444,35,20.0704602672219,34.8955584052635,1,0,0.13055199342066,797.739222131392,768,0,20,20.6,20,3,5,COOLING IN PROGRESS,PCM CAPACITY INSUFFICIENT
28340,472.333333333333,7.87222222222222,35,20.0704602672219,34.8957560428145,1,0,0.130304946481852,797.739222131392,768,0,20,20.6,20,3,5,COOLING IN PROGRESS,PCM CAPACITY INSUFFICIENT
28350,472.5,7.875,35,20.0704602672219,34.8959533063709,1,0,0.13005836703643,797.739222131392,768,0,20,20.6,20,3,5,COOLING IN PROGRESS,PCM CAPACITY INSUFFICIENT
28360,472.666666666667,7.87777777777778,35,20.0704602672219,34.8961501966402,1,0,0.129812254199715,797.739222131392,768,0,20,20.6,20,3,5,COOLING IN PROGRESS,PCM CAPACITY INSUFFICIENT
28370,472.833333333333,7.88055555555556,35,20.0704602672219,34.8963467143291,1,0,0.12956660708868,797.739222131392,768,0,20,20.6,20,3,5,COOLING IN PROGRESS,PCM CAPACITY INSUFFICIENT
28380,473,7.88333333333333,35,20.0704602672219,34.8965428601423,1,0,0.129321424822146,797.739222131392,768,0,20,20.6,20,3,5,COOLING IN PROGRESS,PCM CAPACITY INSUFFICIENT
28390,473.166666666667,7.88611111111111,35,20.0704602672219,34.8967386347837,1,0,0.129076706520372,797.739222131392,768,0,20,20.6,20,3,5,COOLING IN PROGRESS,PCM CAPACITY INSUFFICIENT
28400,473.333333333333,7.88888888888889,35,20.0704602672219,34.8969340389557,1,0,0.128832451305421,797.739222131392,768,0,20,20.6,20,3,5,COOLING IN PROGRESS,PCM CAPACITY INSUFFICIENT
28410,473.5,7.89166666666667,35,20.0704602672219,34.8971290733593,1,0,0.128588658300908,797.739222131392,768,0,20,20.6,20,3,5,COOLING IN PROGRESS,PCM CAPACITY INSUFFICIENT
28420,473.666666666667,7.89444444444444,35,20.0704602672219,34.8973237386941,1,0,0.128345326632324,797.739222131392,768,0,20,20.6,20,3,5,COOLING IN PROGRESS,PCM CAPACITY INSUFFICIENT
28430,473.833333333333,7.89722222222222,35,20.0704602672219,34.8975180356587,1,0,0.128102455426617,797.739222131392,768,0,20,20.6,20,3,5,COOLING IN PROGRESS,PCM CAPACITY INSUFFICIENT
28440,474,7.9,35,20.0704602672219,34.8977119649501,1,0,0.127860043812422,797.739222131392,768,0,20,20.6,20,3,5,COOLING IN PROGRESS,PCM CAPACITY INSUFFICIENT
28450,474.166666666667,7.90277777777778,35,20.0704602672219,34.897905527264,1,0,0.127618090919981,797.739222131392,768,0,20,20.6,20,3,5,COOLING IN PROGRESS,PCM CAPACITY INSUFFICIENT
28460,474.333333333333,7.90555555555556,35,20.0704602672219,34.898098723295,1,0,0.127376595881259,797.739222131392,768,0,20,20.6,20,3,5,COOLING IN PROGRESS,PCM CAPACITY INSUFFICIENT
28470,474.5,7.90833333333333,35,20.0704602672219,34.898291553736,1,0,0.12713555782998,797.739222131392,768,0,20,20.6,20,3,5,COOLING IN PROGRESS,PCM CAPACITY INSUFFICIENT
28480,474.666666666667,7.91111111111111,35,20.0704602672219,34.898484019279,1,0,0.126894975901291,797.739222131392,768,0,20,20.6,20,3,5,COOLING IN PROGRESS,PCM CAPACITY INSUFFICIENT
28490,474.833333333333,7.91388888888889,35,20.0704602672219,34.8986761206144,1,0,0.126654849232031,797.739222131392,768,0,20,20.6,20,3,5,COOLING IN PROGRESS,PCM CAPACITY INSUFFICIENT
28500,475,7.91666666666667,35,20.0704602672219,34.8988678584314,1,0,0.126415176960721,797.739222131392,768,0,20,20.6,20,3,5,COOLING IN PROGRESS,PCM CAPACITY INSUFFICIENT
28510,475.166666666667,7.91944444444444,35,20.0704602672219,34.899059233418,1,0,0.126175958227464,797.739222131392,768,0,20,20.6,20,3,5,COOLING IN PROGRESS,PCM CAPACITY INSUFFICIENT
28520,475.333333333333,7.92222222222222,35,20.0704602672219,34.8992502462607,1,0,0.125937192174117,797.739222131392,768,0,20,20.6,20,3,5,COOLING IN PROGRESS,PCM CAPACITY INSUFFICIENT
28530,475.5,7.925,35,20.0704602672219,34.8994408976448,1,0,0.125698877943963,797.739222131392,768,0,20,20.6,20,3,5,COOLING IN PROGRESS,PCM CAPACITY INSUFFICIENT
28540,475.666666666667,7.92777777777778,35,20.0704602672219,34.8996311882544,1,0,0.125461014682049,797.739222131392,768,0,20,20.6,20,3,5,COOLING IN PROGRESS,PCM CAPACITY INSUFFICIENT
28550,475.833333333333,7.93055555555556,35,20.0704602672219,34.8998211187721,1,0,0.12522360153489,797.739222131392,768,0,20,20.6,20,3,5,COOLING IN PROGRESS,PCM CAPACITY INSUFFICIENT
28560,476,7.93333333333333,35,20.0704602672219,34.9000106898793,1,0,0.124986637650863,797.739222131392,768,0,20,20.6,20,3,5,COOLING IN PROGRESS,PCM CAPACITY INSUFFICIENT
28570,476.166666666667,7.93611111111111,35,20.0704602672219,34.9001999022562,1,0,0.124750122179726,797.739222131392,768,0,20,20.6,20,3,5,COOLING IN PROGRESS,PCM CAPACITY INSUFFICIENT
28580,476.333333333333,7.93888888888889,35,20.0704602672219,34.9003887565816,1,0,0.124514054273028,797.739222131392,768,0,20,20.6,20,3,5,COOLING IN PROGRESS,PCM CAPACITY INSUFFICIENT
28590,476.5,7.94166666666667,35,20.0704602672219,34.9005772535329,1,0,0.124278433083838,797.739222131392,768,0,20,20.6,20,3,5,COOLING IN PROGRESS,PCM CAPACITY INSUFFICIENT
28600,476.666666666667,7.94444444444444,35,20.0704602672219,34.9007653937867,1,0,0.124043257766644,797.739222131392,768,0,20,20.6,20,3,5,COOLING IN PROGRESS,PCM CAPACITY INSUFFICIENT
28610,476.833333333333,7.94722222222222,35,20.0704602672219,34.9009531780177,1,0,0.123808527477909,797.739222131392,768,0,20,20.6,20,3,5,COOLING IN PROGRESS,PCM CAPACITY INSUFFICIENT
28620,477,7.95,35,20.0704602672219,34.9011406068997,1,0,0.123574241375408,797.739222131392,768,0,20,20.6,20,3,5,COOLING IN PROGRESS,PCM CAPACITY INSUFFICIENT
28630,477.166666666667,7.95277777777778,35,20.0704602672219,34.9013276811051,1,0,0.123340398618623,797.739222131392,768,0,20,20.6,20,3,5,COOLING IN PROGRESS,PCM CAPACITY INSUFFICIENT
28640,477.333333333333,7.95555555555556,35,20.0704602672219,34.9015144013051,1,0,0.123106998368563,797.739222131392,768,0,20,20.6,20,3,5,COOLING IN PROGRESS,PCM CAPACITY INSUFFICIENT
28650,477.5,7.95833333333333,35,20.0704602672219,34.9017007681697,1,0,0.122874039787879,797.739222131392,768,0,20,20.6,20,3,5,COOLING IN PROGRESS,PCM CAPACITY INSUFFICIENT
28660,477.666666666667,7.96111111111111,35,20.0704602672219,34.9018867823674,1,0,0.122641522040761,797.739222131392,768,0,20,20.6,20,3,5,COOLING IN PROGRESS,PCM CAPACITY INSUFFICIENT
28670,477.833333333333,7.96388888888889,35,20.0704602672219,34.9020724445656,1,0,0.122409444292995,797.739222131392,768,0,20,20.6,20,3,5,COOLING IN PROGRESS,PCM CAPACITY INSUFFICIENT
28680,478,7.96666666666667,35,20.0704602672219,34.9022577554303,1,0,0.122177805712074,797.739222131392,768,0,20,20.6,20,3,5,COOLING IN PROGRESS,PCM CAPACITY INSUFFICIENT
28690,478.166666666667,7.96944444444444,35,20.0704602672219,34.9024427156265,1,0,0.121946605466849,797.739222131392,768,0,20,20.6,20,3,5,COOLING IN PROGRESS,PCM CAPACITY INSUFFICIENT
28700,478.333333333333,7.97222222222222,35,20.0704602672219,34.9026273258177,1,0,0.121715842727905,797.739222131392,768,0,20,20.6,20,3,5,COOLING IN PROGRESS,PCM CAPACITY INSUFFICIENT
28710,478.5,7.975,35,20.0704602672219,34.9028115866662,1,0,0.121485516667299,797.739222131392,768,0,20,20.6,20,3,5,COOLING IN PROGRESS,PCM CAPACITY INSUFFICIENT
28720,478.666666666667,7.97777777777778,35,20.0704602672219,34.902995498833,1,0,0.121255626458741,797.739222131392,768,0,20,20.6,20,3,5,COOLING IN PROGRESS,PCM CAPACITY INSUFFICIENT
28730,478.833333333333,7.98055555555556,35,20.0704602672219,34.9031790629781,1,0,0.121026171277379,797.739222131392,768,0,20,20.6,20,3,5,COOLING IN PROGRESS,PCM CAPACITY INSUFFICIENT
28740,479,7.98333333333333,35,20.0704602672219,34.90336227976,1,0,0.120797150299996,797.739222131392,768,0,20,20.6,20,3,5,COOLING IN PROGRESS,PCM CAPACITY INSUFFICIENT
28750,479.166666666667,7.98611111111111,35,20.0704602672219,34.903545149836,1,0,0.120568562704975,797.739222131392,768,0,20,20.6,20,3,5,COOLING IN PROGRESS,PCM CAPACITY INSUFFICIENT
28760,479.333333333333,7.98888888888889,35,20.0704602672219,34.9037276738622,1,0,0.120340407672286,797.739222131392,768,0,20,20.6,20,3,5,COOLING IN PROGRESS,PCM CAPACITY INSUFFICIENT
28770,479.5,7.99166666666667,35,20.0704602672219,34.9039098524934,1,0,0.120112684383242,797.739222131392,768,0,20,20.6,20,3,5,COOLING IN PROGRESS,PCM CAPACITY INSUFFICIENT
28780,479.666666666667,7.99444444444444,35,20.0704602672219,34.9040916863833,1,0,0.119885392020924,797.739222131392,768,0,20,20.6,20,3,5,COOLING IN PROGRESS,PCM CAPACITY INSUFFICIENT
28790,479.833333333333,7.99722222222222,35,20.0704602672219,34.9042731761841,1,0,0.119658529769833,797.739222131392,768,0,20,20.6,20,3,5,COOLING IN PROGRESS,PCM CAPACITY INSUFFICIENT
28800,480,8,35,20.0704602672219,34.9044543225471,1,0,0.119432096816112,797.739222131392,768,0,20,20.6,20,3,5,COOLING IN PROGRESS,PCM CAPACITY INSUFFICIENT
